authors,title,journal,publishingYear,doi,topic,abstract,score,Reviewed
"möller, l; vainshtein, y; meyer, b; neidhardt, j; eren, am; sohn, k; rabus, r",rich microbial and depolymerising diversity in antarctic krill gut,microbiology spectrum,2024,10.1128/spectrum.04035-23,autumn,"with almost a quadrillion individuals, the antarctic krill processes five million tons of organic carbon every day during austral summer. this high carbon flux requires a broad range of hydrolytic enzymes to decompose the diverse food-derived biopolymers. while krill itself possesses numerous such enzymes, it is unclear, to what extent the endogenous microbiota contribute to the hydrolytic potential of the gut environment. here we applied amplicon sequencing, shotgun metagenomics, cultivation, and physiological assays to characterize the krill gut microbiota. the broad bacterial diversity (273 families, 919 genera, and 2,309 species) also included a complex potentially anaerobic sub-community. plate-based assays with 198 isolated pure cultures revealed widespread capacities to utilize lipids (e.g., tributyrin), followed by proteins (casein) and to a lesser extent by polysaccharides (e.g., alginate and chitin). while most isolates affiliated with the genera pseudoalteromonas and psychrobacter, also rubritalea spp. (verrucomicrobia) were observed. the krill gut microbiota growing on marine broth agar plates possess 13,012 predicted hydrolyses; 15-fold more than previously predicted from a transcriptome-proteome compendium of krill. cultivation-independent and -dependent approaches indicated members of the families flavobacteriaceae and pseudoalteromonadaceae to dominate the capacities for lipid/protein hydrolysis and to provide a plethora of carbohydrate-active enzymes, sulfatases, and laminarin- or porphyrin-depolymerizing hydrolases. notably, also the potential to hydrolyze plastics such as polyethylene terephthalate and polylactatide was observed, affiliating mostly with moraxellaceae. overall, this study shows extensive microbial diversity in the krill gut, and suggests that the microbiota likely play a significant role in the nutrient acquisition of the krill by enriching its hydrolytic enzyme repertoire.importancethe antarctic krill (euphausia superba) is a keystone species of the antarctic marine food web, connecting the productivity of phyto- and zooplankton with the nutrition of the higher trophic levels. accordingly, krill significantly contributes to biomass turnover, requiring the decomposition of seasonally varying plankton-derived biopolymers. this study highlights the likely role of the krill gut microbiota in this ecosystem function by revealing the great number of diverse hydrolases that microbes contribute to the krill gut environment. the here resolved repertoire of hydrolytic enzymes could contribute to the overall nutritional resilience of krill and to the general organic matter cycling under changing environmental conditions in the antarctic sea water. furthermore, the krill gut microbiome could serve as a valuable resource of cold-adapted hydrolytic enzymes for diverse biotechnological applications. the antarctic krill (euphausia superba) is a keystone species of the antarctic marine food web, connecting the productivity of phyto- and zooplankton with the nutrition of the higher trophic levels. accordingly, krill significantly contributes to biomass turnover, requiring the decomposition of seasonally varying plankton-derived biopolymers. this study highlights the likely role of the krill gut microbiota in this ecosystem function by revealing the great number of diverse hydrolases that microbes contribute to the krill gut environment. the here resolved repertoire of hydrolytic enzymes could contribute to the overall nutritional resilience of krill and to the general organic matter cycling under changing environmental conditions in the antarctic sea water. furthermore, the krill gut microbiome could serve as a valuable resource of cold-adapted hydrolytic enzymes for diverse biotechnological applications.",189,DONE
"hellessey, n; ericson, ja; nichols, pd; kawaguchi, s; nicol, s; hoem, n; virtue, p","regional diet in antarctic krill (euphausia superba) as determined by lipid, fatty acid, and sterol composition",polar biology,2022,10.1007/s00300-022-03054-z,autumn,"antarctic krill (euphausia superba) are a circumpolar species with an omnivorous diet. knowledge of krill diet within different regions will help predict how environmental change may impact local krill populations. krill from the atlantic, indian, and pacific sectors of the southern ocean were compared. the total lipid, lipid class, neutral lipid fraction fatty acid and sterol content and composition of whole krill, their digestive glands, and stomachs during the late-summer were examined. indian sector krill had a distinctly different dietary lipid pattern to atlantic and pacific sector krill based on their fatty acid profiles (p < 0.001). indian sector whole krill had higher phospholipids (55.0 +/- 8.9%, % total lipids) compared to pacific (45.9 +/- 3.6%) and atlantic sector whole krill (43.7 +/- 8.2%) but showed lower phospholipid levels in their digestive glands (29.4 +/- 8.5%, 52.5 +/- 5.7%, 52.5 +/- 5.9%, respectively). indian sector krill had a more copepod and diatomaceous diet (higher levels of 16:1n-7c, 14:0 and 20:1 and 22:1 isomers), with less flagellate input (lower 18:4n-3, 21:5n-3 and 18:3n-6) than other regions. krill from one site in the indian sector had particularly high 22:6n-3 levels. indian sector krill had lower cholesterol levels in their stomachs (52.5 +/- 14.1%, as % total sterols) than pacific and atlantic sector krill stomachs (62.8 +/- 1.9% and 60.9 +/- 4.9%, respectively). this study details the regional differences in late-summer krill diet by assessing the lipid, neutral lipid fraction fatty acid and sterol content and composition of different tissue types.",96,
"yang, qy; reid, k; zhu, gp","biological-physical processes regulate autumn prey availability of spiny icefish chaenodraco wilsoni in the bransfield strait, antarctic",journal of fish biology,2022,10.1111/jfb.15120,autumn,"this study examines the adaptability of a southern ocean predator, which is dependent on antarctic krill (euphausia superba), to potential changes in food availability. muscle fatty acids (fas) of the spiny icefish chaenodraco wilsoni collected from three areas in the bransfield strait (bs), northern antarctic peninsula during february-april 2016 give a good representation of their feeding variability. the compositions of 22:6n3 (dha) and 20:5n3 (epa) were both higher in the transitional zonal water with bellingshausen influence (tbw)-controlled c. wilsoni than in the transitional zonal water with weddell sea influence (tww)-controlled fish. this was positively correlated with photoadaptation and carbon sequestration in tbw-controlled phytoplankton. results for the fas 16:1n7, 16:0, dha and epa indicate the presence of dinoflagellates in all three areas, suggesting that during late summer and early fall, there is a seasonal phytoplankton succession, where small phytoplankton become dominant, in the bs. in addition, the compositions of some long-chain fas (>20, such as 20:0, 20:1, 22:0 and 22:1n9) and n-ary sumation 18 indicated that the food chain based on flagellates and copepods was more apparent in tww-controlled c. wilsoni, especially the effect of el nino-southern oscillation (enso) on the variation of prey communities in tww-controlled areas. fa markers such as sfa/(pufa+mufa), n-ary sumation 15 + n-ary sumation 17 and ara were more pronounced in tww-controlled c. wilsoni, indicating a more strongly carnivorous and benthic food source. in the tbw-tww confluence, the complex hydrological structure, including the presence of a large number of mesoscale eddies, allows rich nutrients and krill larvae to remain in it, providing a rich food source for the c. wilsoni. overall, the fa data of this study show that the diet of c. wilsoni varies in different marine environments, aiding their survivability at the face of climate change.",93,
"zhao, yx; wang, xl; zhang, jc; zhao, xy; ying, yp; zhu, jc; fan, gz; xu, qc; liu, l; mu, xx","seasonal dynamics of an antarctic krill resource hot spot in the bransfield strait, antarctica",marine and coastal fisheries,2025,10.1093/mcfafs/vtaf012,autumn,"objective antarctic krill euphausia superba is an important species in the southern ocean ecosystem. understanding the trends and variability of the krill biomass is critical for understanding the three-way interactions between resources, krill-dependent predators, and fisheries, particularly given the recent concentration of fishing activities in specific areas. the purpose of this study was to enhance our understanding of the seasonal dynamics and potential influence of environmental factors in a krill resource hot spot in the bransfield strait.methods based on acoustic data that were collected by krill fishing vessels during the 2012/2013 to 2021/2022 fishing seasons, this study used statistical bootstrapping to identify a perennial hot spot of krill at the bransfield strait. the data for catch per effort were also analyzed to corroborate the trends that were observed in the acoustic data. additionally, a correlational analysis was conducted to determine the relation between the physical environment and krill density.results the results suggested that krill biomass exhibited seasonal dynamic variation, characterized by substantial monthly increases from austral summer to autumn. the local scale of the krill biomass in the hot spot during autumn could be several times greater than that estimated from acoustic transect surveys for the entire bransifield strait stratum in summer. the data for catch per effort supported the trend of monthly variability. krill were found to be concentrated mainly in sea areas with temperature ranges of -1 degrees c to 1.5 degrees c and flow velocities <0.05 m/s. the position of oceanic fronts and the properties of water masses strongly regulated the seasonal variation in krill density.conclusions the study identified a perennial krill hot spot in the bransfield strait that is characterized by significant seasonal variation in biomass. the findings highlight the importance of specific environmental conditions in regulating krill density and suggest that understanding these dynamics is crucial for managing krill fisheries and protecting krill-dependent predators.",86,
"heyen, s; töpker, v; kopke, b; cakic, n; hueppe, l; meyer, b; wilkes, h","variations of the metabolome in the digestive system of antarctic krill, euphausia superba, between summer and autumn",plos one,2025,10.1371/journal.pone.0327747,autumn,"rapid climate change threatens the relatively pristine environment of the southern ocean. the effects on biogeochemical cycles and their subsequent consequences for the organisms in this area are of significant interest. antarctic krill, euphausia superba, is the dominant species in the antarctic ecosystem and a vital component of the southern ocean food web. its metabolism is influenced by the feeding regime, which is governed by environmental conditions. however, little is yet known about the metabolome of antarctic krill. here, we investigated metabolite classes that can serve as tracers for documenting variations in the metabolic and biochemical status of krill. to this end, we utilised targeted metabolomics to analyse coenzyme a thioesters, amino acids, b vitamins, and respiratory quinones in the digestive system of antarctic krill, sampled during two campaigns in the antarctic summer and autumn. a significant proportion of the detected coenzyme a thioesters were associated with the beta-oxidation of fatty acids and, consequently, with lipid metabolism. propionyl-coa was particularly abundant in samples from the digestive gland, while malonyl- and succinyl-coa were more prevalent in stomach and hindgut samples. 3-hydroxy-3-methylglutaryl-coa, an intermediate in the metabolism of branched amino acids and the biosynthesis of isoprenoids, occurred almost exclusively in the summer samples. analyzing the free amino acids, very high levels of the non-proteinogenic amino acid sarcosine were found, which possibly serves as an osmolyte for the antarctic krill and/or plays a role in its digestive process. among the b vitamins, there were seasonal fluctuations, particularly in b1 and b5. the respiratory quinones exhibited more homogeneous patterns, with uq10:10 as the dominant representative. these seasonal and organ-dependent variations in the composition of the different metabolite classes can serve as a reference point in future studies to better assess the influence of changing conditions in antarctic waters.",72,
"yang, qy; zhu, gp",biochemical tracers in spiny icefish (chaenodraco wilsoni) as indicators of variability in the diet of antarctic krill (euphausia superba) in a highly dynamic environment,journal of marine systems,2024,10.1016/j.jmarsys.2023.103907,autumn,"spiny icefish (chaenodraco wilsoni), a common high-antarctic ichthyofauna icefish, exhibits variable feeding habits in regions around the southern ocean. in the bransfield strait (bs), c. wilsoni has received considerable attention as it preys predominantly on krill. antarctic krill (euphausia superba), the keystone species in the southern ocean, has a versatile feeding strategy, particularly in a highly dynamic environment. the central basin of the bs is a highly dynamic environment, providing an ideal place to explore the application of biochemical tracers in a specialist predator to reveal the diet of its prey. in this study, fatty acid and stable isotopic data demonstrated that the trophic niche of c. wilsoni expanded from late austral summer to early fall, which was primarily reflected in variability in the food availability of krill, i.e., herbivorous features were weakened, benthic-feeding features were strengthened, and omnivorous features showed no significant difference. a highly dynamic hydrography, coupled with an unusual diatom bloom in the bs during 2016, may have resulted in krill's prolonged filtering on diatoms in the water column, which was further reflected in the difference in biochemical tracers of c. wilsoni from late austral summer to early fall. the study demonstrated that biochemical tracers can be used to reflect the variability in the diet of prey, particularly in a highly dynamic environment.",67,
"heyen, s; schneider, v; hüppe, l; meyer, b; wilkes, h","variations of intact phospholipid compositions in the digestive system of antarctic krill, euphausia superba, between summer and autumn",plos one,2023,10.1371/journal.pone.0295677,autumn,"the biochemical composition of antarctic krill, euphausia superba, is largely determined by their feeding behaviour. as they supply energy for animals of a higher trophic level and are also commercialized for human consumption, the interest in research on the species is high. lipids, especially phospholipids, make up a high proportion of dry weight in krill. seasonal changes are well documented in the fingerprint of free fatty acids analysed after hydrolysis of phospholipids, but the underlying intact polar lipids are rarely considered. in this study, we evaluated the compositions of intact phospholipids (ipls) in the stomach, digestive gland and hind gut of antarctic krill caught in summer and autumn at the antarctic peninsula region. using high-resolution mass spectrometry, the fatty acid composition of 179 intact phospholipids could be resolved. most ipls were phosphatidylcholines, followed by phosphatidylethanolamines. several very long chain polyunsaturated fatty acids up to 38:8, which have not been reported in krill before, were identified. the composition shifted to higher molecular weight ipls with a higher degree of unsaturation for summer samples, especially for samples of the digestive gland. the data supplied in this paper provides new insights into lipid dynamics between summer and autumn usually described by free fatty acid biomarkers.",65,
"chen, z; chen, xz; zhu, gp",ecological niche and habitat use of antarctic krill (euphausia superba) and the pelagic tunicate (salpa thompsoni) under future climate change: further overlap or separation?,biodiversity and conservation,2025,10.1007/s10531-025-03042-9,autumn,"antarctic krill (euphausia superba) and salps (salpa thompsoni) are vital and important macrozooplankton grazers in the southern ocean ecosystem. however, the impact of climate change on their habitats remains unclear, particularly regarding the potential spatial displacement of krill habitats due to the southward expansion of salps. understanding the interactions between these two key species in the southern ocean ecosystem is therefore crucial. this study used ecological niche modeling to predict the austral summer and autumn habitat distribution and ecological niches of krill and salps during the period (1996-2015) and under future scenarios (2050s and 2100s). the results showed that krill are mainly distributed in shelf regions, while salps are more prevalent in open ocean areas farther north compared to krill, such as the lazarev sea. additionally, some overlap in their distributions is observed in the western antarctic peninsula, the kerguelen islands and the ross sea. under future scenarios, both krill and salps are projected to experience a reduction in their high-potential habitats, with decreasing spatial and ecological overlap. this study emphasizes the significance of krill and salps interactions in the southern ocean ecosystem. the findings provide valuable information for the conservation and management of the southern ocean ecosystem.",64,
"primpke, s; meyer, b; falcou-préfol, m; schütte, w; gerdts, g","at second glance: the importance of strict quality control - a case study on microplastic in the southern ocean key species antarctic krill, euphausia superba",science of the total environment,2024,10.1016/j.scitotenv.2024.170618,autumn,"the stomach content of 60 krill specimens from the southern ocean were analyzed for the presence of microplastic (mp), by testing different sample volumes, extraction approaches, and applying hyperspectral imaging fourier-transform infrared spectroscopy (mu ftir). strict quality control was applied on the generated results. a high load of residual materials in pooled samples hampered the analysis and avoided a reliable determination of putative mp particles. individual krill stomachs displayed reliable results, however, only after re -treating the samples with hydrogen peroxide. before this treatment, lipid rich residues of krill resulted in false assignments of polymer categories and hence, false high mp particle numbers. finally, mp was identified in 4 stomachs out of 60, with only one mp particle per stomach. our study highlights the importance of strict quality control to verify results before coming to a final decision on mp contamination in the environment to aid the establishment of suitable internationally standardized protocols for sampling and analysis of mp in organisms including their habitats in southern ocean and worldwide.",62,
"bahlburg, d; menze, s; krafft, ba; lowther, ad; meyer, b",mapping encounters between antarctic krill fishing vessels and air-breathing krill predators using acoustic data from the fishery,proceedings of the national academy of sciences of the united states of,2025,10.1073/pnas.2417203122,autumn,"antarctic krill is a keystone species in the antarctic marine ecosystem and the target of a growing fishery. given the ecological importance of krill, concerns have been raised about potential negative impacts of fishing on the southern ocean ecosystem. resource-efficient approaches to fisheries monitoring are particularly valuable in this context due to the high costs associated with data collection in antarctica. in this study, we trained a segmentation model (u-net) to extract dives of air-breathing krill predators from more than 30,000 h of active acoustic data collected by three krill fishing vessels over six years. we were able to characterize the temporal and spatial dynamics of predator-vessel co-occurrences, which aligned well with the findings from more costly tracking studies. for example, we found that encounters with whales consistently peaked in autumn around the antarctic peninsula, when whales are building up fat reserves for their migration to breeding grounds. we also demonstrated that protection measures, introduced to protect breeding penguins at the antarctic peninsula, have simply shifted penguin-vessel encounters to the south orkney islands, where the affected colonies are not currently monitored. our approach, results, and application example demonstrate how acoustic data from fishing vessels can provide important information to support fisheries management. as a by-product of fishing operations, these data are costeffective, offering unique temporal and spatial coverage and providing a useful basis for rapid, low-level assessments of the fishery's interaction with the wider ecosystem. this is particularly important given the unpredictable dynamics of krill fishery management decision-making.",62,
"möller, l; vainstein, y; wöhlbrand, l; dörries, m; meyer, b; sohn, k; rabus, r",transcriptome-proteome compendium of the antarctic krill (euphausia superba): metabolic potential and repertoire of hydrolytic enzymes,proteomics,2022,10.1002/pmic.202100404,autumn,"the antarctic krill (euphausia superba dana) is a keystone species in the southern ocean that uses an arsenal of hydrolases for biomacromolecule decomposition to effectively digest its omnivorous diet. the present study builds on a hybrid-assembled transcriptome (13,671 orfs) combined with comprehensive proteome profiling. the analysis of individual krill compartments allowed detection of significantly more different proteins compared to that of the entire animal (1464 vs. 294 proteins). the nearby krill sampling stations in the bransfield strait (antarctic peninsula) yielded rather uniform proteome datasets. proteins related to energy production and lipid degradation were particularly abundant in the abdomen, agreeing with the high energy demand of muscle tissue. a total of 378 different biomacromolecule hydrolysing enzymes were detected, including 250 proteases, 99 cazymes, 14 nucleases and 15 lipases. the large repertoire in proteases is in accord with the protein-rich diet affiliated with e. superba's omnivorous lifestyle and complex biology. the richness in chitin-degrading enzymes allows not only digestion of zooplankton diet, but also the utilisation of the discharged exoskeleton after moulting.",55,
"johannessen, ed; krafft, ba; donovan, cr; wiff, r; caneco, b; lowther, a",sensitivity of the stock assessment for the antarctic krill fishery to time-varying natural and fishing mortality,fisheries management and ecology,2024,10.1111/fme.12721,autumn,"the stock assessment model for the antarctic krill fishery is a population model operating on daily timesteps, which permits modeling within-year patterns of some population dynamics. we explored the effects of including within-year patterns in natural and fishing mortality on catch limits of krill, by incorporating temporal presence of key predator species and contemporary temporal trends of the fishing fleet. we found that inclusion of within-year variation in natural and fishing mortalities increased catch limits. fishing mortality had a greater effect than natural mortality despite differences in top-down predation on krill, and potentially increased catch limits by 24% compared to the baseline model. additionally, the stock assessment model allowed a higher catch limit when fishing was during peak summer months than autumn. number of days with active fishing was negatively related to precautionary catch limits. future stock assessments should incorporate contemporary spatiotemporal fishing trends and consider implementing additional ecosystem components into the model.",55,
"xue, f; zhu, gp",shifts in food composition of antarctic krill (euphausia superba) enhance coexistence with the pelagic tunicate (salpa thompsoni),marine biology,2024,10.1007/s00227-024-04553-9,autumn,"antarctic krill (euphausia superba) is a keystone species in the antarctic marine ecosystem. the pelagic tunicate (salpa thompsoni) interacts with krill in diverse aspects, which imposes krill distribution and even survival, especially under the context of changing climate. understanding the diet of both species during autumn-a season with shifting food composition and availability-is critically understudied. therefore, this study aims to investigate the diet composition and trophic ecological niches of krill and salps in the bransfield strait during autumn in 2022 using stomach content, fatty acid (fa), and stable isotope analyses. stomach content analysis revealed that krill primarily consumed copepods, while salps primarily consumed diatoms. fa analysis confirmed significant differences between the fa markers of diatoms and copepods for each species, aligning with stomach content analyses. stable isotope analysis also indicated low overlap of trophic niches. by consuming more copepods, krill may reduce direct dietary competition with the less prevalent salps during autumn. although the feeding strategy (active or passive) exerted by krill is warranted to further investigate, the differentiated feeding pattern occupied by two species promotes their coexistence.",52,
"manno, c; corsi, i; rowlands, e; bergami, e",plastics counteract the ability of antarctic krill to promote the blue carbon pathway in the deep ocean,marine pollution bulletin,2024,10.1016/j.marpolbul.2024.117238,autumn,"the antarctic krill (euphausia superba) play a critical role in promoting the so-called ""blue carbon pathway"" by producing a large amount of fast-sinking faecal pellets (fps) which facilitate the transport of co2 through the water column. here we assess how exposure to negatively (ps-cooh) and positively (ps-nh2) charged polystyrene nanoparticles, impacts degradation of krill fps (i.e. change in peritrophic membrane state, carbon concentration and carbon/nitrogen ratio). our findings suggest that exposure of nanoplastics, particularly negatively charged particles, increases krill fp degradation. this can result in a potential loss of fp-sequestrated c of up to 27 %, equivalent to up 5.5 mt. c per productive season (spring-early autumn). this study provides new insights into how increasing levels of plastic pollution could affect the natural capital provided by krill fps. the effect of this emerging anthropogenic contaminant should be considered by international policies focused on climate change mitigation and adaptation.",51,
"chen, z; liu, h; zhu, gp",the effects of environmental variables on hotspots of antarctic krill (euphausia superba) in the bransfield strait during autumn,polar science,2023,10.1016/j.polar.2023.100948,autumn,"antarctic krill (euphausia superba), a typical aggregation species, is the keystone species in the antarctic ecosystem and supports an important fishery in the southern ocean. the unique topographic conditions of this region provide an important habitat for krill, and it has therefore become a critical krill fishing ground. to investigate the factors affecting krill hotspot patterns in the central basin of the bransfield strait in autumn 2021, an area with a high level of krill biomass and a persistent fishing ground, we used getis-ord gi* approach to perform a hotspot analysis of the spatial and temporal variability of krill distribution. from this analysis we examined the relationship between krill distribution in hotspot and coldspot areas and environment variables such as geospatial features and eddy kinetic energy. we found that environmental variables generally showed opposing trends for krill distribution at hot-and coldspot areas. moreover, geospatial features, including the distance to 200m and 1000m isobaths and depth, may be the dominant factor determining krill habitat char-acteristics, and moderate levels of eddy kinetic energy were conducive to krill aggregation.",49,
"cavan, el; mackay, n; hill, sl; atkinson, a; belcher, a; visser, a",antarctic krill sequester similar amounts of carbon to key coastal blue carbon habitats,nature communications,2024,10.1038/s41467-024-52135-6,autumn,"the carbon sequestration potential of open-ocean pelagic ecosystems is vastly under-reported compared to coastal vegetation 'blue carbon' systems. here we show that just a single pelagic harvested species, antarctic krill, sequesters a similar amount of carbon through its sinking faecal pellets as marshes, mangroves and seagrass. due to their massive population biomass, fast-sinking faecal pellets and the modest depths that pellets need to reach to achieve sequestration (mean is 381 m), antarctic krill faecal pellets sequester 20 mtc per productive season (spring to early autumn). this is equates usd$ 4 - 46 billion depending on the price of carbon, with krill pellet carbon stored for at least 100 years and with some reaching as far as the north pacific. antarctic krill are being impacted by rapid polar climate change and an expanding fishery, thus krill populations and their habitat warrant protection to preserve this valuable carbon sink. antarctic krill are important facilitators of carbon sequestration, transferring as much carbon to the deep ocean through their faeces as is stored in seagrass beds and mangrove forests.",49,
"xue, m; zhu, gp",autumn trophic niche partitioning reduces interspecific competition between co-existing antarctic krill (euphausia superba) and hyperiid amphipod (themisto gaudichaudii),marine biology,2025,10.1007/s00227-025-04655-y,autumn,"as key species in antarctic and sub-antarctic ecosystems, antarctic krill (euphausia superba) and hyperiid amphipod (themisto gaudichaudii) overlaps in distribution, and the overlapping level may further increase with global climate change, resulting in competitive feeding pressures between them. combining fatty acid and stomach content microscopy, we investigated the autumn food composition and ecological niche of e. superba and t. gaudichaudii across the shelf, shelf slope, and oceanic region along the northern south orkney islands. the results suggested partial overlap in food resources of e. superba and t. gaudichaudii, yet their trophic niches were largely distinct. euphausia superba was omnivorous detritus-preferring consumers, and the flexible feeding strategy helped to expand their trophic niche width. adult t. gaudichaudii was carnivorous predator-preferred consumer, capable of consuming prey from different trophic levels. variations in surface chlorophyll-a concentration and predation pressure drove e. superba to migrate to the seafloor of the shelf area for increased benthic feeding, or stay in the diatom-rich upper layers of the oceanic region. the utilization of distinct food resources facilitated trophic niche partitioning between the two species in autumn. the pelagic or benthic feeding preferences of e. superba and their degree of food competition with t. gaudichaudii appeared to be strongly correlated with surface chlorophyll-a level.",47,
"de felice, a; manini, e; biagiotti, i; leonori, i",bioenergetics of euphausia superba and euphausia crystallorophias in the ross sea,diversity-basel,2023,10.3390/d15040480,autumn,"krill species are key organisms in the antarctic food web. biochemical composition in terms of lipids, proteins, carbohydrates, and fatty acids and its implications for spatial distribution were investigated in specimens of euphausia superba and euphausia crystallorophias collected in the ross sea and the adjacent pacific region during an acoustic survey carried out within the framework of the 19th italian national program for research in antarctica (pnra) expedition, to gain insights into their trophic relationships and bioenergetic strategies. in both species, the body biochemical composition (wet) showed a predominance of proteins (62-86%), followed by lipids and carbohydrates, and, among identified lipid classes, the two species did not seem to differ much in fatty acid composition. results showed the highest dissimilarity in biochemical composition between species relative to differences in latitude (24%) and to inshore/offshore haul (22%). fatty acid analysis, and particularly pufa/sfa and 18pufa/16pufa ratios, allowed identification of a more pronounced omnivorous kind of diet in e. crystallorophias relative to e. superba.",35,
"rowlands, e; galloway, t; cole, m; lewis, c; hacker, c; peck, vl; thorpe, s; blackbird, s; wolff, ga; manno, c",scoping intergenerational effects of nanoplastic on the lipid reserves of antarctic krill embryos,aquatic toxicology,2023,10.1016/j.aquatox.2023.106591,development,"antarctic krill (euphausia superba) plays a central role in the antarctic marine food web and biogeochemical cycles and has been identified as a species that is potentially vulnerable to plastic pollution. while plastic pollution has been acknowledged as a potential threat to southern ocean marine ecosystems, the effect of nanoplastics (<1000 nm) is poorly understood. deleterious impacts of nanoplastic are predicted to be higher than that of larger plastics, due to their small size which enables their permeation of cell membranes and potentially provokes toxicity. here, we investigated the intergenerational impact of exposing antarctic krill to nanoplastics. we focused on whether embryonic energy resources were affected when gravid female krill were exposed to nanoplastic by determining lipid and fatty acid compositions of embryos produced in incubation. embryos were collected from females who had spawned under three different exposure treatments (control, nanoplastic, nanoplastic + algae). embryos collected from each maternal treatment were incubated for a further 6 days under three nanoplastic exposure treatments (control, low concentration nanoplastic, and high concentration nanoplastic). nanoplastic additions to seawater did not impact lipid metabolism (total lipid or fatty acid composition) across the maternal or direct embryo treatments, and no interactive effects were observed. the provision of a food source during maternal exposure to nanoplastic had a positive effect on key fatty acids identified as important during embryogenesis, including higher total polyunsaturated fatty acids (pufa), eicosapentaenoic acid (epa) and docosahexaenoic acid (dha) when compared to the control and nanoplastic treatments. whilst the short exposure time was ample for lipids from maternally digested algae to be incorporated into embryos, we discuss why the nanoplastic-fatty acid relationship may be more complex. our study is the first to scope intergeneration effects of nanoplastic on antarctic krill lipid and fatty acid reserves. from this, we suggest directions for future research including long term exposures, multi-stressor scenarios and exploring other critical energy reserves such as proteins.",101,
"tan, yy; bai, y",antarctic krill habitat suitability variation in the southern ocean over 20 years,frontiers in marine science,2025,10.3389/fmars.2025.1513013,overwintering,"antarctic krill (euphausia superba) is a key species that sustains the biodiversity of the southern ocean and is a protected and restricted fishing target in this region. considering the significant impacts of climate change on the ecological environment of the southern ocean, it is critical to understand the long-term spatio-temporal habitat distribution of antarctic krill. this study integrates remote sensing and reanalysis data with antarctic krill survey records to evaluate krill habitat suitability in the southern ocean. a novel habitat suitability model was developed using phytoplankton phenology and sea ice dynamics as key timing parameters, employing the categorical boosting (catboost) algorithm. this is the first time interannual variation in krill habitat distribution, spanning over 20 years (1997-2019), has been analyzed in relation to environmental parameters. results show that the ice-free period in the amundsen sea has extended annually, while phytoplankton blooms have occurred earlier, lasted longer, and exhibited increasing chlorophyll a concentration (chl), particularly in coastal regions. additionally, the catboost model outperformed traditional species distribution models (sdms) in handling large-scale presence-absence data (gcv = 0.16), demonstrating that bloom peak chl and sea ice retreat timing are more effective indicators of krill habitat suitability than single-time environmental parameters. based on long-term changes in highly suitable habitat areas for antarctic krill and synchronized trends with the southern annular mode (sam) index, the overall area of suitable habitat for antarctic krill in the prydz sector has declined, likely linked to surface cooling caused by climate change. in contrast, the coastal region of the atlantic sector, particularly the western antarctic peninsula, a rapid warming area, has experienced an increase in krill habitat suitability. however, habitat suitability in the weddell sea has shown a marked decrease. although climate change has produced mixed effects on krill habitats due to the varying responses of krill different life stages to environmental parameters, this study overall highlights a degradation of krill habitat in the southern ocean over the past two decades. these findings provide new insights into antarctic krill habitat modeling and offer a long-term perspective on the climate change impacts, emphasizing the need for future under-ice investigations.",112,
"bernard, ks; steinke, kb; fontana, jm","winter condition, physiology, and growth potential of juvenile antarctic krill",frontiers in marine science,2022,10.3389/fmars.2022.990853,overwintering,"in recent years, substantial efforts have been made to understand the implications of climate change on antarctic krill, euphausia superba, because of their pivotal role in the southern ocean food web and in biogeochemical cycling. winter is one of the least studied seasons in antarctica and we have limited understanding about the strategies antarctic krill use to survive the winter. in particular, data on the winter physiology and condition of juvenile antarctic krill are severely lacking. from may to september (the austral autumn-winter) of 2019, we maintained juvenile antarctic krill in large (1,330 l) aquarium tanks at palmer station, antarctica and, at monthly time intervals, measured their physiology and condition. each tank served as a ""food environment scenario"", representing possible food environments the krill may encounter during winter along the western antarctic peninsula. we found that, unlike adults, juvenile krill maintain relatively high respiration rates through the winter and respond positively to increased food concentrations by increasing their ingestion rates. unlike larval krill, juveniles use lipid stores accumulated during the summer and autumn to sustain themselves through periods of starvation in the winter. we used our empirically derived measurements of physiology and condition to estimate the energy budget and growth potential of juvenile krill during the winter. we found that, given their comparatively high respiration rates, small juvenile krill (20 mg dry weight) would need to encounter food at concentrations of similar to 0.15 mg c l-1 daily to avoid loss of body carbon. without sufficient lipid reserves, this value increases to similar to 0.54 mg c l-1, daily. the health of juvenile krill in the wintertime is dependent on their ability to accumulate lipid stores in the summer and autumn and to find sufficient food during the winter. changes in food availability to antarctic krill throughout the year may become problematic to juvenile krill in the future. understanding the variability in the winter energy budget of juvenile antarctic krill will allow us to improve population models that make assumptions on seasonal growth patterns.",107,
"kawaguchi, s; atkinson, a; bahlburg, d; bernard, ks; cavan, el; cox, mj; hill, sl; meyer, b; veytia, d",climate change impacts on antarctic krill behaviour and population dynamics,nature reviews earth & environment,2024,10.1038/s43017-023-00504-y,overwintering,"krill habitats in the southern ocean are impacted by changing climate conditions, reduced sea ice and rising temperatures. these changes, in turn, affect krill occurrence, physiology and behaviour, which could have ecosystem impacts. in this review, we examine climate change impacts on antarctic krill and the potential implications for the southern ocean ecosystem. since the 1970s, there have been apparent reductions in adult population density and the occurrence of very dense swarms in the northern southwest atlantic. these changes were associated with latitudinal and longitudinal rearrangement of population distribution - including a poleward contraction in the southwest atlantic - and were likely driven by ocean warming, sea-ice reductions and changes in the quality of larval habitats. as swarms are targeted by fishers and predators, this contraction could increase fishery-predator interactions, potentially exacerbating risk to already declining penguin populations and recovering whale populations. these risks require urgent mitigation measures to be developed. a circumpolar monitoring network using emerging technologies is needed to augment existing surveys and better record the shifts in krill distribution. krill are food sources for megafauna, are drivers of carbon export and are being impacted by sea-ice declines and changing climate conditions. this review examines changes in krill populations, habitats and behaviour in the southern ocean, and discusses their potential drivers and implications for fishery management in the future. the massive abundance and swarming behaviour of antarctic krill makes them the primary prey for numerous antarctic megafauna and important mediators of biogeochemical cycling in the southern ocean, particularly in processes that enhance carbon sequestration.analyses of an existing dataset collectively support southward habitat contraction in the southwest atlantic sector, likely due to ocean warming and hence changing sea-ice dynamics, including the reduction of sea ice.changes in habitat conditions affect krill physiology, which in turn could be accompanied by changes in their behaviour, such as changes in distribution and swarm size and frequency.reduction in krill biomass is potentially associated with a reduction in the number of swarms. such changes will have implications for predator-prey relationships and interactions with the fishery.an overall reduction in krill biomass and abundance could decrease the contribution of krill to the biological carbon pump in the region, with fewer faecal pellets, carcasses and moults sinking to the deep ocean, thereby reducing this important route of carbon sequestration.future studies must aim for deeper understanding of the energy budget in krill as it pertains to their swarming behaviour, and should deepen our understanding of climate change impacts on the pelagic lifestyle of krill.",102,
"zhong, cy; chen, p; zhang, zh; xie, cs; zhang, sq; sun, m; wu, dc",the use of spaceborne lidar to map antarctic krill distributions and biomass in the southern ocean,frontiers in marine science,2024,10.3389/fmars.2024.1287229,overwintering,"the antarctic krill is a pivotal species in the southern ocean ecosystem, primarily due to its extraordinary nutritional content and plentiful resources. studying the distribution of these resources and their environmental impact factors is crucial for the successful development of antarctic krill fisheries. traditional methodologies such as acoustic measurements, however, often face limitations in their capacity to provide a comprehensive and uninterrupted assessment. moreover, the six-month duration of polar nights in polar regions presents significant challenges for traditional satellite observations. in this context, lidar, an active remote sensing observation method, offers a promising alternative. known for their high resolution, flexibility, and efficiency, lidar systems can obtain detailed information on diurnal ocean parameters in polar regions on a vast scale and in a systematic way. our study utilizes the spaceborne lidar system, calipso, to successfully attain continuous antarctic krill cpue over the past decade, using various models such as the generalized linear model (glm), artificial neural network (ann), and support vector machine (svm). a comparative analysis of the prediction results reveals that while both ann and svm models outperform the glm, the svm's prediction capabilities are somewhat unstable. our findings reveal calipso's potential in overcoming challenges associated with traditional satellite observations during polar winters. in addition, we found no obvious pattern of interannual variation in krill cpue, with high values predominantly occurring from february to may. this suggests that krill is mainly located around the south shetland islands during january-april, before moving offshore towards south georgia in may-june. a substantial krill aggregation community is found in the south atlantic waters, indicating high potential for krill fishing. the optimum mix layer depth range for high krill cpue is 270-390 m, with a chlorophyll concentration of approximately 0.1 mg m-3. the optimum sea surface temperature range is between -1.4-5.5 degrees c, and the sea ice coverage range is approximately 0-0.1x106 km2. the predicted antarctic krill bioresource has risen from 2.4x108 tons in 2011 to 2.8x108 tons in 2020. this increase in krill biomass aligns with the biomass of krill assessed by ccamlr.",102,
"zhu, gp; liu, jh",total mercury accumulation in antarctic krill (euphausia superba) in the northern antarctic peninsula during late autumn to early winter,environmental research,2025,10.1016/j.envres.2025.121651,overwintering,"antarctic krill (euphausia superba) is a key species in the antarctic marine ecosystem and also the largest fishery in terms of catch in the southern ocean. bransfield strait on the northern antarctic peninsula is a key fishing ground. mercury is a globally recognized toxic element that can affect pelagic organisms through bioaccumulation and biomagnification. understanding mercury dynamics in krill is crucial for understanding its impacts on antarctic food webs and potential impacts on the uses of krill in the human food chain. however, the factors influencing hg accumulation in krill remain unclear, especially in the autumn when there is a transition from an environment of abundant food to a period of lower abundance in winter. we therefore investigated the total mercury (thg) accumulation in krill using randomly collected samples (n = 60) from the krill fishery in the bransfield strait from 14 may to june 15, 2023. we further explored the potential drivers influencing thg accumulation in krill. the results indicated that thg levels in male krill (46.7 f 10.8 ng g-1) are comparable to those in females (40.0 f 7.8 ng g-1), and that krill thg levels in may (47.1 f 11.5 ng g-1) are significantly higher than in june (41.3 f 8.2 ng g-1), indicating seasonal variation in krill thg levels. moreover, the thg concentration of krill showed a significant positive correlation with krill size, regardless of sex or month. krill size and sex, slope, water mass at 100 m, and sea ice dynamics all affected thg accumulation. briefly, the thg level decreased with the increases in seafloor slope, and krill accumulated higher level of thg in the open water compared to ice-covered regions, highlighting the importance of seafloor slope and sea ice dynamics in thg dynamics in krill.",95,
"march, d; drago, m; gazo, m; parga, m; rita, d; cardona, l",winter distribution of juvenile and sub-adult male antarctic fur seals (arctocephalus gazella) along the western antarctic peninsula,scientific reports,2021,10.1038/s41598-021-01700-w,overwintering,"detailed knowledge of habitat use by marine megafauna is critical to understand their ecological roles and for the adequate management of marine resources. antarctic fur seals (arctocephalus gazella) inhabiting the atlantic sector of the southern ocean prey largely on antarctic krill (euphausia superba) and play a central role in managing the krill fishery. here, we assessed the demographic structure of three post-mating, early moult male haul-outs in the south shetland islands in early march and calculated the relative contribution of juveniles (1-4 years old) and sub-adult males (5-6 years) to the population remaining in maritime antarctica after the breeding season. we also satellite tagged 11 juvenile males and four sub-adult males to analyze their movements and develop a species distribution model including both age classes. our results highlighted the dominance of young individuals in the male population, revealed that they do not behave as central place foragers and identified key environmental drivers that affected their distribution at-sea throughout winter. predicted potential foraging habitat overlapped highly with the known distribution of antarctic krill, and identified the waters off the western antarctic peninsula and the scotia sea as the core of the distribution area of juvenile and sub-adult male antarctic fur seals in winter. this pattern is similar to that of adult males but totally different from that of adult females, as the latter overwinter in areas at latitude 45-55 degrees s. this segregation has implications for the ecology and management of the krill fishery.",89,
"young, ef; thorpe, se; renner, ahh; murphy, ej",environmental and behavioural drivers of antarctic krill distribution at the south orkney islands: a regional perspective,journal of marine systems,2024,10.1016/j.jmarsys.2023.103920,overwintering,"antarctic krill (euphausia superba) is a key species in the marine ecosystem of the southern ocean, but is also the target of a commercial fishery, with an important fishing ground in the south orkney islands region. the potential for competition for krill between predators and the fishery requires risk management strategies for the fishery, underpinned by an understanding of the key physical and behavioural drivers of krill movement and retention in target areas. here, we present the results of a regional modelling study, combining a high-resolution ocean-sea ice model and an individual-based model parameterised for krill, to elucidate the roles of oceanographic variability and krill behaviour on patterns of transport and retention on and around the south orkney plateau. simulations suggest that oceanic transport from sources around the antarctic peninsula is restricted by the northward flowing antarctic slope current. around the south orkney plateau, anticyclonic flows associated with the weddell front and the shelf edge transport krill rapidly towards the main fishing grounds to the northwest of the plateau. transport onto the shelf and subsequent retention are influenced by the strength and direction of regional winds; weaker on-shelf transport and shorter retention times are associated with stronger westerly and northerly winds. the incorporation of sea-ice associated behaviour, whereby krill are moved with sea ice when sea ice is present, significantly modifies the patterns from purely oceanic transport; it reduces the influence of strong regional oceanic flows and increases transport of krill to the south orkneys region from the antarctic peninsula. the inclusion of diel vertical migration also modifies predicted patterns from oceanic transport, but to a lesser extent, and moderates the impact of including sea-ice associated behaviour. we highlight the importance of understanding the behaviour of krill, including age-dependent behavioural changes in response to sea ice conditions, for modelling and management of antarctic krill populations.",80,
"owen, ka; goggins, m; black, a; ashburner, j; wilson, a; hollyman, pr; trathan, pn; waluda, cm; collins, ma","at-sea distribution of marine predators around south georgia during austral winter, with implications for fisheries management",polar biology,2024,10.1007/s00300-024-03257-6,overwintering,"the sub-antarctic island of south georgia is surrounded by highly productive waters, supporting dense aggregations of antarctic krill (euphausia superba), a vital food source for globally important seabird and marine mammal populations. these waters also support a commercial fishery for antarctic krill. regular monitoring of key krill predator species is undertaken at south georgia to detect any changes in the ecosystem in response to harvesting activities. this monitoring provides essential data but is focused on land-breeding animals during the austral summer, whilst the krill fishery operates exclusively in winter. here, we report the results of at-sea surveys to investigate abundance and distribution of krill-dependent predators from winter 2010 and 2011, which represented a ""poor"" krill year and ""good"" krill year, respectively. correspondingly in 2011 higher numbers of krill predators were observed; notably antarctic fur seals (arctocephalus gazella) across the northern shelf. spatial overlap between fur seals and the krill fishery occurred mainly within the krill fishery hotspot to the north-east, highlighting the potential for locally high levels of competition. cetaceans were observed during both survey years, but in low numbers compared to recent studies. gentoo penguins (pygoscelis papua) were the most frequently observed penguin species, showing an inshore distribution and almost no overlap with the krill fishery. diving-petrels (pelecanoides spp.) were the most abundant flying seabirds, observed across all transects, with particularly high densities to the south in early winter 2010. in conclusion, this survey provides valuable baseline data on the distribution of south georgia's predators during the winter months.",79,
"swadling, km; constable, aj; fraser, ad; massom, ra; borup, md; ghigliotti, l; granata, a; guglielmo, l; johnston, nm; kawaguchi, s; kennedy, f; kiko, r; koubbi, p; makabe, r; martin, a; mcminn, a; moteki, m; pakhomov, ea; peeken, i; reimer, j; reid, p; ryan, kg; vacchi, m; virtue, p; weldrick, ck; wongpan, p; wotherspoon, sj",biological responses to change in antarctic sea ice habitats,frontiers in ecology and evolution,2023,10.3389/fevo.2022.1073823,overwintering,"sea ice is a key habitat in the high latitude southern ocean and is predicted to change in its extent, thickness and duration in coming decades. the sea-ice cover is instrumental in mediating ocean-atmosphere exchanges and provides an important substrate for organisms from microbes and algae to predators. antarctic krill, euphausia superba, is reliant on sea ice during key phases of its life cycle, particularly during the larval stages, for food and refuge from their predators, while other small grazers, including copepods and amphipods, either live in the brine channel system or find food and shelter at the ice-water interface and in gaps between rafted ice blocks. fish, such as the antarctic silverfish pleuragramma antarcticum, use platelet ice (loosely-formed frazil crystals) as an essential hatching and nursery ground. in this paper, we apply the framework of the marine ecosystem assessment for the southern ocean (measo) to review current knowledge about relationships between sea ice and associated primary production and secondary consumers, their status and the drivers of sea-ice change in this ocean. we then use qualitative network modelling to explore possible responses of lower trophic level sea-ice biota to different perturbations, including warming air and ocean temperatures, increased storminess and reduced annual sea-ice duration. this modelling shows that pelagic algae, copepods, krill and fish are likely to decrease in response to warming temperatures and reduced sea-ice duration, while salp populations will likely increase under conditions of reduced sea-ice duration and increased number of days of >0 degrees c. differences in responses to these pressures between the five measo sectors were also explored. greater impacts of environmental pressures on ice-related biota occurring presently were found for the west and east pacific sectors (notably the ross sea and western antarctic peninsula), with likely flow-on effects to the wider ecosystem. all sectors are expected to be impacted over coming decades. finally, we highlight priorities for future sea ice biological research to address knowledge gaps in this field.",78,
"freer, jj; warwick-evans, v; skaret, g; krafft, ba; fielding, s; trathan, pn","a new dynamic distribution model for antarctic krill reveals interactions with their environment, predators, and the commercial fishery in the south scotia sea region",limnology and oceanography,2025,10.1002/lno.12809,overwintering,"the management strategy for the antarctic krill (euphausia superba) fishery is being revised. a key aim is to spatially and temporally allocate catches in a manner that minimizes impacts to both the krill stock and dependent predators. this process requires spatial information on the distribution and abundance of krill, yet gaps exist for an important fishing area surrounding the south orkney islands in the south scotia sea. to fill this need, we create a dynamic distribution model for krill in this region. we used data from a spatially and temporally consistent acoustic survey (2011-2020) and year-specific environmental covariates within a two-part hurdle model. the model successfully captured observed spatial and temporal patterns in krill density. the covariates found to be most important included distance from shelf break, distance from summer sea ice extent, and salinity. the northern and eastern shelf edges of the south orkney islands were areas of consistently high krill density and displayed strong spatial overlap between intense fishing activity and foraging chinstrap penguins. high mean krill density was also linked to oceanographic features located within the weddell sea. our data suggest that years in which these features were closer to the south orkney shelf were also years of positive southern annular mode and higher observed krill densities. our findings highlight existing fishery-predator-prey overlap in the region and support the hypothesis that weddell sea oceanography may play a role in transporting krill into this region. these results will feed into the next phase of krill fisheries management assessment.",75,
"czapanskiy, mf; santora, ja; dietrich, ks; cimino, ma; hazen, el; reiss, cs; veit, rr",sea-ice and macrozooplankton distribution as determinants of top predator community structure in antarctic winter,marine ecology progress series,2024,10.3354/meps14609,overwintering,"the antarctic peninsula marine ecosystem is highly productive, with large populations of commercially and ecologically important species including antarctic krill euphausia superba, ad & eacute;lie penguins pygoscelis adeliae, and crabeater seals lobodon carcinophagus. the ecology of the peninsula is rapidly changing due to accelerating climate change and fishing pressure. systematic ecosystem surveys have focused on austral spring and summer, leaving an information gap on winter ecosystem dynamics. using data from 5 consecutive ecosystem surveys, we quantified the composition and distribution of winter predator communities and investigated the physical and biological influences on community structure. seabirds and marine mammals clustered into 3 communities: an ice-associated community represented by ad & eacute;lie penguins and crabeater seals; a diverse marginal ice zone community dominated by fur seals and several species of seabirds including 3 petrels, kelp gulls larus dominicanus, and antarctic terns sterna vittata; and an open water community consisting of southern fulmars fulmarus glacialoides and 4 species of petrels. these communities were distributed along an environmental gradient ranging from ice-covered, cold, saline water to ice-free, warmer, and fresher water with greater chlorophyll concentrations. predator communities were also associated with different communities of macrozooplankton: ice-associated predators with an extremely diverse assemblage of typically mesopelagic zooplankton; marginal ice zone predators with a community of large-bodied euphausiids (e. superba, e. crystallorophias); and open water predators with a community of small-bodied euphausiids (thysanoessa macrura). our synthesis of integrated winter predator and macrozooplankton communities relative to sea-ice concentration provides reference points for future ecosystem assessments within this rapidly changing region.",71,
"warwick-evans, v; fielding, s; reiss, cs; watters, gm; trathan, pn",estimating the average distribution of antarctic krill euphausia superba at the northern antarctic peninsula during austral summer and winter,polar biology,2022,10.1007/s00300-022-03039-y,overwintering,"this study was performed to aid the management of the fishery for antarctic krill euphausia superba. krill are an important component of the antarctic marine ecosystem, providing a key food source for many marine predators. additionally, krill are the target of the largest commercial fishery in the southern ocean, for which annual catches have been increasing and concentrating in recent years. the krill fishery is managed by the commission for the conservation of antarctic marine living resources (ccamlr), which has endorsed a new management framework that requires information about the spatial distribution and biomass of krill. here, we use krill density estimates from acoustic surveys and a gamm framework to model habitat properties associated with high krill biomass during summer and winter in the northern antarctic peninsula region, an area important to the commercial fishery. our models show elevated krill density associated with the shelf break, increased sea surface temperature, moderate chlorophyll-a concentration and increased salinity. during winter, our models show associations with shallow waters (< 1500 m) with low sea-ice concentration, medium sea-level anomaly and medium current speed. our models predict temporal averages of the distribution and density of krill, which can be used to aid ccamlr's revised ecosystem approach to fisheries management. our models have the potential to help in the spatial and temporal design of future acoustic surveys that would preclude the need for modelled extrapolations. we highlight that the ecosystem approach to fisheries management of krill critically depends upon such field observations at relevant spatial and temporal scales.",70,
"steiner, ns; bowman, j; campbell, k; chierici, m; eronen-rasimus, e; falardeau, m; flores, h; fransson, a; herr, h; insley, sj; kauko, hm; lannuzel, d; loseto, l; lynnes, a; majewski, a; meiners, km; miller, la; michel, ln; moreau, s; nacke, m; nomura, d; tedesco, l; van franeker, ja; van leeuwe, ma; wongpan, p",climate change impacts on sea-ice ecosystems and associated ecosystem services,elementa-science of the anthropocene,2021,10.1525/elementa.2021.00007,overwintering,"a rigorous synthesis of the sea-ice ecosystem and linked ecosystem services highlights that the sea-ice ecosystem supports all 4 ecosystem service categories, that sea-ice ecosystems meet the criteria for ecologically or biologically significant marine areas, that global emissions driving climate change are directly linked to the demise of sea-ice ecosystems and its ecosystem services, and that the sea-ice ecosystem deserves specific attention in the evaluation of marine protected area planning. the synthesis outlines (1) supporting services, provided in form of habitat, including feeding grounds and nurseries for microbes, meiofauna, fish, birds and mammals (particularly the key species arctic cod, boreogadus saida, and antarctic krill, euphausia superba, which are tightly linked to the sea-ice ecosystem and transfer carbon from sea-ice primary producers to higher trophic level fish, mammal species and humans); (2) provisioning services through harvesting and medicinal and genetic resources; (3) cultural services through indigenous and local knowledge systems, cultural identity and spirituality, and via cultural activities, tourism and research; (4) (climate) regulating services through light regulation, the production of biogenic aerosols, halogen oxidation and the release or uptake of greenhouse gases, for example, carbon dioxide. the ongoing changes in the polar regions have strong impacts on sea-ice ecosystems and associated ecosystem services. while the response of sea-ice-associated primary production to environmental change is regionally variable, the effect on iceassociated mammals and birds is predominantly negative, subsequently impacting human harvesting and cultural services in both polar regions. conservation can help protect some species and functions. however, the key mitigation measure that can slow the transition to a strictly seasonal ice cover in the arctic ocean, reduce the overall loss of sea-ice habitats from the ocean, and thus preserve the unique ecosystem services provided by sea ice and their contributions to human well-being is a reduction in carbon emissions.",70,
"bahlburg, d; hueppe, l; böhrer, t; thorpe, se; murphy, ej; berger, u; meyer, b",plasticity and seasonality of the vertical migration behaviour of antarctic krill using acoustic data from fishing vessels,royal society open science,2023,10.1098/rsos.230520,overwintering,"understanding the vertical migration behaviour of antarctic krill is important for understanding spatial distribution, ecophysiology, trophic interactions and carbon fluxes of this southern ocean key species. in this study, we analysed an eight-month continuous dataset recorded with an es80 echosounder on board a commercial krill fishing vessel in the southwest atlantic sector of the southern ocean. our analysis supports the existing hypothesis that krill swarms migrate into deeper waters during winter but also reveals a high degree of variability in vertical migration behaviour within seasons, even at small spatial scales. during summer, we found that behaviour associated with prolonged surface presence primarily occurred at low surface chlorophyll a concentrations whereas multiple ascent-descent cycles per day occurred when surface chlorophyll a concentrations were elevated. the high plasticity, with some krill swarms behaving differently in the same location at the same time, suggests that krill behaviour is not a purely environmentally driven process. differences in life stage, physiology and type of predator are likely other important drivers. finally, our study demonstrates new ways of using data from krill fishing vessels, and with the routine collection of additional information in potential future projects, they have great potential to significantly advance our understanding of krill ecology.",70,
"belonenko, tv; travkin, vs; kochnev, av",review of studies on the distribution of antarctic krill accumulations in the scotia sea and analysis of mesoscale dynamics of its habitat,vestnik of saint petersburg university earth sciences,2024,10.21638/spbu07.2024.106,overwintering,"this article studies the mesoscale dynamics of the waters of the scotia sea, located at the northern tip of the southern ocean on its border with the southern atlantic ocean. the scotia sea is one of the most promising fishing areas where the industrial catch of antarctic krill (euphausia superba) is produced. since the distribution of commercial krill accumulations is largely determined by oceanological conditions, this paper analyzes mesoscale vortex dynamics, frontal zones, and topography in the scotia sea, affecting the creation of favorable oceanological conditions for the formation of commercial krill accumulations. the study is conducted using satellite and model data. it is shown that the distribution of sea level according to the glorys12v1 reanalysis data in the scotia sea has a zonal character. in winter and spring, sea level anomalies are positive (up to 20 cm), and in summer and autumn, they are negative (up to -180 cm). in the northwestern part of the scotia sea, according to the data of the glorys12v1 reanalysis for 1993-2020, thermal frontal zones with high repeatability (>80 %) are distinguished. dynamic frontal zones are also distinguished in the northwestern part of the water area and have a repeatability reaching 100 %. this area in the scotia sea is the most dynamically active: increased kinetic energy values are observed here. the increased dynamic activity in the northwestern part of the scotia sea, considered above by the average and average seasonal distributions of characteristics, is also confirmed in the synoptic range of periods. spatial distributions of long-lived mesoscale vortices according to meta 3.2 data for 1993-2021 show the localization areas of these vortices, with cyclones forming significantly more than anticyclones. analysis of the trajectories of these vortices showed that the direction of their propagation is mainly eastern. the intense vortex dynamics in the scotia sea is also confirmed by reconstructed altimetric data for 1970-1992.",67,
"de lima, rc; félix, f; haase, b; secchi, er",antarctic sea ice as a driver of humpback whale migration timing in the southeast pacific,polar biology,2025,10.1007/s00300-025-03410-9,overwintering,"understanding the drivers behind shifts in migration patterns is crucial for managing human activities that may affect whale populations and for assessing the ecological impacts of climate change on migratory species. this study investigates environmental factors influencing the migratory timing of humpback whales (megaptera novaeangliae) in the eastern tropical pacific (breeding stock g), using systematic shore-based observations from ecuador between 2010 and 2023. we analyzed variables including antarctic sea ice extent (sie) and chlorophyll-a concentration (as a proxy for antarctic krill density), the oceanic ni & ntilde;o index, southern annular mode index, and the peruvian coastal thermal index to assess their relationship with whale arrival dates and residency at the breeding grounds. our findings show significant interannual variability in migration timing. for both with-calf and non-calf groups, sie during the previous winter was positively correlated with arrival dates, onset of calving, and time spent at the breeding area. broader sea ice extent likely enhances krill recruitment, increasing prey availability and allowing whales to build sufficient energy reserves to support longer stays at reproductive sites. this study highlights the potential negative effects of antarctic sea ice loss on whale migration patterns. krill fisheries should adopt precautionary strategies that account for year-to-year variability in prey availability to avoid disrupting whale foraging. moving forward, it is vital to monitor these changes continuously and to evaluate their broader ecological consequences to ensure the long-term viability of migratory marine species in a changing climate.",65,
"cao, z; zhu, gp","using fatty acids and stable isotope analyses to elucidate ontogenetic variations in diet of painted notothen lepidonotothen larseni during winter at the south georgia shelf, antarctic",fisheries research,2025,10.1016/j.fishres.2024.107218,overwintering,"fish belonging to the nototheniidae family are considered to be the most significant members of the notothenioids family and are essential to the antarctic marine ecology. however, the trophic dynamics of some unexploited species, including semi-pelagic painted notothen lepidonotothen larseni, remains unknown. this study used fatty acids (fas) and stable isotope indicators to examine the shift in diet from early juvenile to adult stages at south georgia throughout winter in order to improve our understanding of the dietary diversity and trophic niche of l. larseni. thirty different types of fatty acids were found in the muscular tissues of early juveniles (4.10-4.85 cm) and adults (8.7-14.9 cm), yet there was a notable variation in the composition of fas between the two groups. fas including c22:6n3, c22:2n6, c16:1n7, and c20:5n3 were found in high amounts in both early juveniles and adults. both the delta 15n and delta 13c values of adults were significantly higher than those of early juveniles, suggesting an ontogenetic shift in l. larseni's diet and trophic niche separation between the two stages of development. significant separation in marker fas was also observed between early juveniles and adults. early juvenile l. larseni primarily fed on pelagic algae or copepods, whereas adults predominantly fed on antarctic krill ( euphausia superba) on the seafloor and in the water column.",58,
"germishuizen, m; vichi, m; vermeulen, e",population changes in a southern ocean krill predator point towards regional antarctic sea ice declines,scientific reports,2024,10.1038/s41598-024-74007-1,overwintering,"while foraging, marine predators integrate information about the environment often across wide-ranging oceanic foraging grounds and reflect these in population parameters. one such species, the southern right whale (eubalaena australis; srw) has shown alterations to foraging behaviour, declines in body condition, and reduced reproductive rates after 2009 in the south african population. as capital breeders, these changes suggest decreased availability of their main prey at high-latitudes, antarctic krill (euphausia superba). this study analysed environmental factors affecting prey availability for this population over the past 40 years, finding a notable southward contraction in sea ice, a 15-30% decline in sea ice concentration, and a more than two-fold increase in primary production metrics after 2008. these environmental conditions are less supportive of antarctic krill recruitment in known srw foraging grounds. additionally, marginal ice zone, sea ice concentration and two primary production metrics were determined to be either regionally significant or marginally significant predictors of calving interval length when analysed using a linear model. findings highlight the vulnerability of recovering baleen whale populations to climate change and show how capital breeders serve as sentinels of ecosystem changes in regions that are difficult or costly to study.",56,
"ryabov, a; berger, u; blasius, b; meyer, b",driving forces of antarctic krill abundance,science advances,2023,10.1126/sciadv.adh4584,overwintering,"antarctic krill, crucial to the southern ocean ecosystem and a vital fisheries resource, is endangered by climate change. identifying drivers of krill biomass is therefore essential for determining catch limits and designating protection zones. we present a modeling approach to pinpointing effects of sea surface temperature, ice cover, chlorophyll levels, climate indices, and intraspecific competition. our study reveals that larval recruitment is driven by both competition among age classes and chlorophyll levels. in addition, while milder ice and temperature in spring and summer favor reproduction and early larval survival, both larvae and juveniles strongly benefit from heavier ice and colder temperatures in winter. we conclude that omitting top-down control of resources by krill is only acceptable for retrospective or single-year prognostic models that use field chlorophyll data but that incorporating intraspecific competition is essential for longer-term forecasts. our findings can guide future krill modeling strategies, reinforcing the sustainability of this keystone species.",55,
"zhu, jy; yang, qy; xue, m; yan, cb; zhu, gp","fatty acid profiles of mackerel icefish champsocephalus gunnari reflect diet variability of its main prey, antarctic krill euphausia superba",marine ecology progress series,2025,10.3354/meps14816,overwintering,"understanding predator-prey interactions in southern ocean ecosystems is critical for assessing trophic dynamics. antarctic krill euphausia superba, a keystone species in the southern ocean ecosystem, supports numerous populations of higher trophic level predators. despite a critical need to understand its feeding ecology, access limits direct studies, particularly during winter when extensive sea ice constrains sampling. this study therefore explores whether the fatty acids of mackerel icefish champsocephalus gunnari, a key predator of krill, can provide insights into krill diet composition. by analyzing the fatty acids of c. gunnari and e. superba from south georgia during winter and from the south orkney islands during the summer, we assessed differences in krill diets and the transfer of dietary signals from prey to predator. stomach content analysis confirmed e. superba as the predominant prey of c. gunnari, whereas fatty acid analysis revealed significant differences between the south georgia and south orkney islands samples. the fatty acid patterns of c. gunnari closely reflected those of e. superba, suggesting that prey diet composition drove predator fatty acid variations rather than dietary diversity of the predator. calibration coefficients further highlighted consistent patterns of fatty acid transfer between regions. these findings demonstrate that c. gunnari can act as a natural sampler for e. superba, offering a novel approach to infer e. superba feeding ecology during periods of limited direct sampling. these insights enhance understanding of predator-prey interactions in the southern ocean ecosystem, where shifts in prey availability and composition could have cascading effects on higher trophic level predators.",52,
"abe, k; matsukura, r; yamamoto, n; amakasu, k; nagata, r; murase, h",biomass of antarctic krill (euphausia superba) in the eastern indian sector of the southern ocean (80-150°e) in the 2018-19 austral summer,progress in oceanography,2023,10.1016/j.pocean.2023.103107,overwintering,"biomass of antarctic krill (euphausia superba) in the eastern indian sector of the southern ocean (80-150 degrees e, corresponding to the longitudinal range of ccamlr division 58.4.1) in the austral summer of 2018-19 was estimated using data from a calibrated echosounder and biological sampling. this study was carried out as a part of the multidisciplinary ecosystem survey (ky1804) by japanese research vessel kaiyo-maru. the krill biomass was estimated using an up-to-date standard method of ccamlr, the ""swarm-based method"". biomass of krill in the area had not been estimated since 1996 (broke survey). ky1804 covered a total of 4680 km of the surveyed distance in the surveyed area of 0.909 million km2. krill were mainly distributed between the southern antarctic circumpolar current front and the antarctic slope front. the krill biomass during ky1804 was estimated as 4.325 million tonnes (cv = 17.0%), comparable with the 1996 broke estimate (4.83 million tonnes, cv = 17.0%); however, direct comparison is difficult because of differences in (1) biomass estimation methods; (2) timing of the surveys (ky1804 commenced about 40 days earlier in the year than broke); and (3) areal coverage, primarily because of different positions of the sea ice edge, especially in the western part of the area. there was no noticeable difference of krill biomass between day and night. this study provides a 2018-19 biomass estimate for antarctic krill in the eastern indian sector of the southern ocean, which is a basis for studies of this species as well as the southern ocean ecosystem.",49,
"zhu, jy; zhu, gp",trophic linkage between mackerel icefish (champsocephalus gunnari) and antarctic krill (euphausia superba) at south georgia,fisheries research,2022,10.1016/j.fishres.2022.106366,overwintering,"mackerel icefish, champsocephalus gunnari, plays a vital role in the antarctic marine ecosystem, not only because it is an important prey for higher predators but also because it is the primary predator of antarctic krill (euphausia superba), a keystone species in the southern ocean. therefore, elucidating the trophic linkage between c. gunnari and its exclusive prey can provide a model for the trophic relationship between a predator and its prey in cold environments. stomach contents analysis showed that e. superba was the predominant prey of c. gunnari in terms of quantity (99.3%) and quality (99.9%) during winter at south georgia. e. superba had a similar fatty acid profile to that of c. gunnari, with a high proportion of short-chain monounsaturated fatty acids (mufa) and a lower proportion of long-chain mufa. however, c. gunnari was more likely to retain polyunsaturated fatty acids, especially docosahexaenoic; e. superba tended to accumulate saturated fatty acids and mufa. this reflects the fact that fatty acids, when transferred from low trophic level to higher levels, are accumulated in the predator selectively, according to their relative content in the diet and their physiological and ecological function in the predator.",46,
"feng, jl; liu, ll; liu, ql; zhao, l",the potential distribution of adult antarctic krill in the amundsen sea,journal of oceanology and limnology,2022,10.1007/s00343-021-1181-z,overwintering,"antarctic krill is the key species of ecological system in the amundsen sea. at present, the suitable distribution is unobtainable by scientific surveys or data from the fishery. in this paper, the maximum entropy algorithm (maxent) was used to obtain the potential distribution of adult antarctic krill in order to provide useful information and reasonable reference for the policy on protecting potential krill habitats around the amundsen sea. occurrence points and 17 environmental variables were used to simulate the distributions. results show that the high and moderate suitable habitats lie between 65 degrees s and 72 degrees s in the amundsen sea. the high suitable habitat accounts for 8.1% of the total area of the amundsen sea. the sea ice persistence (ice), total phytoplankton (phyc), and the minimum value of dissolved iron (fe_min) are the three dominant contributors to the model. results from the response curves show that antarctic krill preferred habitats with ice of 0.42-0.93, phyc of 2.48-2.77 mmol/m(3) and fe_min of (7.10x10(-5))-(9.45x10(-5)) mmol/m(3). positive trends existed in the phyc of the high and moderate suitable habitat, and a positive trend existed in the fe_min of moderate suitable habitat. however, the probability of presence of antarctic krill will decrease if the increase of the phyc and fe_min continues.",46,
"juáres, ma; santos, mm; perchivale, pj; sia, mgr; sandler, r; pereira, a; blanco, g; campana, gl; moreira, e; casaux, r; libertelli, m",the importance of antarctic krill in the non-breeding and breeding diet of gentoo penguins at a colony of the south shetland islands,polar biology,2025,10.1007/s00300-025-03402-9,overwintering,"understanding predator-prey relationships is essential to monitor antarctic marine ecosystem structure and function, assess changes in prey and predator abundances, and provide tools for effective conservation measures. despite this, diet studies of antarctic predators conducted with traditional methods are limited outside the breeding period mainly due to constraints associated with the life-history strategies of the predators and the sampling logistics and operability. at stranger point/cabo funes (25 de mayo/king george island), the diet composition of gentoo penguins (pygoscelis papua) was characterized during four stages of the annual cycle (i.e. non-breeding and pre-breeding stages of 2022, and guard and cr & egrave;che stages of the 2022/2023 breeding season) by the analysis of stomach contents obtained by using the water-offloading technique. antarctic krill (euphausia superba) dominated the diet of gentoo penguins in terms of frequency of occurrence and percentage in mass, followed by fish and amphipods. however, the diet composition changed seasonally, with a decrease in the contribution of fish and amphipods as the year progressed. furthermore, higher individual variability was observed outside the breeding period than during the chick-rearing period. our results indicate that krill was an important fraction of the non-breeding and breeding diet. however, outside the breeding period, the mean krill size consumed was smaller and the proportion of juvenile krill was higher than that recorded in the chick-rearing period. thus, sampling the diet of the gentoo penguin outside the breeding period could provide valuable information on the krill size composition during the austral autumn and winter.",46,
"salmerón, n; belle, s; cruz, fs; alegria, n; finger, jvg; corá, dh; petry, mv; hernández, c; cárdenas, ca; krüger, l",contrasting environmental conditions precluded lower availability of antarctic krill affecting breeding chinstrap penguins in the antarctic peninsula,scientific reports,2023,10.1038/s41598-023-32352-7,overwintering,"dramatic decreases of chinstrap penguin populations across the antarctic peninsula (ap) are thought to be influenced by climate-driven changes affecting its main prey, the antarctic krill, however, empirical evidence supporting such hypotheses are scarce. by coupling data on breeding chinstrap penguins, environmental remote sensing and estimates of krill acoustic density, we were able to demonstrate that penguins substantially increased their foraging effort in a year of low krill availability, with consequent reduction in breeding success. a winter of low sea ice cover followed by a summer/spring with stronger wind and lower marine productivity explained the lower and deeper krill availability. our results highlight the importance of environmental variability on penguin populations, as variability is expected to increase under climate change, affecting foraging behaviour responses.",44,
"ichii, t; igarashi, h; mori, m; mahapatra, k; nishikawa, h; okuda, t",impact of the climate regime shift around 2000 on recruitment of antarctic krill at the antarctic peninsula and south georgia,progress in oceanography,2023,10.1016/j.pocean.2023.103020,overwintering,"we examined how the climate regime shift around 2000 affected antarctic krill recruitment variability at the north antarctic peninsula (nap) and south georgia (sg) during the period of 1990s through to 2000s. we used sea surface temperature (sst) as a proxy of the monthly sea ice extent and related it to the recruitment index (proportion of 1-year-old krill) of each succeeding year for nap and sg by examining the correlation of the time series before and after 2000. for nap, recruitment index was negatively correlated with winter sst at nap in the 1990s but with autumn sst in the 2000s, suggesting that good recruitment was supported by extensive winter sea-ice in the 1990s but by extensive autumn sea-ice in the 2000s. this was attributed to the regime shift featured by winter warming and autumn cooling after 2000. for sg, recruitment was negatively correlated with winter sst at nap in the 1990s but positively correlated with autumn sst in the southern scotia sea (sss) in the 2000s. according to particle tracking experiment from nap to sg in relation to the sea-ice extent and position of saccf (southern antarctic circumpolar current front), less sea-ice extent in 2000s meant less larvae distributing as north as saccf, resulting in much fewer larval being transported to sg. hence, we hypothesized that the regime shift weakened the connection between nap and sg, but instead sss became the main driver of recruitment at sg. we presume the krill population demonstrated adaptability to the regime shift by offsetting the unfavorable winter condition with the favorable autumn condition at nap and for sg, replacing the source of recruits with those closer to it.",39,
"sylvester, zt; veytia, d; bahl, aa; bahlburg, d; benkort, d; bestley, s; cagdas, b; cleary, ac; constable, a; corney, s; fach, ba; hellessey, n; hill, sl; johnston, nm; labrousse, s; merkel, b; murphy, ej; subramaniam, rc; thorpe, s; raymond, b",untangling the complexities of larval antarctic krill overwintering success under climate change,ices journal of marine science,2025,10.1093/icesjms/fsaf049,overwintering,"antarctic krill (euphausia superba) are integral to southern ocean pelagic ecosystems. winters with extensive sea ice have been linked to high post-larval krill recruitment the following spring, suggesting that sea ice plays a critical role in larval overwinter survival. as the ocean warms and sea ice declines under climate change, understanding the mechanisms linking sea ice and krill recruitment is increasingly urgent. to address this, we developed a qualitative network model (qnm) that integrates evidence-based and hypothesized interactions to explore larval overwinter survival and growth under future climate scenarios in the southwest atlantic sector. our model highlights habitat-specific impacts, with substantial declines predicted for the north antarctic peninsula continental shelf due to reduced autumn primary productivity and warming. in contrast, survival may improve in open-ocean habitats under cooler scenarios that enhance sea-ice-associated processes, such as food availability and refuge. the inclusion of hypothesized mechanisms, such as sea-ice terraces providing refuge from predation, strengthened these conclusions and highlighted critical uncertainties, including the influence of glacial melt on food web dynamics. these findings demonstrate the value of qnms in complementing quantitative approaches, offering a framework for identifying critical mechanisms, addressing knowledge gaps, and guiding future field and laboratory studies to improve predictions of krill responses to climate change.",35,
"pietzsch, bw; schmidt, a; groeneveld, j; bahlburg, d; meyer, b; berger, u",the impact of salps (salpa thompsoni) on the antarctic krill population (euphausia superba): an individual-based modelling study,ecological processes,2023,10.1186/s13717-023-00462-9,spawning,"background krill (euphausia superba) and salps (salpa thompsoni) are key macrozooplankton grazers in the southern ocean ecosystem. however, due to differing habitat requirements, both species previously exhibited little spatial overlap. with ongoing climate change-induced seawater temperature increase and regional sea ice loss, salps can now extend their spatial distribution into historically krill-dominated areas and increase rapidly due to asexual reproduction when environmental conditions are favorable. understanding the potential effects on krill is crucial, since krill is a species of exceptional trophic significance in the southern ocean food web. negative impacts on krill could trigger cascading effects on its predators and prey. to address this question, we combined two individual-based models on salps and krill, which describe the whole life cycle of salp individuals and the dynamic energy budget of individual krill. the resulting new model pekris (performance of krill vs. salps) simulates a krill population for 100 years under varying chlorophyll-a concentrations in the presence or absence of salps.results all of the investigated krill population properties (abundance, mean length, and yearly egg production) were significantly impacted by the presence of salps. on the other hand, salp density was not impacted if krill were present. the medians of krill population properties deviated during variable maximum chlorophyll-a density per year when salps were introduced by - 99.9% (- 234 individuals per 1000 m3) for krill density, - 100% (- 22,062 eggs per 1000 m3) for krill eggs and - 0.9% (- 0.3 mm) for mean length of krill.conclusions if both species compete for the same food resource in a closed space, salps seem to inhibit krill populations. further simulation studies should investigate whether this effect prevails if different phytoplankton sizes and consumption preferences of krill are implemented. furthermore, direct predation of the two species or consumption of krill fecal pellets by salps could change the impact size of the food competition.",117,DONE
"perry, fa; sailley, sf; atkinson, a; mayor, dj; lucas, ch; tarling, ga",seasonal and spatial patterns of adult antarctic krill at the antarctic peninsula: insights from a 41 year data analysis,marine ecology progress series,2025,10.3354/meps14899,spawning,"locating the spawning grounds of antarctic krill euphausia superba is key to understanding their population dynamics and managing the commercial krill fishery. in the shelf waters of the antarctic peninsula where krill and their fishery are concentrated, a recent relaxation of fishing quotas has meant that locally successful spawning grounds could become increasingly targeted. this study revisits the existing paradigm that in summer, larger adult krill migrate away from these shelf-based fishing grounds, out towards oceanic waters to spawn off the shelf break (>1000 m). our findings support a seasonal on-shelf division of adult krill, with smaller krill closer inshore. however, contrary to current understanding, our results suggest that 85% of the largest and most fecund >50 mm krill remain on-shelf during the summer spawning season. all adults (>30 mm) were strongly concentrated over the shelf throughout the whole spring-summer-autumn transition, with no evidence for any summer redistribution off-shelf. the western antarctic peninsula (wap) has strong on-shelf-off-shelf gradients in chlorophyll a and sea surface temperature, and based on generalised additive models, our study suggests that the high food requirement of adult krill, coupled with an oligotrophic off-shelf environment, contributes to the distribution of krill observed at the antarctic peninsula. the concentration of large, nutritious krill over the shelf throughout the season may be advantageous to land-based predators but raises concern for the management of fisheries that are becoming increasingly concentrated within the key adult krill habitat along the northern shelf of the wap.",81,
"liu, y; zhu, gp",reproductive strategy of antarctic krill (euphausia superba) in the south scotia sea: revisiting the oocyte development and morphological changes with multiple seasonal analysis,journal of oceanology and limnology,2025,10.1007/s00343-025-4135-z,spawning,"antarctic krill (euphausia superba) is a keystone species in the southern ocean; however, seasonal variations in reproductive development for krill are complex and remains unknown. a histological investigation with observations of external secondary sex features of krill in the south scotia sea region was carried out using a multi-seasonal dataset for detail reproductive descriptions for this commercially important species. the monthly development of secondary sexual characteristics, the thelycum, as well as of oocytes over a period of two years were described. it was observed that krill have diverse reproductive development characteristics within the ovary, and that this function differently between the juvenile, sub-adult, and adult stages. during the summer, adult krill ovaries are large and ripe with oocytes rich in yolk ready for release in late summer. post spawning, the ovaries resorb, fragment, and regress throughout the autumn and winter. during reproductive diapause period, krill focus on absorbing nutrients. un-released eggs are reabsorbed by the ovary, the permanent germinal zone is active, and early oocytes begin to develop in preparation for the egg production phase. krill that are about to spawn have an ovary that fills the space between the digestive gland and muscle. the ovarian development of krill is divided into 10 sexual developmental stages. as a part of this study, data on the carapace thickness with similar development patterns in krill size and carapace width, was investigated for the first time to help understand krill growth and development.",80,
"meyer, b; arata, ja; atkinson, a; bahlburg, d; bernard, k; cárdenas, ca; grant, sm; hill, sl; hüppe, l; ichii, t; kawaguchi, s; krafft, ba; labrousse, s; maschette, d; piñones, a; reiss, c; siebenhüner, b; sylvester, z; ziegler, p",adjusting the management of the antarctic krill fishery to meet the challenges of the 21st century,proceedings of the national academy of sciences of the united states of,2025,10.1073/pnas.2412624122,spawning,"antarctic krill (euphausiasuperba) is the central prey species in the southern ocean food web, supporting the largest and fastest-growing fishery in the region, managed by the commission for the conservation of antarctic marine living resources (ccamlr). climate change is threatening krill populations and their predators, while current catch limits do not take into account climate variability or krill population dynamics. in 2024, ccamlr was unable to renew its spatial catch limits, highlighting the urgent need for improved management of the krill fishery to prevent any harm to the southern ocean ecosystem. to address this, we propose a management framework that integrates variability in krill recruitment and key pathways between spawning and nursery areas-a krill stock hypothesis-to inform decisions on catch limits and conservation measures. implementing this approach will require targeted data collection, which we propose can be achieved through a multisector collaborative network that combines traditional and new technologies, including the use of fishing vessels as data collection platforms. we use case studies to demonstrate how fisheries can contribute to data collection while promoting sustainable management. a major challenge in this effort is securing long-term funding for data collection, which is critical for managing climate-sensitive populations of high commercial interest. we therefore recommend using the industry as a source of funding, research platform and data provider, alongside national research funding opportunities. given the fundamental role of krill in the southern ocean ecosystem, its decline would have cascading effects on predators and essential ecosystem services.",72,
"schaafsma, fl; driscoll, r; matsuno, k; sugioka, r; driscoll, s; van regteren, m; sasaki, h; matsukura, r; van franeker, ja; murase, h","demography of antarctic krill (euphausia superba) from the ky1804 austral summer survey in the eastern indian sector of the southern ocean (80 to 150˚e), including specific investigations of the upper surface waters",frontiers in marine science,2024,10.3389/fmars.2024.1411130,spawning,"antarctic krill (euphausia superba) is a harvested species that has an important role in the southern ocean food web. knowledge on the demography of antarctic krill is necessary for a better understanding of the distribution of life stages and their relation with predator species. in addition, such information is essential for krill fisheries management by ccamlr (commission on the conservation of antarctic marine living resources). a large part of the indian sector of the southern ocean is understudied and large-scale krill surveys of this region are scarce. therefore, a survey was carried out during the austral summer of 2018/2019 on board rv kaiyo-maru in the region from 80 to 150 & ring;e. krill was collected using a rectangular midwater trawl (rmt). previous studies suggest that part of the antarctic krill population resides in the upper surface of the water column, but traditional trawls and echosounders have not been able to fully investigate this stratum due to sampling constraints. to overcome this knowledge gap, the upper surface (0-2 m) was sampled using a surface and under ice trawl (suit) in addition to the standard survey net. results show that there were differences in the horizontal and vertical distribution of post-larval krill between the area west and east of approximately 120 & ring;e. these differences coincided with variation in environmental properties. early calyptopis larvae were found throughout the survey area. their relatively low numbers suggested ongoing spawning that started early in the season. juveniles were found mainly in the western side of the sampling area and large densities of this developmental stage were found to reside in the upper two meters of the water column. the quantitative estimation of krill in the upper surface indicated that undersampling this part of the population may influence estimates of, for example, recruitment.",71,
"zhang, ht; zhu, gp; liu, h; swadling, km",autumn food availability in bransfield strait for antarctic krill euphausia superba and the relationship between body size and fatty acid content,marine ecology progress series,2024,10.3354/meps14517,spawning,"bransfield strait is an important spawning, feeding and overwintering ground for antarctic krill. increases in both the biomass of krill and the ice-free extent of the strait make this area of great interest for krill fisheries. while krill are known to have access to food supplies beyond summer, lipid accumulation plays a pivotal role in their ability to survive the food-limited winter. understanding the condition and dietary habits of krill during the pre-winter season is important for assessing how they respond to this period that is often characterized by short-lived phytoplankton blooms. for 5 consecutive autumns, from 2015 to 2019, krill obtained from the fishery in bransfield strait were used to assess their diet and to evaluate the roles of individual body condition and habitat features in shaping krill fatty acid profiles. analysis of dietary fatty acids in krill indicated that they were generally in an active feeding condition in autumn, showing significant levels of essential fatty acids such as eicosapentaenoic acid (epa) and docosahexaenoic acid (dha). fatty acid biomarkers displayed substantial inter-annual variation, with satellite data suggesting that sea surface temperature could be a potential factor contributing to this variation. additionally, we observed strong correlations between krill body size and most of the fatty acid contents. there were positive correlations between size, epa and dha as well as negative correlations between size and a carnivorous diet. these findings suggest that krill exhibit differentiated feeding abilities and lipid retention based on their size.",67,
"li, s; yang, jl; zhao, gq; huang, hl; rao, x; chen, s; li, lz",analysis of the population characteristics of antarctic krill in the amundsen sea,polar biology,2025,10.1007/s00300-025-03431-4,spawning,"the fluctuations in the krill population profoundly impact marine ecosystems and are key indicators of ecosystems in the southern ocean. in this paper, we analyzed the basic biological characteristics of antarctic krill in the amundsen sea and studied its age structure using the bhattacharya's method based on the 38th-39th chinese national antarctic research expeditions. the results revealed that the antarctic krill in the amundsen sea may have been a spawning population during the survey period. the mean length (total length, at) and weight were 42.38 mm and 0.72 g, respectively, and the length-weight relationship was w = 9.62966e-6l(2.95612) (r-2 = 0.92769, n = 921). the diameter of the compound eye varied from 0.29 mm to 1.23 mm, and the mean was 0.78 mm. a pearson correlation test revealed a strong correlation between length and compound eye diameter (p < 0.001, n = 802). the proportions of juveniles and adults were 15.96% and 84.04%, respectively; the female-to-male ratio among adults was 2.69:1; the gravid female group was 23.76%, and the non-gravid female group was 76.24%. there was a significant difference in the relationship between length and weight among the juvenile, adult female and male groups and between the gravid female and non-gravid female groups. the results of the age structure composition of antarctic krill based on length mixture distribution analysis is superior to those based on compound eye diameter mixture distribution analysis. the age group of the antarctic krill ranged from 0 to 4(+) years old, and the majority were 3(+) to 4(+) years old (63.96%). the age groups of the adult females ranged from 1(+) to 4(+) years old, with 3(+) to 4(+)years old predominating (81.99%), and the adult males were 1(+) and 3(+) to 4(+) years old, which included mainly groups that were 3(+) to 4(+) years old (86.60%).",67,
"steinke, kb; bernard, ks; reiss, cs; walsh, j; correa, gm; stammerjohn, se",factors impacting the timing of reproductive development in female antarctic krill at the northwestern antarctic peninsula,frontiers in marine science,2024,10.3389/fmars.2024.1383175,spawning,"the northwestern antarctic peninsula is an important spawning, recruitment, and overwintering ground for antarctic krill. the region is warming rapidly, and the current impacts of climate and environmental variability on the reproductive cycle of krill remain unclear. here, we examine the reproductive stage of female krill in the austral winter from 2012 to 2016 in relation to climate and environmental data to assess what factors influence the timing of reproductive development. we observed significant interannual variability in the degree of maturation in female krill, ranging from 48% of female krill measured at a station in 2016 to a maximum of 94% of female krill measured at a station in 2014. on average, across all five years, three-quarters of the female krill sampled were in the stage known as previtellogenesis, the point at which the onset of sexual maturity begins. the preceding spring, summer, and autumn southern annular mode and the multivariate el ni & ntilde;o index explained most of the variance in the data and indicated a strong, preconditioning storm-related effect on environmental conditions leading up to winter, affecting krill maturation status at the end of the winter season. results from our study can be used to improve krill population models that are necessary for the management of the krill fishery and for conservation at the northwestern antarctic peninsula.",63,
"atkinson, a; hill, sl; reiss, cs; pakhomov, ea; beaugrand, g; tarling, ga; yang, g; steinberg, dk; schmidt, k; edwards, m; rombolá, e; perry, fa",stepping stones towards antarctica: switch to southern spawning grounds explains an abrupt range shift in krill,global change biology,2022,10.1111/gcb.16009,spawning,"poleward range shifts are a global-scale response to warming, but these vary greatly among taxa and are hard to predict for individual species, localized regions or over shorter (years to decadal) timescales. moving poleward might be easier in the arctic than in the southern ocean, where evidence for range shifts is sparse and contradictory. here, we compiled a database of larval antarctic krill, euphausia superba and, together with an adult database, it showed how their range shift is out of step with the pace of warming. during a 70-year period of rapid warming (1920s-1990s), distribution centres of both larvae and adults in the sw atlantic sector remained fixed, despite warming by 0.5-1.0 degrees c and losing sea ice. this was followed by a hiatus in surface warming and ice loss, yet during this period the distributions of krill life stages shifted greatly, by similar to 1000 km, to the south-west. understanding the mechanism of such step changes is essential, since they herald system reorganizations that are hard to predict with current modelling approaches. we propose that the abrupt shift was driven by climatic controls acting on localized recruitment hotspots, superimposed on thermal niche conservatism. during the warming hiatus, the southern annular mode index continued to become increasingly positive and, likely through reduced feeding success for larvae, this led to a precipitous decline in recruitment from the main reproduction hotspot along the southern scotia arc. this cut replenishment to the northern portion of the krill stock, as evidenced by declining density and swarm frequency. concomitantly, a new, southern reproduction area developed after the 1990s, reinforcing the range shift despite the lack of surface warming. new spawning hotspots may provide the stepping stones needed for range shifts into polar regions, so planning of climate-ready marine protected areas should include these key areas of future habitat.",61,
"huang, xr; tan, r; geng, z; zhang, t; feng, gp; yang, g; zhao, f; zhuang, p",effects of antarctic krill meal in diet on reproductive performance and embryo quality of eriocheir sinensis,aquaculture nutrition,2024,10.1155/2024/9936529,spawning,"a 60-day feeding trial was conducted to evaluate the impact of dietary antarctic krill meal on the reproductive performance and embryo quality of the chinese mitten crab, eriocheir sinensis. three diets were formulated, incorporating varying levels of antarctic krill meal at 0% (diet k0), 10% (diet k10), and 20% (diet k20), with a control group fed razor clam sinonovacula constricta. each diet was randomly assigned to three replicate tanks, each stocked with 5 males and 10 females. male and female weights were 145.38 +/- 8.01 and 102.57 +/- 9.73 g, respectively. the results revealed no significant differences in weight gain rate, specific growth rate, and survival rate. however, the hepatopancreatic weight and hepatopancreas index of female crabs in each group decreased, while gonadal weight and gonadosomatic index increased significantly after 60 days, with diet k20 showing the highest values. egg production and fecundity of female crabs reached their peak in diet k20, with no significant differences in reproductive indices among all groups. the phospholipid content in diet k20 was significantly higher than in the other groups (p<0.05). cholesterol contents in diet k0 and the control group were significantly higher than in diet k10 and k20 (p<0.05). no significant differences were observed in egg diameter, egg weight, moisture, crude protein, and crude fat between the groups. the content of c20 : 2 and c20 : 4n6 was highest in diet k0, with a significant difference compared to diet k10 (p<0.05). however, no significant differences were found in the total content of saturated fatty acids, monounsaturated fatty acids, and polyunsaturated fatty acids among all groups. based on the research findings, it is recommended that the optimal level of antarctic krill meal in diets is 20%.",59,
"dong, ss; zhang, f; zhu, gp",temporal variability in mortality and recruitment jointly influence the periodic fluctuations in antarctic krill populations,marine environmental research,2025,10.1016/j.marenvres.2024.106923,spawning,"antarctic krill (euphausia superba) is a key part of the food web in the southern ocean ecosystem. significant inter-annual fluctuations in population dynamics make stock assessment and management of its population a significant challenge. to better understand the population dynamics and fluctuation of krill, a survey-based agestructured catch-at-length model (acl) is used to estimate the periodic fluctuations, based on length data collected from scientific surveys under the us antarctic marine living resources (amlr) program between 1992 and 2011. spectral analysis of the model estimates revealed periodic fluctuations of 5-6 years in the recruitment, total abundance, and total biomass of krill in the antarctic peninsula, while spawning stock biomass exhibited periodic fluctuations of both 5-6 years and 2-3 years. the variations in krill total abundance and total biomass were mainly driven by recruitment, but the variation in spawning stock biomass was likely driven by both recruitment and time-varying, age-specific mortality. our study contributes to a better understanding of the patterns and drivers of the periodic dynamics of antarctic krill, which may help lead to improved assessments and fishery management for this important stock.",56,
"cleary, ac; perry, f; tarling, ga",influence of parasites on spawning success and egg quality in antarctic krill euphausia superba,marine ecology progress series,2024,10.3354/meps14617,spawning,"antarctic krill euphausia superba are key components of southern ocean ecosystems and biogeochemical cycles, as well as the target of a growing commercial fishery. understanding the drivers of variability in krill recruitment is key to managing this fishery sustainably. one potential driver which has received little attention is the role of parasites. we investigated the impact of natural parasite infestations in adult female krill on egg production and egg quality around south georgia. dna metabarcode sequencing was used to detect all eukaryotic parasites within krill bodies, while spawning success was determined through incubation experiments, and egg quality was assessed by quantifying key elements within each egg (carbon, nitrogen, hydrogen). e. superba in this area were infested with suctorian ciliates, eugregarine apicomplexans, and, less frequently, ellobiopsids. parasite load was not associated with a reduced likelihood of producing eggs, but high parasite loads were associated with lower-quality eggs. this reduction in egg quality may reflect an energetic cost to parasite infestation, with implications for larval development and recruitment.",51,
"wang, r; song, pq; li, y; lin, ls","an integrated, size-structured stock assessment of antarctic krill, euphausia superba",frontiers in marine science,2021,10.3389/fmars.2021.710544,spawning,"the antarctic krill (euphausia superba) fishery is the largest fishery in the southern ocean, and it has been operating for over 45 years. in the past decade, the spatial distribution of the krill fishery has focused on the bransfield strait off the antarctic peninsula (subarea 48.1). however, the high fishing effort and climate change have placed great pressure on krill resources in this region, and conservation concerns have been raised. because aging krill is difficult and uncertain, we developed an integrated size-structured model to estimate the fishing mortality, recruitment and spawning biomass of krill. the results indicated that in 1992-2011, the average spawning biomass of krill ranged from 1.14 x 10(6) to 1.45 x 10(6) tons, the estimated biomass of the maximum sustainable yield (bmsy) ranged from 3.96 x 10(5) to 4.90 x 10(5) tons and the estimated average recruitment ranged from 2.3 x 10(12) to 5.03 x 10(12) individuals in the research area. we explored the effect of different data weighting schemes for the length data on the assessment output. however, our estimates also have uncertainties. in addition, an attempt was made to analyze the correlation between model-estimated recruitment and mature biomass with climate change. future stock assessments of krill resources should be comprehensive and multimethod, and the management of krill resources should be based on science that considers the demand of fishing communities and ecosystem protection.",43,
"steinke, kb; bernard, ks; fontana, jm; copeman, la; garcia, lm",the energetic cost of early reproductive development in juvenile antarctic krill at the western antarctic peninsula,frontiers in marine science,2022,10.3389/fmars.2022.1009385,spawning,"the overwinter survival mechanisms of antarctic krill, euphausia superba, are poorly characterized, especially for juveniles. it has been suggested that juveniles adopt a mix of strategies characteristic of both larvae and adults. like larvae, they may feed opportunistically throughout winter when food is available, and like adults they may be able to suppress their metabolism when food is scarce. in this study we look at the overwinter strategies of juvenile krill and how their reproductive development changes when energy input exceeds what is necessary for survival. we take a closer look at how the sexual maturation of juvenile krill progresses in response to different environmental conditions throughout the fall and winter. we exposed juvenile antarctic krill to four different ""food environment scenarios"", supplementing them with various diets from may to september 2019 that were representative of environmental conditions that they may encounter in different regions of the western antarctic peninsula during autumn and winter. each month, we measured the physiology and condition of the krill, and assessed the reproductive development of females. we found that when female juvenile krill have greater energy reserves than what is needed to survive the winter, they will begin to sexually mature. further, when there are sufficient levels of the fatty acids eicosapentaenoic acid (epa), docosahexaenoic acid (dha) and 16:4 (n-1), krill are likely to be in a more reproductive advanced stage. however, when lipids, epa, dha and 16:4 (n-1) are depleted throughout the winter, juvenile female krill lose their ability to develop reproductively. we also found that sexual development is an energy intensive process that requires high respiration rates in juvenile krill. furthermore, when juvenile females expend energy maturing, their physiological condition declines. this trade-off between early reproductive development and condition in juvenile female krill has important implications for individual health and population fecundity. gaining a better understanding of the mechanisms behind juvenile krill winter survival strategies and their consequences will allow us to predict how future change at the western antarctic peninsula may affect krill population dynamics, especially in light of a warming climate.",35,