author,title,study_type,study_duration,season,study_years,location,parameter_name,parameter_origin,parameter_unit,sample_size,parameter_lifestage,parameter_value,informationCategory,submechanism,type,name
Hagen et al. 2001,lipid metabolism of the antarctic krill euphausia superba and its ecological implications,observation,months,spring,1986,Lazarev Sea,dry mass,measurement,mg,2,larvae,2.3,"parameter, validation","egg and larval
 development",state_var,tissues
Hagen et al. 2001,lipid metabolism of the antarctic krill euphausia superba and its ecological implications,observation,months,spring,1986,Lazarev Sea,lipid mass,measurement,mg,2,larvae,0.17,"parameter, validation","egg and larval
 development",state_var,tissues
Hagen et al. 2001,lipid metabolism of the antarctic krill euphausia superba and its ecological implications,observation,months,spring,1986,Lazarev Sea,% lipid of DM,measurement,%,2,larvae,7.3,"parameter, validation","egg and larval
 development",state_var,tissues
Hagen et al. 2001,lipid metabolism of the antarctic krill euphausia superba and its ecological implications,observation,months,autumn,1992,Weddell Sea,lipid mass,measurement,mg,1,larvae,0.035,"parameter, validation","egg and larval
 development",state_var,tissues
Hagen et al. 2001,lipid metabolism of the antarctic krill euphausia superba and its ecological implications,observation,months,autumn,1992,Weddell Sea,% lipid of DM,measurement,%,1,larvae,15,"parameter, validation","egg and larval
 development",state_var,tissues
Hagen et al. 2001,lipid metabolism of the antarctic krill euphausia superba and its ecological implications,observation,months,autumn,1992,Weddell Sea,lipid mass,measurement,mg,12,larvae,0.17,"parameter, validation","egg and larval
 development",state_var,tissues
Hagen et al. 2001,lipid metabolism of the antarctic krill euphausia superba and its ecological implications,observation,months,autumn,1992,Weddell Sea,% lipid of DM,measurement,%,12,larvae,18.4,"parameter, validation","egg and larval
 development",state_var,tissues
Hagen et al. 2001,lipid metabolism of the antarctic krill euphausia superba and its ecological implications,observation,years,NA,1985-1992,southeastern Weddell Sea & northern Lazarev Sea,fatty acid 14:00,measurement,mass %,7,larvae,5,validation,"egg and larval
 development",state_var,tissues
Hagen et al. 2001,lipid metabolism of the antarctic krill euphausia superba and its ecological implications,observation,years,NA,1985-1992,southeastern Weddell Sea & northern Lazarev Sea,fatty acid 16:00,measurement,mass %,7,larvae,16.7,validation,"egg and larval
 development",state_var,tissues
Hagen et al. 2001,lipid metabolism of the antarctic krill euphausia superba and its ecological implications,observation,years,NA,1985-1992,southeastern Weddell Sea & northern Lazarev Sea,fatty acid 16:1 (n-7),measurement,mass %,7,larvae,6.2,validation,"egg and larval
 development",state_var,tissues
Hagen et al. 2001,lipid metabolism of the antarctic krill euphausia superba and its ecological implications,observation,years,NA,1985-1992,southeastern Weddell Sea & northern Lazarev Sea,fatty acid 18:0,measurement,mass %,7,larvae,1.2,validation,"egg and larval
 development",state_var,tissues
Hagen et al. 2001,lipid metabolism of the antarctic krill euphausia superba and its ecological implications,observation,years,NA,1985-1992,southeastern Weddell Sea & northern Lazarev Sea,fatty acid 18:1 (n-9),measurement,mass %,7,larvae,109,validation,"egg and larval
 development",state_var,tissues
Hagen et al. 2001,lipid metabolism of the antarctic krill euphausia superba and its ecological implications,observation,years,NA,1985-1992,southeastern Weddell Sea & northern Lazarev Sea,fatty acid 18:1 (n-7),measurement,mass %,7,larvae,6.8,validation,"egg and larval
 development",state_var,tissues
Hagen et al. 2001,lipid metabolism of the antarctic krill euphausia superba and its ecological implications,observation,years,NA,1985-1992,southeastern Weddell Sea & northern Lazarev Sea,fatty acid 18:2 (n-6),measurement,mass %,7,larvae,2.5,validation,"egg and larval
 development",state_var,tissues
Hagen et al. 2001,lipid metabolism of the antarctic krill euphausia superba and its ecological implications,observation,years,NA,1985-1992,southeastern Weddell Sea & northern Lazarev Sea,fatty acid 18:3 (n-3),measurement,mass %,7,larvae,0.9,validation,"egg and larval
 development",state_var,tissues
Hagen et al. 2001,lipid metabolism of the antarctic krill euphausia superba and its ecological implications,observation,years,NA,1985-1992,southeastern Weddell Sea & northern Lazarev Sea,fatty acid 18:4 (n-3),measurement,mass %,7,larvae,2.8,validation,"egg and larval
 development",state_var,tissues
Hagen et al. 2001,lipid metabolism of the antarctic krill euphausia superba and its ecological implications,observation,years,NA,1985-1992,southeastern Weddell Sea & northern Lazarev Sea,fatty acid 20:1 (n-9),measurement,mass %,7,larvae,1.3,validation,"egg and larval
 development",state_var,tissues
Hagen et al. 2001,lipid metabolism of the antarctic krill euphausia superba and its ecological implications,observation,years,NA,1985-1992,southeastern Weddell Sea & northern Lazarev Sea,fatty acid 20:4 (n-6),measurement,mass %,7,larvae,0.9,validation,"egg and larval
 development",state_var,tissues
Hagen et al. 2001,lipid metabolism of the antarctic krill euphausia superba and its ecological implications,observation,years,NA,1985-1992,southeastern Weddell Sea & northern Lazarev Sea,fatty acid 20:5 (n-3),measurement,mass %,7,larvae,25.6,validation,"egg and larval
 development",state_var,tissues
Hagen et al. 2001,lipid metabolism of the antarctic krill euphausia superba and its ecological implications,observation,years,NA,1985-1992,southeastern Weddell Sea & northern Lazarev Sea,fatty acid 22:6 (n-3),measurement,mass %,7,larvae,15.2,validation,"egg and larval
 development",state_var,tissues
Hagen et al. 2001,lipid metabolism of the antarctic krill euphausia superba and its ecological implications,observation,years,spring,1985-1992,southeastern Weddell Sea & northern Lazarev Sea,fatty acid 14:00,measurement,mass %,2,larvae,4.5,validation,"egg and larval
 development",state_var,tissues
Hagen et al. 2001,lipid metabolism of the antarctic krill euphausia superba and its ecological implications,observation,years,spring,1985-1992,southeastern Weddell Sea & northern Lazarev Sea,fatty acid 16:00,measurement,mass %,2,larvae,17.5,validation,"egg and larval
 development",state_var,tissues
Hagen et al. 2001,lipid metabolism of the antarctic krill euphausia superba and its ecological implications,observation,years,spring,1985-1992,southeastern Weddell Sea & northern Lazarev Sea,fatty acid 16:1 (n-7),measurement,mass %,2,larvae,3.1,validation,"egg and larval
 development",state_var,tissues
Hagen et al. 2001,lipid metabolism of the antarctic krill euphausia superba and its ecological implications,observation,years,spring,1985-1992,southeastern Weddell Sea & northern Lazarev Sea,fatty acid 18:0,measurement,mass %,2,larvae,1,validation,"egg and larval
 development",state_var,tissues
Hagen et al. 2001,lipid metabolism of the antarctic krill euphausia superba and its ecological implications,observation,years,spring,1985-1992,southeastern Weddell Sea & northern Lazarev Sea,fatty acid 18:1 (n-9),measurement,mass %,2,larvae,4.4,validation,"egg and larval
 development",state_var,tissues
Hagen et al. 2001,lipid metabolism of the antarctic krill euphausia superba and its ecological implications,observation,years,spring,1985-1992,southeastern Weddell Sea & northern Lazarev Sea,fatty acid 18:1 (n-7),measurement,mass %,2,larvae,6.1,validation,"egg and larval
 development",state_var,tissues
Hagen et al. 2001,lipid metabolism of the antarctic krill euphausia superba and its ecological implications,observation,years,spring,1985-1992,southeastern Weddell Sea & northern Lazarev Sea,fatty acid 18:2 (n-6),measurement,mass %,2,larvae,3.5,validation,"egg and larval
 development",state_var,tissues
Hagen et al. 2001,lipid metabolism of the antarctic krill euphausia superba and its ecological implications,observation,years,spring,1985-1992,southeastern Weddell Sea & northern Lazarev Sea,fatty acid 18:3 (n-3),measurement,mass %,2,larvae,1.2,validation,"egg and larval
 development",state_var,tissues
Hagen et al. 2001,lipid metabolism of the antarctic krill euphausia superba and its ecological implications,observation,years,spring,1985-1992,southeastern Weddell Sea & northern Lazarev Sea,fatty acid 18:4 (n-3),measurement,mass %,2,larvae,4.5,validation,"egg and larval
 development",state_var,tissues
Hagen et al. 2001,lipid metabolism of the antarctic krill euphausia superba and its ecological implications,observation,years,spring,1985-1992,southeastern Weddell Sea & northern Lazarev Sea,fatty acid 20:1 (n-9),measurement,mass %,2,larvae,1.1,validation,"egg and larval
 development",state_var,tissues
Hagen et al. 2001,lipid metabolism of the antarctic krill euphausia superba and its ecological implications,observation,years,spring,1985-1992,southeastern Weddell Sea & northern Lazarev Sea,fatty acid 20:4 (n-6),measurement,mass %,2,larvae,0.8,validation,"egg and larval
 development",state_var,tissues
Hagen et al. 2001,lipid metabolism of the antarctic krill euphausia superba and its ecological implications,observation,years,spring,1985-1992,southeastern Weddell Sea & northern Lazarev Sea,fatty acid 20:5 (n-3),measurement,mass %,2,larvae,27.9,validation,"egg and larval
 development",state_var,tissues
Hagen et al. 2001,lipid metabolism of the antarctic krill euphausia superba and its ecological implications,observation,years,spring,1985-1992,southeastern Weddell Sea & northern Lazarev Sea,fatty acid 22:6 (n-3),measurement,mass %,2,larvae,20.3,validation,"egg and larval
 development",state_var,tissues
Hagen et al. 2001,lipid metabolism of the antarctic krill euphausia superba and its ecological implications,observation,years,autumn,1985-1992,southeastern Weddell Sea & northern Lazarev Sea,fatty acid 14:00,measurement,mass %,10,larvae,6.8,validation,"egg and larval
 development",state_var,tissues
Hagen et al. 2001,lipid metabolism of the antarctic krill euphausia superba and its ecological implications,observation,years,autumn,1985-1992,southeastern Weddell Sea & northern Lazarev Sea,fatty acid 16:00,measurement,mass %,10,larvae,15.4,validation,"egg and larval
 development",state_var,tissues
Hagen et al. 2001,lipid metabolism of the antarctic krill euphausia superba and its ecological implications,observation,years,autumn,1985-1992,southeastern Weddell Sea & northern Lazarev Sea,fatty acid 16:1 (n-7),measurement,mass %,10,larvae,2.4,validation,"egg and larval
 development",state_var,tissues
Hagen et al. 2001,lipid metabolism of the antarctic krill euphausia superba and its ecological implications,observation,years,autumn,1985-1992,southeastern Weddell Sea & northern Lazarev Sea,fatty acid 18:0,measurement,mass %,10,larvae,1.6,validation,"egg and larval
 development",state_var,tissues
Hagen et al. 2001,lipid metabolism of the antarctic krill euphausia superba and its ecological implications,observation,years,autumn,1985-1992,southeastern Weddell Sea & northern Lazarev Sea,fatty acid 18:1 (n-9),measurement,mass %,10,larvae,9,validation,"egg and larval
 development",state_var,tissues
Hagen et al. 2001,lipid metabolism of the antarctic krill euphausia superba and its ecological implications,observation,years,autumn,1985-1992,southeastern Weddell Sea & northern Lazarev Sea,fatty acid 18:1 (n-7),measurement,mass %,10,larvae,4.8,validation,"egg and larval
 development",state_var,tissues
Hagen et al. 2001,lipid metabolism of the antarctic krill euphausia superba and its ecological implications,observation,years,autumn,1985-1992,southeastern Weddell Sea & northern Lazarev Sea,fatty acid 18:2 (n-6),measurement,mass %,10,larvae,3,validation,"egg and larval
 development",state_var,tissues
Hagen et al. 2001,lipid metabolism of the antarctic krill euphausia superba and its ecological implications,observation,years,autumn,1985-1992,southeastern Weddell Sea & northern Lazarev Sea,fatty acid 18:3 (n-3),measurement,mass %,10,larvae,1.4,validation,"egg and larval
 development",state_var,tissues
Hagen et al. 2001,lipid metabolism of the antarctic krill euphausia superba and its ecological implications,observation,years,autumn,1985-1992,southeastern Weddell Sea & northern Lazarev Sea,fatty acid 18:4 (n-3),measurement,mass %,10,larvae,10.2,validation,"egg and larval
 development",state_var,tissues
Hagen et al. 2001,lipid metabolism of the antarctic krill euphausia superba and its ecological implications,observation,years,autumn,1985-1992,southeastern Weddell Sea & northern Lazarev Sea,fatty acid 20:1 (n-9),measurement,mass %,10,larvae,3.2,validation,"egg and larval
 development",state_var,tissues
Hagen et al. 2001,lipid metabolism of the antarctic krill euphausia superba and its ecological implications,observation,years,autumn,1985-1992,southeastern Weddell Sea & northern Lazarev Sea,fatty acid 20:4 (n-6),measurement,mass %,10,larvae,0.8,validation,"egg and larval
 development",state_var,tissues
Hagen et al. 2001,lipid metabolism of the antarctic krill euphausia superba and its ecological implications,observation,years,autumn,1985-1992,southeastern Weddell Sea & northern Lazarev Sea,fatty acid 20:5 (n-3),measurement,mass %,10,larvae,20.4,validation,"egg and larval
 development",state_var,tissues
Hagen et al. 2001,lipid metabolism of the antarctic krill euphausia superba and its ecological implications,observation,years,autumn,1985-1992,southeastern Weddell Sea & northern Lazarev Sea,fatty acid 22:6 (n-3),measurement,mass %,10,larvae,18.3,validation,"egg and larval
 development",state_var,tissues
Hagen et al. 2001,lipid metabolism of the antarctic krill euphausia superba and its ecological implications,observation,years,NA,1985-1992,southeastern Weddell Sea & northern Lazarev Sea,fatty acids 14:00 (mass %) of phospholipids (PL),measurement,mass %,NA,larvae,2,validation,"egg and larval
 development",state_var,tissues
Hagen et al. 2001,lipid metabolism of the antarctic krill euphausia superba and its ecological implications,observation,years,NA,1985-1992,southeastern Weddell Sea & northern Lazarev Sea,fatty acids 16:00 (mass %) of phospholipids (PL),measurement,mass %,NA,larvae,19.3,validation,"egg and larval
 development",state_var,tissues
Hagen et al. 2001,lipid metabolism of the antarctic krill euphausia superba and its ecological implications,observation,years,NA,1985-1992,southeastern Weddell Sea & northern Lazarev Sea,fatty acids 16:1 (n-7) (mass %) of phospholipids (PL),measurement,mass %,NA,larvae,2.4,validation,"egg and larval
 development",state_var,tissues
Hagen et al. 2001,lipid metabolism of the antarctic krill euphausia superba and its ecological implications,observation,years,NA,1985-1992,southeastern Weddell Sea & northern Lazarev Sea,fatty acids 18:0 (mass %) of phospholipids (PL),measurement,mass %,NA,larvae,1.7,validation,"egg and larval
 development",state_var,tissues
Hagen et al. 2001,lipid metabolism of the antarctic krill euphausia superba and its ecological implications,observation,years,NA,1985-1992,southeastern Weddell Sea & northern Lazarev Sea,fatty acids 18:1 (n-9) (mass %) of phospholipids (PL),measurement,mass %,NA,larvae,8.6,validation,"egg and larval
 development",state_var,tissues
Hagen et al. 2001,lipid metabolism of the antarctic krill euphausia superba and its ecological implications,observation,years,NA,1985-1992,southeastern Weddell Sea & northern Lazarev Sea,fatty acids 18:1 (n-7) (mass %) of phospholipids (PL),measurement,mass %,NA,larvae,8,validation,"egg and larval
 development",state_var,tissues
Hagen et al. 2001,lipid metabolism of the antarctic krill euphausia superba and its ecological implications,observation,years,NA,1985-1992,southeastern Weddell Sea & northern Lazarev Sea,fatty acids 18:2 (n-6) (mass %) of phospholipids (PL),measurement,mass %,NA,larvae,2,validation,"egg and larval
 development",state_var,tissues
Hagen et al. 2001,lipid metabolism of the antarctic krill euphausia superba and its ecological implications,observation,years,NA,1985-1992,southeastern Weddell Sea & northern Lazarev Sea,fatty acids 18:3 (n-3) (mass %) of phospholipids (PL),measurement,mass %,NA,larvae,0.7,validation,"egg and larval
 development",state_var,tissues
Hagen et al. 2001,lipid metabolism of the antarctic krill euphausia superba and its ecological implications,observation,years,NA,1985-1992,southeastern Weddell Sea & northern Lazarev Sea,fatty acids 18:4 (n-3) (mass %) of phospholipids (PL),measurement,mass %,NA,larvae,0.8,validation,"egg and larval
 development",state_var,tissues
Hagen et al. 2001,lipid metabolism of the antarctic krill euphausia superba and its ecological implications,observation,years,NA,1985-1992,southeastern Weddell Sea & northern Lazarev Sea,fatty acids 20:1 (n-9) (mass %) of phospholipids (PL),measurement,mass %,NA,larvae,0.9,validation,"egg and larval
 development",state_var,tissues
Hagen et al. 2001,lipid metabolism of the antarctic krill euphausia superba and its ecological implications,observation,years,NA,1985-1992,southeastern Weddell Sea & northern Lazarev Sea,fatty acids 20:4 (n-6) (mass %) of phospholipids (PL),measurement,mass %,NA,larvae,0.9,validation,"egg and larval
 development",state_var,tissues
Hagen et al. 2001,lipid metabolism of the antarctic krill euphausia superba and its ecological implications,observation,years,NA,1985-1992,southeastern Weddell Sea & northern Lazarev Sea,fatty acids 20:5 (n-3) (mass %) of phospholipids (PL),measurement,mass %,NA,larvae,28.1,validation,"egg and larval
 development",state_var,tissues
Hagen et al. 2001,lipid metabolism of the antarctic krill euphausia superba and its ecological implications,observation,years,NA,1985-1992,southeastern Weddell Sea & northern Lazarev Sea,fatty acids 22:6 (n-3) (mass %) of phospholipids (PL),measurement,mass %,NA,larvae,23,validation,"egg and larval
 development",state_var,tissues
Hagen et al. 2001,lipid metabolism of the antarctic krill euphausia superba and its ecological implications,observation,years,NA,1985-1992,southeastern Weddell Sea & northern Lazarev Sea,fatty acids 14:00 (mass %) of triacylglycerols (TAG),measurement,mass %,NA,larvae,10.5,validation,"egg and larval
 development",state_var,tissues
Hagen et al. 2001,lipid metabolism of the antarctic krill euphausia superba and its ecological implications,observation,years,NA,1985-1992,southeastern Weddell Sea & northern Lazarev Sea,fatty acids 16:00 (mass %) of triacylglycerols (TAG),measurement,mass %,NA,larvae,20.9,validation,"egg and larval
 development",state_var,tissues
Hagen et al. 2001,lipid metabolism of the antarctic krill euphausia superba and its ecological implications,observation,years,NA,1985-1992,southeastern Weddell Sea & northern Lazarev Sea,fatty acids 16:1 (n-7) (mass %) of triacylglycerols (TAG),measurement,mass %,NA,larvae,6.9,validation,"egg and larval
 development",state_var,tissues
Hagen et al. 2001,lipid metabolism of the antarctic krill euphausia superba and its ecological implications,observation,years,NA,1985-1992,southeastern Weddell Sea & northern Lazarev Sea,fatty acids 18:0 (mass %) of triacylglycerols (TAG),measurement,mass %,NA,larvae,4.5,validation,"egg and larval
 development",state_var,tissues
Hagen et al. 2001,lipid metabolism of the antarctic krill euphausia superba and its ecological implications,observation,years,NA,1985-1992,southeastern Weddell Sea & northern Lazarev Sea,fatty acids 18:1 (n-9) (mass %) of triacylglycerols (TAG),measurement,mass %,NA,larvae,12.8,validation,"egg and larval
 development",state_var,tissues
Hagen et al. 2001,lipid metabolism of the antarctic krill euphausia superba and its ecological implications,observation,years,NA,1985-1992,southeastern Weddell Sea & northern Lazarev Sea,fatty acids 18:1 (n-7) (mass %) of triacylglycerols (TAG),measurement,mass %,NA,larvae,4.5,validation,"egg and larval
 development",state_var,tissues
Hagen et al. 2001,lipid metabolism of the antarctic krill euphausia superba and its ecological implications,observation,years,NA,1985-1992,southeastern Weddell Sea & northern Lazarev Sea,fatty acids 18:2 (n-6) (mass %) of triacylglycerols (TAG),measurement,mass %,NA,larvae,3.3,validation,"egg and larval
 development",state_var,tissues
Hagen et al. 2001,lipid metabolism of the antarctic krill euphausia superba and its ecological implications,observation,years,NA,1985-1992,southeastern Weddell Sea & northern Lazarev Sea,fatty acids 18:3 (n-3) (mass %) of triacylglycerols (TAG),measurement,mass %,NA,larvae,1.2,validation,"egg and larval
 development",state_var,tissues
Hagen et al. 2001,lipid metabolism of the antarctic krill euphausia superba and its ecological implications,observation,years,NA,1985-1992,southeastern Weddell Sea & northern Lazarev Sea,fatty acids 18:4 (n-3) (mass %) of triacylglycerols (TAG),measurement,mass %,NA,larvae,4.8,validation,"egg and larval
 development",state_var,tissues
Hagen et al. 2001,lipid metabolism of the antarctic krill euphausia superba and its ecological implications,observation,years,NA,1985-1992,southeastern Weddell Sea & northern Lazarev Sea,fatty acids 20:1 (n-9) (mass %) of triacylglycerols (TAG),measurement,mass %,NA,larvae,1.9,validation,"egg and larval
 development",state_var,tissues
Hagen et al. 2001,lipid metabolism of the antarctic krill euphausia superba and its ecological implications,observation,years,NA,1985-1992,southeastern Weddell Sea & northern Lazarev Sea,fatty acids 20:4 (n-6) (mass %) of triacylglycerols (TAG),measurement,mass %,NA,larvae,0,validation,"egg and larval
 development",state_var,tissues
Hagen et al. 2001,lipid metabolism of the antarctic krill euphausia superba and its ecological implications,observation,years,NA,1985-1992,southeastern Weddell Sea & northern Lazarev Sea,fatty acids 20:5 (n-3) (mass %) of triacylglycerols (TAG),measurement,mass %,NA,larvae,14.9,validation,"egg and larval
 development",state_var,tissues
Hagen et al. 2001,lipid metabolism of the antarctic krill euphausia superba and its ecological implications,observation,years,NA,1985-1992,southeastern Weddell Sea & northern Lazarev Sea,fatty acids 22:6 (n-3) (mass %) of triacylglycerols (TAG),measurement,mass %,NA,larvae,3,validation,"egg and larval
 development",state_var,tissues
Hagen et al. 2001,lipid metabolism of the antarctic krill euphausia superba and its ecological implications,observation,years,NA,1985-1992,southeastern Weddell Sea & northern Lazarev Sea,fatty acids 14:00 (mass %) of phospholipids (PL),measurement,mass %,NA,larvae,1.3,validation,"egg and larval
 development",state_var,tissues
Hagen et al. 2001,lipid metabolism of the antarctic krill euphausia superba and its ecological implications,observation,years,NA,1985-1992,southeastern Weddell Sea & northern Lazarev Sea,fatty acids 16:00 (mass %) of phospholipids (PL),measurement,mass %,NA,larvae,18.9,validation,"egg and larval
 development",state_var,tissues
Hagen et al. 2001,lipid metabolism of the antarctic krill euphausia superba and its ecological implications,observation,years,NA,1985-1992,southeastern Weddell Sea & northern Lazarev Sea,fatty acids 16:1 (n-7) (mass %) of phospholipids (PL),measurement,mass %,NA,larvae,1.4,validation,"egg and larval
 development",state_var,tissues
Hagen et al. 2001,lipid metabolism of the antarctic krill euphausia superba and its ecological implications,observation,years,NA,1985-1992,southeastern Weddell Sea & northern Lazarev Sea,fatty acids 18:0 (mass %) of phospholipids (PL),measurement,mass %,NA,larvae,1.8,validation,"egg and larval
 development",state_var,tissues
Hagen et al. 2001,lipid metabolism of the antarctic krill euphausia superba and its ecological implications,observation,years,NA,1985-1992,southeastern Weddell Sea & northern Lazarev Sea,fatty acids 18:1 (n-9) (mass %) of phospholipids (PL),measurement,mass %,NA,larvae,3.6,validation,"egg and larval
 development",state_var,tissues
Hagen et al. 2001,lipid metabolism of the antarctic krill euphausia superba and its ecological implications,observation,years,NA,1985-1992,southeastern Weddell Sea & northern Lazarev Sea,fatty acids 18:1 (n-7) (mass %) of phospholipids (PL),measurement,mass %,NA,larvae,7.2,validation,"egg and larval
 development",state_var,tissues
Hagen et al. 2001,lipid metabolism of the antarctic krill euphausia superba and its ecological implications,observation,years,NA,1985-1992,southeastern Weddell Sea & northern Lazarev Sea,fatty acids 18:2 (n-6) (mass %) of phospholipids (PL),measurement,mass %,NA,larvae,2.9,validation,"egg and larval
 development",state_var,tissues
Hagen et al. 2001,lipid metabolism of the antarctic krill euphausia superba and its ecological implications,observation,years,NA,1985-1992,southeastern Weddell Sea & northern Lazarev Sea,fatty acids 18:3 (n-3) (mass %) of phospholipids (PL),measurement,mass %,NA,larvae,1,validation,"egg and larval
 development",state_var,tissues
Hagen et al. 2001,lipid metabolism of the antarctic krill euphausia superba and its ecological implications,observation,years,NA,1985-1992,southeastern Weddell Sea & northern Lazarev Sea,fatty acids 18:4 (n-3) (mass %) of phospholipids (PL),measurement,mass %,NA,larvae,2.4,validation,"egg and larval
 development",state_var,tissues
Hagen et al. 2001,lipid metabolism of the antarctic krill euphausia superba and its ecological implications,observation,years,NA,1985-1992,southeastern Weddell Sea & northern Lazarev Sea,fatty acids 20:1 (n-9) (mass %) of phospholipids (PL),measurement,mass %,NA,larvae,0.9,validation,"egg and larval
 development",state_var,tissues
Hagen et al. 2001,lipid metabolism of the antarctic krill euphausia superba and its ecological implications,observation,years,NA,1985-1992,southeastern Weddell Sea & northern Lazarev Sea,fatty acids 20:4 (n-6) (mass %) of phospholipids (PL),measurement,mass %,NA,larvae,0,validation,"egg and larval
 development",state_var,tissues
Hagen et al. 2001,lipid metabolism of the antarctic krill euphausia superba and its ecological implications,observation,years,NA,1985-1992,southeastern Weddell Sea & northern Lazarev Sea,fatty acids 20:5 (n-3) (mass %) of phospholipids (PL),measurement,mass %,NA,larvae,31.2,validation,"egg and larval
 development",state_var,tissues
Hagen et al. 2001,lipid metabolism of the antarctic krill euphausia superba and its ecological implications,observation,years,NA,1985-1992,southeastern Weddell Sea & northern Lazarev Sea,fatty acids 22:6 (n-3) (mass %) of phospholipids (PL),measurement,mass %,NA,larvae,26.5,validation,"egg and larval
 development",state_var,tissues
Hagen et al. 2001,lipid metabolism of the antarctic krill euphausia superba and its ecological implications,observation,years,NA,1985-1992,southeastern Weddell Sea & northern Lazarev Sea,fatty acids 14:00 (mass %) of triacylglycerols (TAG),measurement,mass %,NA,larvae,7.6,validation,"egg and larval
 development",state_var,tissues
Hagen et al. 2001,lipid metabolism of the antarctic krill euphausia superba and its ecological implications,observation,years,NA,1985-1992,southeastern Weddell Sea & northern Lazarev Sea,fatty acids 16:00 (mass %) of triacylglycerols (TAG),measurement,mass %,NA,larvae,26.9,validation,"egg and larval
 development",state_var,tissues
Hagen et al. 2001,lipid metabolism of the antarctic krill euphausia superba and its ecological implications,observation,years,NA,1985-1992,southeastern Weddell Sea & northern Lazarev Sea,fatty acids 16:1 (n-7) (mass %) of triacylglycerols (TAG),measurement,mass %,NA,larvae,5.1,validation,"egg and larval
 development",state_var,tissues
Hagen et al. 2001,lipid metabolism of the antarctic krill euphausia superba and its ecological implications,observation,years,NA,1985-1992,southeastern Weddell Sea & northern Lazarev Sea,fatty acids 18:0 (mass %) of triacylglycerols (TAG),measurement,mass %,NA,larvae,8.7,validation,"egg and larval
 development",state_var,tissues
Hagen et al. 2001,lipid metabolism of the antarctic krill euphausia superba and its ecological implications,observation,years,NA,1985-1992,southeastern Weddell Sea & northern Lazarev Sea,fatty acids 18:1 (n-9) (mass %) of triacylglycerols (TAG),measurement,mass %,NA,larvae,7.5,validation,"egg and larval
 development",state_var,tissues
Hagen et al. 2001,lipid metabolism of the antarctic krill euphausia superba and its ecological implications,observation,years,NA,1985-1992,southeastern Weddell Sea & northern Lazarev Sea,fatty acids 18:1 (n-7) (mass %) of triacylglycerols (TAG),measurement,mass %,NA,larvae,2.8,validation,"egg and larval
 development",state_var,tissues
Hagen et al. 2001,lipid metabolism of the antarctic krill euphausia superba and its ecological implications,observation,years,NA,1985-1992,southeastern Weddell Sea & northern Lazarev Sea,fatty acids 18:2 (n-6) (mass %) of triacylglycerols (TAG),measurement,mass %,NA,larvae,3.1,validation,"egg and larval
 development",state_var,tissues
Hagen et al. 2001,lipid metabolism of the antarctic krill euphausia superba and its ecological implications,observation,years,NA,1985-1992,southeastern Weddell Sea & northern Lazarev Sea,fatty acids 18:3 (n-3) (mass %) of triacylglycerols (TAG),measurement,mass %,NA,larvae,0,validation,"egg and larval
 development",state_var,tissues
Hagen et al. 2001,lipid metabolism of the antarctic krill euphausia superba and its ecological implications,observation,years,NA,1985-1992,southeastern Weddell Sea & northern Lazarev Sea,fatty acids 18:4 (n-3) (mass %) of triacylglycerols (TAG),measurement,mass %,NA,larvae,10.8,validation,"egg and larval
 development",state_var,tissues
Hagen et al. 2001,lipid metabolism of the antarctic krill euphausia superba and its ecological implications,observation,years,NA,1985-1992,southeastern Weddell Sea & northern Lazarev Sea,fatty acids 20:1 (n-9) (mass %) of triacylglycerols (TAG),measurement,mass %,NA,larvae,2.8,validation,"egg and larval
 development",state_var,tissues
Hagen et al. 2001,lipid metabolism of the antarctic krill euphausia superba and its ecological implications,observation,years,NA,1985-1992,southeastern Weddell Sea & northern Lazarev Sea,fatty acids 20:4 (n-6) (mass %) of triacylglycerols (TAG),measurement,mass %,NA,larvae,0,validation,"egg and larval
 development",state_var,tissues
Hagen et al. 2001,lipid metabolism of the antarctic krill euphausia superba and its ecological implications,observation,years,NA,1985-1992,southeastern Weddell Sea & northern Lazarev Sea,fatty acids 20:5 (n-3) (mass %) of triacylglycerols (TAG),measurement,mass %,NA,larvae,13.2,validation,"egg and larval
 development",state_var,tissues
Hagen et al. 2001,lipid metabolism of the antarctic krill euphausia superba and its ecological implications,observation,years,NA,1985-1992,southeastern Weddell Sea & northern Lazarev Sea,fatty acids 22:6 (n-3) (mass %) of triacylglycerols (TAG),measurement,mass %,NA,larvae,2.2,validation,"egg and larval
 development",state_var,tissues
Hagen et al. 2001,lipid metabolism of the antarctic krill euphausia superba and its ecological implications,observation,years,NA,1985-1992,southeastern Weddell Sea & northern Lazarev Sea,fatty acids 14:00 (mass %) of phospholipids (PL),measurement,mass %,NA,juvenile,3.2,validation,"egg and larval
 development",state_var,tissues
Hagen et al. 2001,lipid metabolism of the antarctic krill euphausia superba and its ecological implications,observation,years,NA,1985-1992,southeastern Weddell Sea & northern Lazarev Sea,fatty acids 16:00 (mass %) of phospholipids (PL),measurement,mass %,NA,juvenile,21.2,validation,"egg and larval
 development",state_var,tissues
Hagen et al. 2001,lipid metabolism of the antarctic krill euphausia superba and its ecological implications,observation,years,NA,1985-1992,southeastern Weddell Sea & northern Lazarev Sea,fatty acids 16:1 (n-7) (mass %) of phospholipids (PL),measurement,mass %,NA,juvenile,1.6,validation,"egg and larval
 development",state_var,tissues
Hagen et al. 2001,lipid metabolism of the antarctic krill euphausia superba and its ecological implications,observation,years,NA,1985-1992,southeastern Weddell Sea & northern Lazarev Sea,fatty acids 18:0 (mass %) of phospholipids (PL),measurement,mass %,NA,juvenile,1.3,validation,"egg and larval
 development",state_var,tissues
Hagen et al. 2001,lipid metabolism of the antarctic krill euphausia superba and its ecological implications,observation,years,NA,1985-1992,southeastern Weddell Sea & northern Lazarev Sea,fatty acids 18:1 (n-9) (mass %) of phospholipids (PL),measurement,mass %,NA,juvenile,8.9,validation,"egg and larval
 development",state_var,tissues
Hagen et al. 2001,lipid metabolism of the antarctic krill euphausia superba and its ecological implications,observation,years,NA,1985-1992,southeastern Weddell Sea & northern Lazarev Sea,fatty acids 18:1 (n-7) (mass %) of phospholipids (PL),measurement,mass %,NA,juvenile,6.4,validation,"egg and larval
 development",state_var,tissues
Hagen et al. 2001,lipid metabolism of the antarctic krill euphausia superba and its ecological implications,observation,years,NA,1985-1992,southeastern Weddell Sea & northern Lazarev Sea,fatty acids 18:2 (n-6) (mass %) of phospholipids (PL),measurement,mass %,NA,juvenile,2,validation,"egg and larval
 development",state_var,tissues
Hagen et al. 2001,lipid metabolism of the antarctic krill euphausia superba and its ecological implications,observation,years,NA,1985-1992,southeastern Weddell Sea & northern Lazarev Sea,fatty acids 18:3 (n-3) (mass %) of phospholipids (PL),measurement,mass %,NA,juvenile,1.4,validation,"egg and larval
 development",state_var,tissues
Hagen et al. 2001,lipid metabolism of the antarctic krill euphausia superba and its ecological implications,observation,years,NA,1985-1992,southeastern Weddell Sea & northern Lazarev Sea,fatty acids 18:4 (n-3) (mass %) of phospholipids (PL),measurement,mass %,NA,juvenile,8.9,validation,"egg and larval
 development",state_var,tissues
Hagen et al. 2001,lipid metabolism of the antarctic krill euphausia superba and its ecological implications,observation,years,NA,1985-1992,southeastern Weddell Sea & northern Lazarev Sea,fatty acids 20:1 (n-9) (mass %) of phospholipids (PL),measurement,mass %,NA,juvenile,1.1,validation,"egg and larval
 development",state_var,tissues
Hagen et al. 2001,lipid metabolism of the antarctic krill euphausia superba and its ecological implications,observation,years,NA,1985-1992,southeastern Weddell Sea & northern Lazarev Sea,fatty acids 20:4 (n-6) (mass %) of phospholipids (PL),measurement,mass %,NA,juvenile,0.9,validation,"egg and larval
 development",state_var,tissues
Hagen et al. 2001,lipid metabolism of the antarctic krill euphausia superba and its ecological implications,observation,years,NA,1985-1992,southeastern Weddell Sea & northern Lazarev Sea,fatty acids 20:5 (n-3) (mass %) of phospholipids (PL),measurement,mass %,NA,juvenile,23.1,validation,"egg and larval
 development",state_var,tissues
Hagen et al. 2001,lipid metabolism of the antarctic krill euphausia superba and its ecological implications,observation,years,NA,1985-1992,southeastern Weddell Sea & northern Lazarev Sea,fatty acids 22:6 (n-3) (mass %) of phospholipids (PL),measurement,mass %,NA,juvenile,19.1,validation,"egg and larval
 development",state_var,tissues
Hagen et al. 2001,lipid metabolism of the antarctic krill euphausia superba and its ecological implications,observation,years,NA,1985-1992,southeastern Weddell Sea & northern Lazarev Sea,fatty acids 14:00 (mass %) of triacylglycerols (TAG),measurement,mass %,NA,juvenile,22.5,validation,"egg and larval
 development",state_var,tissues
Hagen et al. 2001,lipid metabolism of the antarctic krill euphausia superba and its ecological implications,observation,years,NA,1985-1992,southeastern Weddell Sea & northern Lazarev Sea,fatty acids 16:00 (mass %) of triacylglycerols (TAG),measurement,mass %,NA,juvenile,23.6,validation,"egg and larval
 development",state_var,tissues
Hagen et al. 2001,lipid metabolism of the antarctic krill euphausia superba and its ecological implications,observation,years,NA,1985-1992,southeastern Weddell Sea & northern Lazarev Sea,fatty acids 16:1 (n-7) (mass %) of triacylglycerols (TAG),measurement,mass %,NA,juvenile,7.1,validation,"egg and larval
 development",state_var,tissues
Hagen et al. 2001,lipid metabolism of the antarctic krill euphausia superba and its ecological implications,observation,years,NA,1985-1992,southeastern Weddell Sea & northern Lazarev Sea,fatty acids 18:0 (mass %) of triacylglycerols (TAG),measurement,mass %,NA,juvenile,2,validation,"egg and larval
 development",state_var,tissues
Hagen et al. 2001,lipid metabolism of the antarctic krill euphausia superba and its ecological implications,observation,years,NA,1985-1992,southeastern Weddell Sea & northern Lazarev Sea,fatty acids 18:1 (n-9) (mass %) of triacylglycerols (TAG),measurement,mass %,NA,juvenile,23.5,validation,"egg and larval
 development",state_var,tissues
Hagen et al. 2001,lipid metabolism of the antarctic krill euphausia superba and its ecological implications,observation,years,NA,1985-1992,southeastern Weddell Sea & northern Lazarev Sea,fatty acids 18:1 (n-7) (mass %) of triacylglycerols (TAG),measurement,mass %,NA,juvenile,5.9,validation,"egg and larval
 development",state_var,tissues
Hagen et al. 2001,lipid metabolism of the antarctic krill euphausia superba and its ecological implications,observation,years,NA,1985-1992,southeastern Weddell Sea & northern Lazarev Sea,fatty acids 18:2 (n-6) (mass %) of triacylglycerols (TAG),measurement,mass %,NA,juvenile,2.3,validation,"egg and larval
 development",state_var,tissues
Hagen et al. 2001,lipid metabolism of the antarctic krill euphausia superba and its ecological implications,observation,years,NA,1985-1992,southeastern Weddell Sea & northern Lazarev Sea,fatty acids 18:3 (n-3) (mass %) of triacylglycerols (TAG),measurement,mass %,NA,juvenile,0.8,validation,"egg and larval
 development",state_var,tissues
Hagen et al. 2001,lipid metabolism of the antarctic krill euphausia superba and its ecological implications,observation,years,NA,1985-1992,southeastern Weddell Sea & northern Lazarev Sea,fatty acids 18:4 (n-3) (mass %) of triacylglycerols (TAG),measurement,mass %,NA,juvenile,6.1,validation,"egg and larval
 development",state_var,tissues
Hagen et al. 2001,lipid metabolism of the antarctic krill euphausia superba and its ecological implications,observation,years,NA,1985-1992,southeastern Weddell Sea & northern Lazarev Sea,fatty acids 20:1 (n-9) (mass %) of triacylglycerols (TAG),measurement,mass %,NA,juvenile,1.6,validation,"egg and larval
 development",state_var,tissues
Hagen et al. 2001,lipid metabolism of the antarctic krill euphausia superba and its ecological implications,observation,years,NA,1985-1992,southeastern Weddell Sea & northern Lazarev Sea,fatty acids 20:4 (n-6) (mass %) of triacylglycerols (TAG),measurement,mass %,NA,juvenile,0,validation,"egg and larval
 development",state_var,tissues
Hagen et al. 2001,lipid metabolism of the antarctic krill euphausia superba and its ecological implications,observation,years,NA,1985-1992,southeastern Weddell Sea & northern Lazarev Sea,fatty acids 20:5 (n-3) (mass %) of triacylglycerols (TAG),measurement,mass %,NA,juvenile,0.6,validation,"egg and larval
 development",state_var,tissues
Hagen et al. 2001,lipid metabolism of the antarctic krill euphausia superba and its ecological implications,observation,years,NA,1985-1992,southeastern Weddell Sea & northern Lazarev Sea,fatty acids 22:6 (n-3) (mass %) of triacylglycerols (TAG),measurement,mass %,NA,juvenile,1.5,validation,"egg and larval
 development",state_var,tissues
Ikeda (1984),development of the larvae of the antarctic krill (euphausia superba dana) observed in the laboratory,observation,months,summer,1982-1983,NA,Dry weight,laboratory observation,mg,8,larvae,1.41,"parameter, validation","egg and larval
 development",state_var,tissues
Ikeda (1984),development of the larvae of the antarctic krill (euphausia superba dana) observed in the laboratory,observation,months,summer,1982-1983,NA,gross growth efficiency,laboratory observation,% dw,8,larvae,29.7,"parameter, validation","egg and larval
 development",function,growth
Ikeda (1984),development of the larvae of the antarctic krill (euphausia superba dana) observed in the laboratory,observation,months,summer,1982-1983,NA,Body length,laboratory observation,mm,10,egg,0.57,"parameter, validation","egg and larval
 development",state_var,reserves
Ikeda (1984),development of the larvae of the antarctic krill (euphausia superba dana) observed in the laboratory,observation,months,summer,1982-1983,NA,Body length,laboratory observation,mm,5,larvae,0.7,"parameter, validation","egg and larval
 development",state_var,tissues
Ikeda (1984),development of the larvae of the antarctic krill (euphausia superba dana) observed in the laboratory,observation,months,summer,1982-1983,NA,Body length,laboratory observation,mm,4,larvae,0.78,"parameter, validation","egg and larval
 development",state_var,tissues
Ikeda (1984),development of the larvae of the antarctic krill (euphausia superba dana) observed in the laboratory,observation,months,summer,1982-1983,NA,Body length,laboratory observation,mm,5,larvae,0.91,"parameter, validation","egg and larval
 development",state_var,tissues
Ikeda (1984),development of the larvae of the antarctic krill (euphausia superba dana) observed in the laboratory,observation,months,summer,1982-1983,NA,Body length,laboratory observation,mm,5,larvae,1.72,"parameter, validation","egg and larval
 development",state_var,tissues
Ikeda (1984),development of the larvae of the antarctic krill (euphausia superba dana) observed in the laboratory,observation,months,summer,1982-1983,NA,Body length,laboratory observation,mm,4,larvae,2.9,"parameter, validation","egg and larval
 development",state_var,tissues
Ikeda (1984),development of the larvae of the antarctic krill (euphausia superba dana) observed in the laboratory,observation,months,summer,1982-1983,NA,Body length,laboratory observation,mm,2,larvae,4.26,"parameter, validation","egg and larval
 development",state_var,tissues
Ikeda (1984),development of the larvae of the antarctic krill (euphausia superba dana) observed in the laboratory,observation,months,summer,1982-1983,NA,Body length,laboratory observation,mm,2,larvae,5.38,"parameter, validation","egg and larval
 development",state_var,tissues
Ikeda (1984),development of the larvae of the antarctic krill (euphausia superba dana) observed in the laboratory,observation,months,summer,1982-1983,NA,Body length,laboratory observation,mm,2,larvae,6.65,"parameter, validation","egg and larval
 development",state_var,tissues
Ikeda (1984),development of the larvae of the antarctic krill (euphausia superba dana) observed in the laboratory,observation,months,summer,1982-1983,NA,Body length,laboratory observation,mm,2,larvae,8.24,"parameter, validation","egg and larval
 development",state_var,tissues
Ikeda (1984),development of the larvae of the antarctic krill (euphausia superba dana) observed in the laboratory,observation,months,summer,1982-1983,NA,Body length,laboratory observation,mm,2,larvae,8.82,"parameter, validation","egg and larval
 development",state_var,tissues
Ikeda (1984),development of the larvae of the antarctic krill (euphausia superba dana) observed in the laboratory,observation,months,summer,1982-1983,NA,Body length,laboratory observation,mm,2,larvae,9.6,"parameter, validation","egg and larval
 development",state_var,tissues
Ikeda (1984),development of the larvae of the antarctic krill (euphausia superba dana) observed in the laboratory,observation,months,summer,1982-1983,NA,Body length,laboratory observation,mm,2,larvae,10.66,"parameter, validation","egg and larval
 development",state_var,tissues
Ikeda (1984),development of the larvae of the antarctic krill (euphausia superba dana) observed in the laboratory,observation,months,summer,1982-1983,NA,Preserved wet weigth,laboratory observation,mg,5,egg,0.095,"parameter, validation","egg and larval
 development",state_var,reserves
Ikeda (1984),development of the larvae of the antarctic krill (euphausia superba dana) observed in the laboratory,observation,months,summer,1982-1983,NA,Preserved wet weigth,laboratory observation,mg,5,larvae,0.1,"parameter, validation","egg and larval
 development",state_var,tissues
Ikeda (1984),development of the larvae of the antarctic krill (euphausia superba dana) observed in the laboratory,observation,months,summer,1982-1983,NA,Preserved wet weigth,laboratory observation,mg,2,larvae,0.11,"parameter, validation","egg and larval
 development",state_var,tissues
Ikeda (1984),development of the larvae of the antarctic krill (euphausia superba dana) observed in the laboratory,observation,months,summer,1982-1983,NA,Preserved wet weigth,laboratory observation,mg,4,larvae,0.16,"parameter, validation","egg and larval
 development",state_var,tissues
Ikeda (1984),development of the larvae of the antarctic krill (euphausia superba dana) observed in the laboratory,observation,months,summer,1982-1983,NA,Preserved wet weigth,laboratory observation,mg,4,larvae,0.13,"parameter, validation","egg and larval
 development",state_var,tissues
Ikeda (1984),development of the larvae of the antarctic krill (euphausia superba dana) observed in the laboratory,observation,months,summer,1982-1983,NA,Preserved wet weigth,laboratory observation,mg,4,larvae,0.77,"parameter, validation","egg and larval
 development",state_var,tissues
Ikeda (1984),development of the larvae of the antarctic krill (euphausia superba dana) observed in the laboratory,observation,months,summer,1982-1983,NA,Preserved wet weigth,laboratory observation,mg,2,larvae,1.61,"parameter, validation","egg and larval
 development",state_var,tissues
Ikeda (1984),development of the larvae of the antarctic krill (euphausia superba dana) observed in the laboratory,observation,months,summer,1982-1983,NA,Preserved wet weigth,laboratory observation,mg,2,larvae,2.44,"parameter, validation","egg and larval
 development",state_var,tissues
Ikeda (1984),development of the larvae of the antarctic krill (euphausia superba dana) observed in the laboratory,observation,months,summer,1982-1983,NA,Preserved wet weigth,laboratory observation,mg,2,larvae,2.74,"parameter, validation","egg and larval
 development",state_var,tissues
Ikeda (1984),development of the larvae of the antarctic krill (euphausia superba dana) observed in the laboratory,observation,months,summer,1982-1983,NA,Preserved wet weigth,laboratory observation,mg,2,larvae,4.74,"parameter, validation","egg and larval
 development",state_var,tissues
Ikeda (1984),development of the larvae of the antarctic krill (euphausia superba dana) observed in the laboratory,observation,months,summer,1982-1983,NA,Preserved wet weigth,laboratory observation,mg,2,larvae,5.03,"parameter, validation","egg and larval
 development",state_var,tissues
Ikeda (1984),development of the larvae of the antarctic krill (euphausia superba dana) observed in the laboratory,observation,months,summer,1982-1983,NA,Preserved wet weigth,laboratory observation,mg,2,larvae,6,"parameter, validation","egg and larval
 development",state_var,tissues
Ikeda (1984),development of the larvae of the antarctic krill (euphausia superba dana) observed in the laboratory,observation,months,summer,1982-1983,NA,Preserved wet weigth,laboratory observation,mg,2,larvae,7.83,"parameter, validation","egg and larval
 development",state_var,tissues
Quetin et al. (2003),"Growth of larval krill, Euphausia superba, in fall and winter west of the Antarctic Peninsula",observation,months,autumn,1991-1993,Western Antarctic Peninsula,inter molt period (IMP),instantaneous growth rate expiments,days,NA,larvae,23.4,parameter,"egg and larval
 development",function,maintenance _moulting
Quetin et al. (2003),"Growth of larval krill, Euphausia superba, in fall and winter west of the Antarctic Peninsula",observation,months,winter,1987-1994,Western Antarctic Peninsula,inter molt period (IMP),instantaneous growth rate expiments,days,NA,larvae,30.5,parameter,"egg and larval
 development",function,maintenance _moulting
Quetin et al. (2003),"Growth of larval krill, Euphausia superba, in fall and winter west of the Antarctic Peninsula",observation,months,winter,1987-1994,Western Antarctic Peninsula,inter molt period (IMP),instantaneous growth rate expiments,days,NA,larvae,23,parameter,"egg and larval
 development",function,maintenance _moulting
Quetin et al. (2003),"Growth of larval krill, Euphausia superba, in fall and winter west of the Antarctic Peninsula",observation,months,winter,1987-1994,Western Antarctic Peninsula,inter molt period (IMP),instantaneous growth rate expiments,days,NA,larvae,F=1.59; P=0.21,correlation,"egg and larval
 development",function,maintenance _moulting
Quetin et al. (2003),"Growth of larval krill, Euphausia superba, in fall and winter west of the Antarctic Peninsula",observation,months,winter,1987-1994,Western Antarctic Peninsula,inter molt period (IMP),instantaneous growth rate expiments,days,NA,larvae,F-0.75; P=0.42,correlation,"egg and larval
 development",function,maintenance _moulting
Quetin et al. (2003),"Growth of larval krill, Euphausia superba, in fall and winter west of the Antarctic Peninsula",observation,months,winter,1987-1999,Western Antarctic Peninsula,growth increment,instantaneous growth rate expiments,% IMP-1,NA,larvae,0-3,"parameter, validation","egg and larval
 development",state_var,tissues
Quetin et al. (2003),"Growth of larval krill, Euphausia superba, in fall and winter west of the Antarctic Peninsula",observation,months,winter,1991-1993,Western Antarctic Peninsula,growth increment,instantaneous growth rate expiments,% IMP-1,NA,larvae,10-12,"parameter, validation","egg and larval
 development",state_var,tissues
Quetin et al. (2003),"Growth of larval krill, Euphausia superba, in fall and winter west of the Antarctic Peninsula",observation,months,winter,1993,Western Antarctic Peninsula,growth increment,instantaneous growth rate expiments,% IMP-1,66,larvae,0.9,"parameter, validation","egg and larval
 development",state_var,tissues
Quetin et al. (2003),"Growth of larval krill, Euphausia superba, in fall and winter west of the Antarctic Peninsula",observation,months,winter,1993,Western Antarctic Peninsula,growth increment,instantaneous growth rate expiments,% IMP-1,62,larvae,0.73,"parameter, validation","egg and larval
 development",state_var,tissues
Quetin et al. (2003),"Growth of larval krill, Euphausia superba, in fall and winter west of the Antarctic Peninsula",observation,months,winter,1993,Western Antarctic Peninsula,growth increment,instantaneous growth rate expiments,% IMP-1,66 and 62,larvae,F=0.064; P=0.8,"parameter, validation","egg and larval
 development",state_var,tissues
Quetin et al. (2003),"Growth of larval krill, Euphausia superba, in fall and winter west of the Antarctic Peninsula",observation,months,winter,1987-1994,Western Antarctic Peninsula,daily growth rate,instantaneous growth rate expiments,mm day-1,NA,larvae,0.04; 0.055,"parameter, validation","egg and larval
 development",state_var,tissues
Quetin et al. (2003),"Growth of larval krill, Euphausia superba, in fall and winter west of the Antarctic Peninsula",observation,months,winter,1987-1994,Western Antarctic Peninsula,slope - growth increment v day length,linear regression,NA,49,larvae,0.984,parameter,"egg and larval
 development",state_var,tissues
Quetin et al. (2003),"Growth of larval krill, Euphausia superba, in fall and winter west of the Antarctic Peninsula",observation,months,winter,1987-1994,Western Antarctic Peninsula,intercept - growth increment v day length,linear regression,NA,49,larvae,-0.868,parameter,"egg and larval
 development",state_var,tissues
Quetin et al. (2003),"Growth of larval krill, Euphausia superba, in fall and winter west of the Antarctic Peninsula",observation,months,winter,1993,Western Antarctic Peninsula,molt frequency,instantaneous growth rate expiments,% day-1,NA,larvae,4.4,parameter,"egg and larval
 development",function,maintenance _moulting
Quetin et al. (2003),"Growth of larval krill, Euphausia superba, in fall and winter west of the Antarctic Peninsula",observation,months,winter,1993,Western Antarctic Peninsula,molt frequency,instantaneous growth rate expiments,% day-1,NA,larvae,1.5,parameter,"egg and larval
 development",function,maintenance _moulting
Quetin et al. (2003),"Growth of larval krill, Euphausia superba, in fall and winter west of the Antarctic Peninsula",observation,months,winter,1993,Western Antarctic Peninsula,inter molt period (IMP),instantaneous growth rate expiments,% day-1,53,larvae,26,parameter,"egg and larval
 development",function,maintenance _moulting
Quetin et al. (2003),"Growth of larval krill, Euphausia superba, in fall and winter west of the Antarctic Peninsula",observation,months,winter,1993,Western Antarctic Peninsula,inter molt period (IMP),instantaneous growth rate expiments,% day-1,29,larvae,61.6,parameter,"egg and larval
 development",function,maintenance _moulting
Ross et al. (2004),Growth and behavior of larval krill (Euphausia superba) under the ice in late winter 2001 west of the Antarctic Peninsula,observation,months,winter,2001,Western Antarctic Peninsula; Adelaide Island,exponent - wet weight (mg) with telson length,exponential regression,NA,NA,larvae,3.412,parameter,"egg and larval
 development",state_var,tissues
Ross et al. (2004),Growth and behavior of larval krill (Euphausia superba) under the ice in late winter 2001 west of the Antarctic Peninsula,observation,months,winter,2001,Western Antarctic Peninsula; Adelaide Island,constant - wet weight (mg) with telson length,exponential regression,NA,NA,larvae,0.365,parameter,"egg and larval
 development",state_var,tissues
Ross et al. (2004),Growth and behavior of larval krill (Euphausia superba) under the ice in late winter 2001 west of the Antarctic Peninsula,observation,months,winter,2001,Western Antarctic Peninsula; Adelaide Island,exponent - dry weight (mg) with telson length,exponential regression,NA,31,larvae,3.554,parameter,"egg and larval
 development",state_var,tissues
Ross et al. (2004),Growth and behavior of larval krill (Euphausia superba) under the ice in late winter 2001 west of the Antarctic Peninsula,observation,months,winter,2001,Western Antarctic Peninsula; Adelaide Island,constant - dry weight (mg) with telson length,exponential regression,NA,31,larvae,0.074,parameter,"egg and larval
 development",state_var,tissues
Ross et al. (2004),Growth and behavior of larval krill (Euphausia superba) under the ice in late winter 2001 west of the Antarctic Peninsula,observation,months,winter,2001,Western Antarctic Peninsula; Adelaide Island,exponent - carbon content (µg) with total length,exponential regression,NA,106,larvae,3.6,parameter,"egg and larval
 development",state_var,tissues
Ross et al. (2004),Growth and behavior of larval krill (Euphausia superba) under the ice in late winter 2001 west of the Antarctic Peninsula,observation,months,winter,2001,Western Antarctic Peninsula; Adelaide Island,constant - carbon content (µg) with total length,exponential regression,NA,106,larvae,0.136,parameter,"egg and larval
 development",state_var,tissues
Ross et al. (2004),Growth and behavior of larval krill (Euphausia superba) under the ice in late winter 2001 west of the Antarctic Peninsula,observation,months,winter,2001,Western Antarctic Peninsula; Adelaide Island,daily growth rate,instantaneous growth rate expiments,mm day-1,10,larvae,-0.0042,parameter,"egg and larval
 development",function,growth
Ross et al. (2004),Growth and behavior of larval krill (Euphausia superba) under the ice in late winter 2001 west of the Antarctic Peninsula,observation,months,winter,2001,Western Antarctic Peninsula; Adelaide Island,daily growth rate,instantaneous growth rate expiments,mm day-1,10,larvae,-0.0042,parameter,"egg and larval
 development",function,growth
Ross et al. (2004),Growth and behavior of larval krill (Euphausia superba) under the ice in late winter 2001 west of the Antarctic Peninsula,observation,months,winter,2001,Western Antarctic Peninsula; Adelaide Island,daily growth rate,instantaneous growth rate expiments,mg dwt day-1,10,larvae,-0.0026,parameter,"egg and larval
 development",function,growth
Ross et al. (2004),Growth and behavior of larval krill (Euphausia superba) under the ice in late winter 2001 west of the Antarctic Peninsula,observation,months,winter,2001,Western Antarctic Peninsula; Adelaide Island,daily growth rate,instantaneous growth rate expiments,mg dwt day-1,10,larvae,-0.0026,parameter,"egg and larval
 development",function,growth
Ross et al. (2004),Growth and behavior of larval krill (Euphausia superba) under the ice in late winter 2001 west of the Antarctic Peninsula,observation,months,winter,2001,Western Antarctic Peninsula; Adelaide Island,daily growth rate,instantaneous growth rate expiments,µg C day-1,10,larvae,-1.22,parameter,"egg and larval
 development",function,growth
Ross et al. (2004),Growth and behavior of larval krill (Euphausia superba) under the ice in late winter 2001 west of the Antarctic Peninsula,observation,months,winter,2001,Western Antarctic Peninsula; Adelaide Island,daily growth rate,instantaneous growth rate expiments,µg C day-1,10,larvae,-1.22,parameter,"egg and larval
 development",function,growth
Ross et al. (2004),Growth and behavior of larval krill (Euphausia superba) under the ice in late winter 2001 west of the Antarctic Peninsula,observation,months,winter,2001,Western Antarctic Peninsula; Adelaide Island,growth increment,instantaneous growth rate expiments,% IMP-1,7,larvae,-1.3,parameter,"egg and larval
 development",function,growth
Ross et al. (2004),Growth and behavior of larval krill (Euphausia superba) under the ice in late winter 2001 west of the Antarctic Peninsula,observation,months,winter,2001,Western Antarctic Peninsula; Adelaide Island,growth increment,instantaneous growth rate expiments,% IMP-1,7,larvae,-1.3,parameter,"egg and larval
 development",function,growth
Ross et al. (2004),Growth and behavior of larval krill (Euphausia superba) under the ice in late winter 2001 west of the Antarctic Peninsula,observation,months,winter,2001,Western Antarctic Peninsula; Adelaide Island,growth increment,instantaneous growth rate expiments,% IMP-1,71,larvae,-1.74,parameter,"egg and larval
 development",function,growth
Ross et al. (2004),Growth and behavior of larval krill (Euphausia superba) under the ice in late winter 2001 west of the Antarctic Peninsula,observation,months,winter,2001,Western Antarctic Peninsula; Adelaide Island,growth increment,instantaneous growth rate expiments,% IMP-1,71,larvae,-1.74,parameter,"egg and larval
 development",function,growth
Ross et al. (2004),Growth and behavior of larval krill (Euphausia superba) under the ice in late winter 2001 west of the Antarctic Peninsula,observation,months,winter,2001,Western Antarctic Peninsula; Adelaide Island,growth increment,anova,NA,7 and 71,larvae,F=0.44; p=0.5,"parameter, validation","egg and larval
 development",state_var,tissues
Quetin and Ross (1984),"Depth distribution of developing Euphausia superba embryos, predicted from sinking rates",observation,hours,summer,1982,South Shetland Islands,time to development of blastula,embryo development experiments,hours,NA,egg,28,"parameter, validation","egg and larval
 development",function,growth
Quetin and Ross (1984),"Depth distribution of developing Euphausia superba embryos, predicted from sinking rates",observation,hours,summer,1982,South Shetland Islands,time to development of gastrula,embryo development experiments,hours,NA,egg,52,"parameter, validation","egg and larval
 development",function,growth
Quetin and Ross (1984),"Depth distribution of developing Euphausia superba embryos, predicted from sinking rates",observation,hours,summer,1982,South Shetland Islands,time to development of limb bud,embryo development experiments,hours,NA,egg,102,"parameter, validation","egg and larval
 development",function,growth
Quetin and Ross (1984),"Depth distribution of developing Euphausia superba embryos, predicted from sinking rates",observation,hours,summer,1982,South Shetland Islands,time to embryo twitching or hatching,embryo development experiments,hours,NA,egg,133,"parameter, validation","egg and larval
 development",function,growth
Quetin and Ross (1984),"Depth distribution of developing Euphausia superba embryos, predicted from sinking rates",observation,days,summer,1982,South Shetland Islands,embryo sinking rate,sinking rate experiments,m day-1,NA,egg,172,"parameter, validation","egg and larval
 development",function,sinking
Quetin and Ross (1984),"Depth distribution of developing Euphausia superba embryos, predicted from sinking rates",observation,days,summer,1982,South Shetland Islands,embryo sinking rate,sinking rate experiments,m day-1,NA,egg,175,"parameter, validation","egg and larval
 development",function,sinking
Quetin and Ross (1984),"Depth distribution of developing Euphausia superba embryos, predicted from sinking rates",observation,days,summer,1982,South Shetland Islands,embryo sinking rate (gastrula and early limb bud stages),sinking rate experiments,m day-1,NA,egg,51,"parameter, validation","egg and larval
 development",function,sinking
Quetin and Ross (1984),"Depth distribution of developing Euphausia superba embryos, predicted from sinking rates",observation,days,summer,1982,South Shetland Islands,embryo sinking rate (limb bud stage),sinking rate experiments,m day-1,NA,egg,150,"parameter, validation","egg and larval
 development",function,sinking
Quetin and Ross (1984),"Depth distribution of developing Euphausia superba embryos, predicted from sinking rates",observation,days,summer,1982,South Shetland Islands,embryo diameter (single cell),embryo development experiments,µm,3,egg,629.7,"parameter, validation","egg and larval
 development",state_var,embryo_diameter
Quetin and Ross (1984),"Depth distribution of developing Euphausia superba embryos, predicted from sinking rates",observation,days,summer,1982,South Shetland Islands,embryo diameter (multiple cell),embryo development experiments,µm,1,egg,612.5,"parameter, validation","egg and larval
 development",state_var,embryo_diameter
Quetin and Ross (1984),"Depth distribution of developing Euphausia superba embryos, predicted from sinking rates",observation,days,summer,1982,South Shetland Islands,embryo diameter (early gastrula),embryo development experiments,µm,3,egg,633.7,"parameter, validation","egg and larval
 development",state_var,embryo_diameter
Quetin and Ross (1984),"Depth distribution of developing Euphausia superba embryos, predicted from sinking rates",observation,days,summer,1982,South Shetland Islands,embryo diameter (gastrula),embryo development experiments,µm,3,egg,644,"parameter, validation","egg and larval
 development",state_var,embryo_diameter
Quetin and Ross (1984),"Depth distribution of developing Euphausia superba embryos, predicted from sinking rates",observation,days,summer,1982,South Shetland Islands,embryo diameter (early limb bud),embryo development experiments,µm,2,egg,629.5,"parameter, validation","egg and larval
 development",state_var,embryo_diameter
Quetin and Ross (1984),"Depth distribution of developing Euphausia superba embryos, predicted from sinking rates",observation,days,summer,1982,South Shetland Islands,embryo diameter (limb bud),embryo development experiments,µm,4,egg,633.5,"parameter, validation","egg and larval
 development",state_var,embryo_diameter
Quetin and Ross (1984),"Depth distribution of developing Euphausia superba embryos, predicted from sinking rates",observation,days,summer,1982,South Shetland Islands,embryo diameter (late limb bud),embryo development experiments,µm,3,egg,660.2,"parameter, validation","egg and larval
 development",state_var,embryo_diameter
Quetin and Ross (1984),"Depth distribution of developing Euphausia superba embryos, predicted from sinking rates",observation,days,summer,1982,South Shetland Islands,embryo diameter (twitching stage),embryo development experiments,µm,2,egg,659,"parameter, validation","egg and larval
 development",state_var,embryo_diameter
Quetin and Ross (1989),"Effects of oxygen, temperature and age on the metabolic rate of the embryos and early larval stages of the Antarctic krill Euphausia superba Dana",observation,hours,summer,1982-1985,Antarctic Peninsula,wet weight (nauplius),measurement,µg,NA,larvae,128,validation,"egg and larval
 development",state_var,tissues
Quetin and Ross (1989),"Effects of oxygen, temperature and age on the metabolic rate of the embryos and early larval stages of the Antarctic krill Euphausia superba Dana",observation,hours,summer,1982-1985,Antarctic Peninsula,wet weight (calyptopus 1),measurement,µg,NA,larvae,276,validation,"egg and larval
 development",state_var,tissues
Quetin and Ross (1989),"Effects of oxygen, temperature and age on the metabolic rate of the embryos and early larval stages of the Antarctic krill Euphausia superba Dana",observation,hours,summer,1982-1985,Antarctic Peninsula,slope - metabolic rate (Vo2) with age (embryos),correlation,NA,NA,egg,0.533,parameter,"egg and larval
 development",function,maintenance _respiration
Quetin and Ross (1989),"Effects of oxygen, temperature and age on the metabolic rate of the embryos and early larval stages of the Antarctic krill Euphausia superba Dana",observation,hours,summer,1982-1985,Antarctic Peninsula,intercept - metabolic rate (Vo2) with age (embryos),correlation,NA,NA,egg,0.699,parameter,"egg and larval
 development",function,maintenance _respiration
Quetin and Ross (1989),"Effects of oxygen, temperature and age on the metabolic rate of the embryos and early larval stages of the Antarctic krill Euphausia superba Dana",observation,hours,summer,1982-1985,Antarctic Peninsula,slope - metabolic rate (Vo2) with age (larvae),correlation,NA,NA,larvae,0.841,parameter,"egg and larval
 development",function,maintenance _respiration
Quetin and Ross (1989),"Effects of oxygen, temperature and age on the metabolic rate of the embryos and early larval stages of the Antarctic krill Euphausia superba Dana",observation,hours,summer,1982-1985,Antarctic Peninsula,intercept - metabolic rate (Vo2) with age (larvae),correlation,NA,NA,larvae,4.932,parameter,"egg and larval
 development",function,maintenance _respiration
Quetin and Ross (1989),"Effects of oxygen, temperature and age on the metabolic rate of the embryos and early larval stages of the Antarctic krill Euphausia superba Dana",observation,hours,summer,1982-1985,Antarctic Peninsula,slope - metabolic rate (Vo2) with age (larvae at -1˚C),correlation,NA,NA,larvae,0.265,parameter,"egg and larval
 development",function,maintenance _respiration
Quetin and Ross (1989),"Effects of oxygen, temperature and age on the metabolic rate of the embryos and early larval stages of the Antarctic krill Euphausia superba Dana",observation,hours,summer,1982-1985,Antarctic Peninsula,slope - metabolic rate (Vo2) with age (larvae at -1˚C),correlation,NA,NA,larvae,0.265,parameter,"egg and larval
 development",function,maintenance _respiration
Quetin and Ross (1989),"Effects of oxygen, temperature and age on the metabolic rate of the embryos and early larval stages of the Antarctic krill Euphausia superba Dana",observation,hours,summer,1982-1985,Antarctic Peninsula,intercept - metabolic rate (Vo2) with age (larvae at -1˚C),correlation,NA,NA,larvae,5.129,parameter,"egg and larval
 development",function,maintenance _respiration
Quetin and Ross (1989),"Effects of oxygen, temperature and age on the metabolic rate of the embryos and early larval stages of the Antarctic krill Euphausia superba Dana",observation,hours,summer,1982-1985,Antarctic Peninsula,intercept - metabolic rate (Vo2) with age (larvae at -1˚C),correlation,NA,NA,larvae,5.129,parameter,"egg and larval
 development",function,maintenance _respiration
Quetin and Ross (1989),"Effects of oxygen, temperature and age on the metabolic rate of the embryos and early larval stages of the Antarctic krill Euphausia superba Dana",observation,hours,summer,1982-1985,Antarctic Peninsula,slope - metabolic rate (Vo2) with age (larvae at 0˚C),correlation,NA,NA,larvae,0.924,parameter,"egg and larval
 development",function,maintenance _respiration
Quetin and Ross (1989),"Effects of oxygen, temperature and age on the metabolic rate of the embryos and early larval stages of the Antarctic krill Euphausia superba Dana",observation,hours,summer,1982-1985,Antarctic Peninsula,slope - metabolic rate (Vo2) with age (larvae at 0˚C),correlation,NA,NA,larvae,0.924,parameter,"egg and larval
 development",function,maintenance _respiration
Quetin and Ross (1989),"Effects of oxygen, temperature and age on the metabolic rate of the embryos and early larval stages of the Antarctic krill Euphausia superba Dana",observation,hours,summer,1982-1985,Antarctic Peninsula,intercept - metabolic rate (Vo2) with age (larvae at 0˚C),correlation,NA,NA,larvae,3.866,parameter,"egg and larval
 development",function,maintenance _respiration
Quetin and Ross (1989),"Effects of oxygen, temperature and age on the metabolic rate of the embryos and early larval stages of the Antarctic krill Euphausia superba Dana",observation,hours,summer,1982-1985,Antarctic Peninsula,intercept - metabolic rate (Vo2) with age (larvae at 0˚C),correlation,NA,NA,larvae,3.866,parameter,"egg and larval
 development",function,maintenance _respiration
Quetin and Ross (1989),"Effects of oxygen, temperature and age on the metabolic rate of the embryos and early larval stages of the Antarctic krill Euphausia superba Dana",observation,hours,summer,1982-1985,Antarctic Peninsula,slope - metabolic rate (Vo2) with age (larvae at 2˚C),correlation,NA,NA,larvae,0.791,parameter,"egg and larval
 development",function,maintenance _respiration
Quetin and Ross (1989),"Effects of oxygen, temperature and age on the metabolic rate of the embryos and early larval stages of the Antarctic krill Euphausia superba Dana",observation,hours,summer,1982-1985,Antarctic Peninsula,slope - metabolic rate (Vo2) with age (larvae at 2˚C),correlation,NA,NA,larvae,0.791,parameter,"egg and larval
 development",function,maintenance _respiration
Quetin and Ross (1989),"Effects of oxygen, temperature and age on the metabolic rate of the embryos and early larval stages of the Antarctic krill Euphausia superba Dana",observation,hours,summer,1982-1985,Antarctic Peninsula,intercept - metabolic rate (Vo2) with age (larvae at 2˚C),correlation,NA,NA,larvae,6.493,parameter,"egg and larval
 development",function,maintenance _respiration
Quetin and Ross (1989),"Effects of oxygen, temperature and age on the metabolic rate of the embryos and early larval stages of the Antarctic krill Euphausia superba Dana",observation,hours,summer,1982-1985,Antarctic Peninsula,intercept - metabolic rate (Vo2) with age (larvae at 2˚C),correlation,NA,NA,larvae,6.493,parameter,"egg and larval
 development",function,maintenance _respiration
Quetin and Ross (1989),"Effects of oxygen, temperature and age on the metabolic rate of the embryos and early larval stages of the Antarctic krill Euphausia superba Dana",observation,hours,summer,1982-1985,Antarctic Peninsula,metabolic rate (Vo2) of nauplius I (NI) at 0˚C,measurement,nL O2 ind-1 h-1,8,larvae,9.8,parameter,"egg and larval
 development",function,maintenance _respiration
Quetin and Ross (1989),"Effects of oxygen, temperature and age on the metabolic rate of the embryos and early larval stages of the Antarctic krill Euphausia superba Dana",observation,hours,summer,1982-1985,Antarctic Peninsula,metabolic rate (Vo2) of nauplius I (NI) at 2˚C,measurement,nL O2 ind-1 h-1,3,larvae,10.2,parameter,"egg and larval
 development",function,maintenance _respiration
Quetin and Ross (1989),"Effects of oxygen, temperature and age on the metabolic rate of the embryos and early larval stages of the Antarctic krill Euphausia superba Dana",observation,hours,summer,1982-1985,Antarctic Peninsula,metabolic rate (Vo2) of nauplius II (NII) at -1˚C,measurement,nL O2 ind-1 h-1,6,larvae,9.08,parameter,"egg and larval
 development",function,maintenance _respiration
Quetin and Ross (1989),"Effects of oxygen, temperature and age on the metabolic rate of the embryos and early larval stages of the Antarctic krill Euphausia superba Dana",observation,hours,summer,1982-1985,Antarctic Peninsula,metabolic rate (Vo2) of nauplius II (NII) at 0˚C,measurement,nL O2 ind-1 h-1,9,larvae,13.63,parameter,"egg and larval
 development",function,maintenance _respiration
Quetin and Ross (1989),"Effects of oxygen, temperature and age on the metabolic rate of the embryos and early larval stages of the Antarctic krill Euphausia superba Dana",observation,hours,summer,1982-1985,Antarctic Peninsula,metabolic rate (Vo2) of nauplius II (NII) at 2˚C,measurement,nL O2 ind-1 h-1,3,larvae,14.07,parameter,"egg and larval
 development",function,maintenance _respiration
Quetin and Ross (1989),"Effects of oxygen, temperature and age on the metabolic rate of the embryos and early larval stages of the Antarctic krill Euphausia superba Dana",observation,hours,summer,1982-1985,Antarctic Peninsula,metabolic rate (Vo2) of metnauplius (MN) at -1˚C,measurement,nL O2 ind-1 h-1,5,larvae,11.72,parameter,"egg and larval
 development",function,maintenance _respiration
Quetin and Ross (1989),"Effects of oxygen, temperature and age on the metabolic rate of the embryos and early larval stages of the Antarctic krill Euphausia superba Dana",observation,hours,summer,1982-1985,Antarctic Peninsula,metabolic rate (Vo2) of metnauplius (MN) at 0˚C,measurement,nL O2 ind-1 h-1,9,larvae,22.62,parameter,"egg and larval
 development",function,maintenance _respiration
Quetin and Ross (1989),"Effects of oxygen, temperature and age on the metabolic rate of the embryos and early larval stages of the Antarctic krill Euphausia superba Dana",observation,hours,summer,1982-1985,Antarctic Peninsula,metabolic rate (Vo2) of metnauplius (MN) at 2˚C,measurement,nL O2 ind-1 h-1,7,larvae,21.16,parameter,"egg and larval
 development",function,maintenance _respiration
Quetin and Ross (1989),"Effects of oxygen, temperature and age on the metabolic rate of the embryos and early larval stages of the Antarctic krill Euphausia superba Dana",observation,hours,summer,1982-1985,Antarctic Peninsula,metabolic rate (Vo2) of calyptopus I (CI) at -1˚C,measurement,nL O2 ind-1 h-1,5,larvae,17.7,parameter,"egg and larval
 development",function,maintenance _respiration
Quetin and Ross (1989),"Effects of oxygen, temperature and age on the metabolic rate of the embryos and early larval stages of the Antarctic krill Euphausia superba Dana",observation,hours,summer,1982-1985,Antarctic Peninsula,metabolic rate (Vo2) of calyptopus I (CI) at 0˚C,measurement,nL O2 ind-1 h-1,8,larvae,31.6,parameter,"egg and larval
 development",function,maintenance _respiration
Quetin and Ross (1989),"Effects of oxygen, temperature and age on the metabolic rate of the embryos and early larval stages of the Antarctic krill Euphausia superba Dana",observation,hours,summer,1982-1985,Antarctic Peninsula,metabolic rate (Vo2) of calyptopus I (CI) at 2˚C,measurement,nL O2 ind-1 h-1,10,larvae,25.4,parameter,"egg and larval
 development",function,maintenance _respiration
Quetin and Ross (1989),"Effects of oxygen, temperature and age on the metabolic rate of the embryos and early larval stages of the Antarctic krill Euphausia superba Dana",observation,hours,summer,1982-1985,Antarctic Peninsula,weight-specific metabolic rate of NI at 0˚C,measurement,µL O2 µg wet weight-1 h-1,NA,larvae,80.5,parameter,"egg and larval
 development",function,maintenance _respiration
Quetin and Ross (1989),"Effects of oxygen, temperature and age on the metabolic rate of the embryos and early larval stages of the Antarctic krill Euphausia superba Dana",observation,hours,summer,1982-1985,Antarctic Peninsula,weight-specific metabolic rate of NI at 2˚C,measurement,µL O2 µg wet weight-1 h-1,NA,larvae,85.5,parameter,"egg and larval
 development",function,maintenance _respiration
Quetin and Ross (1989),"Effects of oxygen, temperature and age on the metabolic rate of the embryos and early larval stages of the Antarctic krill Euphausia superba Dana",observation,hours,summer,1982-1985,Antarctic Peninsula,weight-specific metabolic rate of NII at 0˚C,measurement,µL O2 µg wet weight-1 h-1,NA,larvae,114.7,parameter,"egg and larval
 development",function,maintenance _respiration
Quetin and Ross (1989),"Effects of oxygen, temperature and age on the metabolic rate of the embryos and early larval stages of the Antarctic krill Euphausia superba Dana",observation,hours,summer,1982-1985,Antarctic Peninsula,weight-specific metabolic rate of NII at 2˚C,measurement,µL O2 µg wet weight-1 h-1,NA,larvae,117.9,parameter,"egg and larval
 development",function,maintenance _respiration
Quetin and Ross (1989),"Effects of oxygen, temperature and age on the metabolic rate of the embryos and early larval stages of the Antarctic krill Euphausia superba Dana",observation,hours,summer,1982-1985,Antarctic Peninsula,weight-specific metabolic rate of MN at 0˚C,measurement,µL O2 µg wet weight-1 h-1,NA,larvae,151.5,parameter,"egg and larval
 development",function,maintenance _respiration
Quetin and Ross (1989),"Effects of oxygen, temperature and age on the metabolic rate of the embryos and early larval stages of the Antarctic krill Euphausia superba Dana",observation,hours,summer,1982-1985,Antarctic Peninsula,weight-specific metabolic rate of MN at 2˚C,measurement,µL O2 µg wet weight-1 h-1,NA,larvae,155.3,parameter,"egg and larval
 development",function,maintenance _respiration
Quetin and Ross (1989),"Effects of oxygen, temperature and age on the metabolic rate of the embryos and early larval stages of the Antarctic krill Euphausia superba Dana",observation,hours,summer,1982-1985,Antarctic Peninsula,weight-specific metabolic rate of CI at 0˚C,measurement,µL O2 µg wet weight-1 h-1,NA,larvae,119.3,parameter,"egg and larval
 development",function,maintenance _respiration
Quetin and Ross (1989),"Effects of oxygen, temperature and age on the metabolic rate of the embryos and early larval stages of the Antarctic krill Euphausia superba Dana",observation,hours,summer,1982-1985,Antarctic Peninsula,weight-specific metabolic rate of CI at 2˚C,measurement,µL O2 µg wet weight-1 h-1,NA,larvae,96.4,parameter,"egg and larval
 development",function,maintenance _respiration
Quetin and Ross (1989),"Effects of oxygen, temperature and age on the metabolic rate of the embryos and early larval stages of the Antarctic krill Euphausia superba Dana",observation,hours,summer,1982-1985,Antarctic Peninsula,slope - metabolic rate (Vo2) with age of larvae in days,least squares linear regression,nL O2 ind-1 h-1 for early larvae at temperatures between 0 and 2˚C,57,larvae,0.887,parameter,"egg and larval
 development",function,maintenance _respiration
Quetin and Ross (1989),"Effects of oxygen, temperature and age on the metabolic rate of the embryos and early larval stages of the Antarctic krill Euphausia superba Dana",observation,hours,summer,1982-1985,Antarctic Peninsula,intercept - metabolic rate (Vo2) with age of larvae in days,least squares linear regression,nL O2 ind-1 h-1 for early larvae at temperatures between 0 and 2˚C,57,larvae,4.589,parameter,"egg and larval
 development",function,maintenance _respiration
George and Strömberg (1985),development of eggs of antarctic krill euphausia superba in relation to pressure,observation,days,summer,1982-1983,Bransfield Strait,sinking rate of eggs/embryos under varying hydrostatic pressure,measurement,m per 24 h,140,egg,48-183,"parameter, validation","egg and larval
 development",function,sinking
George and Strömberg (1985),development of eggs of antarctic krill euphausia superba in relation to pressure,observation,days,summer,1982-1983,Bransfield Strait,time to reach embryological stages at 2 ˚C under varying hydrostatic pressure,measurement,hours,NA,egg,2-117,parameter,"egg and larval
 development",function,growth
George and Strömberg (1985),development of eggs of antarctic krill euphausia superba in relation to pressure,observation,days,summer,1982-1983,Bransfield Strait,time to reach embryological stages at 2 ˚C under varying hydrostatic pressure,measurement,hours,NA,egg,2-117,parameter,"egg and larval
 development",function,growth
George and Strömberg (1985),development of eggs of antarctic krill euphausia superba in relation to pressure,observation,days,summer,1982-1983,Bransfield Strait,time to reach embryological stages at 2 ˚C under varying hydrostatic pressure,measurement,hours,NA,egg,2-117,parameter,"egg and larval
 development",function,growth
Yoshida et al (2004),effect of temperature on embryo development time and hatching success of the antarctic krill euphausia superba dana in the laboratory,hybrid,days,summer,1999-2000,Indian sector,Embryo development time: exponential model for -2.1 to 2.4 ˚C,best fit equations,days,750,egg,NA,parameter,"egg and larval
 development",function,growth
Yoshida et al (2004),effect of temperature on embryo development time and hatching success of the antarctic krill euphausia superba dana in the laboratory,hybrid,days,summer,1999-2000,Indian sector,Embryo development time: exponential model for -2.1 to 2.4 ˚C,best fit equations,days,750,egg,NA,parameter,"egg and larval
 development",function,growth
Yoshida et al (2004),effect of temperature on embryo development time and hatching success of the antarctic krill euphausia superba dana in the laboratory,hybrid,days,summer,1999-2000,Indian sector,Embryo development time: Belehradek's equation for -2.1 to 2.4 ˚C,best fit equations,days,750,egg,NA,parameter,"egg and larval
 development",function,growth
Yoshida et al (2004),effect of temperature on embryo development time and hatching success of the antarctic krill euphausia superba dana in the laboratory,hybrid,days,summer,1999-2000,Indian sector,Embryo development time: Belehradek's equation for -2.1 to 2.4 ˚C,best fit equations,days,750,egg,NA,parameter,"egg and larval
 development",function,growth
Amsler & George (1984),changes in the biochemical composition of euphausia superba dana embryos during early development,hybrid,hours,autumn,1981-1982,"Drake passage, Bransfield Strait, Bismarck Strait",total lipid,"biochemical analysis, General linear model multiple range test",mean % of gram DW,8,egg,31.3,parameter,"egg and larval
 development",state_var,reserves
Amsler & George (1984),changes in the biochemical composition of euphausia superba dana embryos during early development,hybrid,hours,autumn,1981-1982,"Drake passage, Bransfield Strait, Bismarck Strait",total protein,"biochemical analysis, General linear model multiple range test",mean % of gram DW,6,egg,57.4,parameter,"egg and larval
 development",state_var,reserves
Amsler & George (1984),changes in the biochemical composition of euphausia superba dana embryos during early development,hybrid,hours,autumn,1981-1982,"Drake passage, Bransfield Strait, Bismarck Strait",total carbohydrate,"biochemical analysis, General linear model multiple range test",mean % of gram DW,11,egg,0.98,parameter,"egg and larval
 development",state_var,reserves
Amsler & George (1984),changes in the biochemical composition of euphausia superba dana embryos during early development,hybrid,hours,autumn,1981-1982,"Drake passage, Bransfield Strait, Bismarck Strait",total lipid,"biochemical analysis, General linear model multiple range test",mean % of gram DW,8,larvae,28.4,"parameter, validation","egg and larval
 development",state_var,tissues
Amsler & George (1984),changes in the biochemical composition of euphausia superba dana embryos during early development,hybrid,hours,autumn,1981-1982,"Drake passage, Bransfield Strait, Bismarck Strait",total protein,"biochemical analysis, General linear model multiple range test",mean % of gram DW,6,larvae,54.5,"parameter, validation","egg and larval
 development",state_var,tissues
Amsler & George (1984),changes in the biochemical composition of euphausia superba dana embryos during early development,hybrid,hours,autumn,1981-1982,"Drake passage, Bransfield Strait, Bismarck Strait",total carbohydrate,"biochemical analysis, General linear model multiple range test",mean % of gram DW,12,larvae,0.86,"parameter, validation","egg and larval
 development",state_var,tissues
Amsler & George (1984),changes in the biochemical composition of euphausia superba dana embryos during early development,hybrid,hours,autumn,1981-1982,"Drake passage, Bransfield Strait, Bismarck Strait",lipid dry weight,"biochemical analysis, General linear model multiple range test",micrograms,1,egg,9.38,parameter,"egg and larval
 development",state_var,reserves
Amsler & George (1984),changes in the biochemical composition of euphausia superba dana embryos during early development,hybrid,hours,autumn,1981-1982,"Drake passage, Bransfield Strait, Bismarck Strait",protein dry weight,"biochemical analysis, General linear model multiple range test",micrograms,1,egg,17.23,parameter,"egg and larval
 development",state_var,reserves
Amsler & George (1984),changes in the biochemical composition of euphausia superba dana embryos during early development,hybrid,hours,autumn,1981-1982,"Drake passage, Bransfield Strait, Bismarck Strait",carbohydrate dry weight,"biochemical analysis, General linear model multiple range test",micrograms,1,egg,0.29,parameter,"egg and larval
 development",state_var,reserves
Amsler & George (1984),changes in the biochemical composition of euphausia superba dana embryos during early development,hybrid,hours,autumn,1981-1982,"Drake passage, Bransfield Strait, Bismarck Strait",lipid dry weight,"biochemical analysis, General linear model multiple range test",micrograms,1,larvae,7.67,"parameter, validation","egg and larval
 development",state_var,tissues
Amsler & George (1984),changes in the biochemical composition of euphausia superba dana embryos during early development,hybrid,hours,autumn,1981-1982,"Drake passage, Bransfield Strait, Bismarck Strait",protein dry weight,"biochemical analysis, General linear model multiple range test",micrograms,1,larvae,14.72,"parameter, validation","egg and larval
 development",state_var,tissues
Amsler & George (1984),changes in the biochemical composition of euphausia superba dana embryos during early development,hybrid,hours,autumn,1981-1982,"Drake passage, Bransfield Strait, Bismarck Strait",carbohydrate dry weight,"biochemical analysis, General linear model multiple range test",micrograms,1,larvae,0.23,"parameter, validation","egg and larval
 development",state_var,tissues
Meyer et al. (2002),"seasonal differences in citrate synthase and digestive enzyme activity in larval and postlarval antarctic krill, euphausia superba",observation,months,summer,2000,Lazarev Sea,Dry mass,Net sampling,mg,287,larvae,0.21,parameter,"egg and larval
 development",state_var,tissues
Meyer et al. (2002),"seasonal differences in citrate synthase and digestive enzyme activity in larval and postlarval antarctic krill, euphausia superba",observation,months,summer,2000,Lazarev Sea,Dry mass,Net sampling,mg,201,larvae,0.34,parameter,"egg and larval
 development",state_var,tissues
Meyer et al. (2002),"seasonal differences in citrate synthase and digestive enzyme activity in larval and postlarval antarctic krill, euphausia superba",observation,months,autumn,1999,Lazarev Sea,Dry mass,Net sampling,mg,61,larvae,0.38,parameter,"egg and larval
 development",state_var,tissues
Meyer et al. (2002),"seasonal differences in citrate synthase and digestive enzyme activity in larval and postlarval antarctic krill, euphausia superba",observation,months,summer,2000,Lazarev Sea,Respiration carbon loss,Net sampling,% body C d-1,10,larvae,2.7,parameter,"egg and larval
 development",function,maintenance _respiration
Meyer et al. (2002),"seasonal differences in citrate synthase and digestive enzyme activity in larval and postlarval antarctic krill, euphausia superba",observation,months,summer,2000,Lazarev Sea,Respiration carbon loss,Net sampling,% body C d-2,11,larvae,2.8,parameter,"egg and larval
 development",function,maintenance _respiration
Meyer et al. (2002),"seasonal differences in citrate synthase and digestive enzyme activity in larval and postlarval antarctic krill, euphausia superba",observation,months,autumn,1999,Lazarev Sea,Respiration carbon loss,Net sampling,% body C d-4,16,larvae,2.6,parameter,"egg and larval
 development",function,maintenance _respiration
Meyer et al. (2002),"seasonal differences in citrate synthase and digestive enzyme activity in larval and postlarval antarctic krill, euphausia superba",observation,months,summer,2000,Lazarev Sea,Respiration rate,Net sampling,uL O2 mg-1 DM h-1,10,larvae,0.72,parameter,"egg and larval
 development",function,maintenance _respiration
Meyer et al. (2002),"seasonal differences in citrate synthase and digestive enzyme activity in larval and postlarval antarctic krill, euphausia superba",observation,months,summer,2000,Lazarev Sea,Respiration rate,Net sampling,uL O2 mg-1 DM h-1,11,larvae,0.8,parameter,"egg and larval
 development",function,maintenance _respiration
Meyer et al. (2002),"seasonal differences in citrate synthase and digestive enzyme activity in larval and postlarval antarctic krill, euphausia superba",observation,months,autumn,1999,Lazarev Sea,Respiration rate,Net sampling,uL O2 mg-1 DM h-1,16,larvae,0.73,parameter,"egg and larval
 development",function,maintenance _respiration
Ryabov et al. (2017),competition-induced starvation drives large-scale population cycles in antarctic krill,hybrid,years,summer,1993-2013,Western Antarctic Peninsula,Egg size,observation,mm,NA,NA,0.6,parameter,"egg and larval
 development",state_var,embryo_diameter
Ryabov et al. (2017),competition-induced starvation drives large-scale population cycles in antarctic krill,hybrid,years,summer,1993-2013,Western Antarctic Peninsula,Egg dry weight,observation,mg,NA,NA,0.027,parameter,"egg and larval
 development",state_var,reserves
Ryabov et al. (2017),competition-induced starvation drives large-scale population cycles in antarctic krill,hybrid,years,summer,1993-2013,Western Antarctic Peninsula,Maintenance of larvae,observation,d-1,NA,NA,0.01,parameter,"egg and larval
 development",function,maintenance _respiration
Ryabov et al. (2017),competition-induced starvation drives large-scale population cycles in antarctic krill,hybrid,years,summer,1993-2013,Western Antarctic Peninsula,Egg size,observation,mm,NA,egg,0.6,parameter,"egg and larval
 development",state_var,embryo_diameter
Ryabov et al. (2017),competition-induced starvation drives large-scale population cycles in antarctic krill,hybrid,years,summer,1993-2013,Western Antarctic Peninsula,Egg dry weight,observation,mg,NA,egg,0.0277,parameter,"egg and larval
 development",state_var,reserves
Virtue et al. (2016),condition of larval (furcilia vi) and one year old juvenile euphausia superba during the winter–spring transition in east antarctica,observation,months,spring,2012,East Antarctica,mean growth rate,measurement,mm/day,35,larvae,0.0038,parameter,"egg and larval
 development",function,growth
Virtue et al. (2016),condition of larval (furcilia vi) and one year old juvenile euphausia superba during the winter–spring transition in east antarctica,observation,months,spring,2012,East Antarctica,intermoult period,measurement,days,35,larvae,14,parameter,"egg and larval
 development",function,maintenance _moulting
Virtue et al. (2016),condition of larval (furcilia vi) and one year old juvenile euphausia superba during the winter–spring transition in east antarctica,observation,months,spring,2012,East Antarctica,growth increment,measurement,%,35,larvae,4.3,parameter,"egg and larval
 development",function,growth
Virtue et al. (2016),condition of larval (furcilia vi) and one year old juvenile euphausia superba during the winter–spring transition in east antarctica,observation,months,spring,2012,East Antarctica,weight,measurement,mg,40,larvae,0.7-1.3,parameter,"egg and larval
 development",state_var,tissues
Virtue et al. (2016),condition of larval (furcilia vi) and one year old juvenile euphausia superba during the winter–spring transition in east antarctica,observation,months,spring,2012,East Antarctica,carbon,measurement,%,40,larvae,32.1-43.7,parameter,"egg and larval
 development",state_var,tissues
Virtue et al. (2016),condition of larval (furcilia vi) and one year old juvenile euphausia superba during the winter–spring transition in east antarctica,observation,months,spring,2012,East Antarctica,carbon:nitrogen ratio,measurement,NA,40,larvae,3.9-5.8,parameter,"egg and larval
 development",state_var,tissues
Virtue et al. (2016),condition of larval (furcilia vi) and one year old juvenile euphausia superba during the winter–spring transition in east antarctica,observation,months,spring,2012,East Antarctica,total lipid content,measurement,% dry weight,17,larvae,4-13,not assigned,"egg and larval
 development",state_var,tissues
Virtue et al. (2016),condition of larval (furcilia vi) and one year old juvenile euphausia superba during the winter–spring transition in east antarctica,observation,months,spring,2012,East Antarctica,protein content,measurement,% dry weight,12,larvae,33.4-45.8,not assigned,"egg and larval
 development",state_var,tissues
Ross & Quetin (1985),"The effect of pressure on the sinking rates of the embryos of the Antarctic krill, Euphausia superba",observation,days,summer,1983,Charlotte Bay and Bransfield Strait,expected depth of embryos after 0 hours from release,calculation based on sinking rates,m,NA,egg,50,"parameter, validation","egg and larval
 development",function,sinking
Ross & Quetin (1985),"The effect of pressure on the sinking rates of the embryos of the Antarctic krill, Euphausia superba",observation,days,summer,1983,Charlotte Bay and Bransfield Strait,expected depth of embryos after 12 hours from release,calculation based on sinking rates,m,NA,egg,150,"parameter, validation","egg and larval
 development",function,sinking
Ross & Quetin (1985),"The effect of pressure on the sinking rates of the embryos of the Antarctic krill, Euphausia superba",observation,days,summer,1983,Charlotte Bay and Bransfield Strait,expected depth of embryos after 24 hours from release,calculation based on sinking rates,m,NA,egg,222-245,"parameter, validation","egg and larval
 development",function,sinking
Ross & Quetin (1985),"The effect of pressure on the sinking rates of the embryos of the Antarctic krill, Euphausia superba",observation,days,summer,1983,Charlotte Bay and Bransfield Strait,expected depth of embryos after 36 hours from release,calculation based on sinking rates,m,NA,egg,272-339,"parameter, validation","egg and larval
 development",function,sinking
Ross & Quetin (1985),"The effect of pressure on the sinking rates of the embryos of the Antarctic krill, Euphausia superba",observation,days,summer,1983,Charlotte Bay and Bransfield Strait,expected depth of embryos after 48 hours from release,calculation based on sinking rates,m,NA,egg,311-418,"parameter, validation","egg and larval
 development",function,sinking
Ross & Quetin (1985),"The effect of pressure on the sinking rates of the embryos of the Antarctic krill, Euphausia superba",observation,days,summer,1983,Charlotte Bay and Bransfield Strait,expected depth of embryos after 60 hours from release,calculation based on sinking rates,m,NA,egg,348-496,"parameter, validation","egg and larval
 development",function,sinking
Ross & Quetin (1985),"The effect of pressure on the sinking rates of the embryos of the Antarctic krill, Euphausia superba",observation,days,summer,1983,Charlotte Bay and Bransfield Strait,expected depth of embryos after 72 hours from release,calculation based on sinking rates,m,NA,egg,380-560,"parameter, validation","egg and larval
 development",function,sinking
Ross & Quetin (1985),"The effect of pressure on the sinking rates of the embryos of the Antarctic krill, Euphausia superba",observation,days,summer,1983,Charlotte Bay and Bransfield Strait,expected depth of embryos after 84 hours from release,calculation based on sinking rates,m,NA,egg,412-652,"parameter, validation","egg and larval
 development",function,sinking
Ross & Quetin (1985),"The effect of pressure on the sinking rates of the embryos of the Antarctic krill, Euphausia superba",observation,days,summer,1983,Charlotte Bay and Bransfield Strait,expected depth of embryos after 96 hours from release,calculation based on sinking rates,m,NA,egg,462-745,"parameter, validation","egg and larval
 development",function,sinking
Ross & Quetin (1985),"The effect of pressure on the sinking rates of the embryos of the Antarctic krill, Euphausia superba",observation,days,summer,1983,Charlotte Bay and Bransfield Strait,expected depth of embryos after 108 hours from release,calculation based on sinking rates,m,NA,egg,508-836,"parameter, validation","egg and larval
 development",function,sinking
Ross & Quetin (1985),"The effect of pressure on the sinking rates of the embryos of the Antarctic krill, Euphausia superba",observation,days,summer,1983,Charlotte Bay and Bransfield Strait,expected depth of embryos after 120 hours from release,calculation based on sinking rates,m,NA,egg,554-926,"parameter, validation","egg and larval
 development",function,sinking
Ross & Quetin (1985),"The effect of pressure on the sinking rates of the embryos of the Antarctic krill, Euphausia superba",observation,days,summer,1983,Charlotte Bay and Bransfield Strait,expected depth of embryos after 132 hours from release,calculation based on sinking rates,m,NA,egg,612-1013,"parameter, validation","egg and larval
 development",function,sinking
Ross & Quetin (1985),"The effect of pressure on the sinking rates of the embryos of the Antarctic krill, Euphausia superba",observation,days,summer,1983,Charlotte Bay and Bransfield Strait,sinking rate of 13-24h old embryos,measurement,m day-1,NA,egg,187.5,"parameter, validation","egg and larval
 development",function,sinking
"Meyer, B. and Pogoda, B. (2005)",effects of short-term starvation on composition and metabolism of larval antarctic krill euphausia superba,observation,days,autumn,2005,Bellinghausen Sea,intermoultPeriod,observation,days,300,larvae,15,parameter,"egg and larval
 development",function,maintenance _moulting
"Meyer, B. and Pogoda, B. (2005)",effects of short-term starvation on composition and metabolism of larval antarctic krill euphausia superba,observation,days,autumn,2005,Bellinghausen Sea,oxygenUptakeRate at t0,observation,mulO2 mgDryMass-1 h-1,20,larvae,1.3,"parameter, validation","egg and larval
 development",function,maintenance _respiration
"Meyer, B. and Pogoda, B. (2005)",effects of short-term starvation on composition and metabolism of larval antarctic krill euphausia superba,observation,days,autumn,2005,Bellinghausen Sea,oxygenUptakeRate after 6d,observation,mulO2 mgDryMass-1 h-1,20,larvae,0.7,"parameter, validation","egg and larval
 development",function,maintenance _respiration
"Meyer, B. and Pogoda, B. (2005)",effects of short-term starvation on composition and metabolism of larval antarctic krill euphausia superba,observation,days,autumn,2005,Bellinghausen Sea,oxygenUptakeRate after 12d,observation,mulO2 mgDryMass-1 h-1,20,larvae,0.7,"parameter, validation","egg and larval
 development",function,maintenance _respiration
"Meyer, B. and Pogoda, B. (2005)",effects of short-term starvation on composition and metabolism of larval antarctic krill euphausia superba,observation,days,autumn,2005,Bellinghausen Sea,lipidConcentration at t0,observation,mgLipids mgDryMass-1,20,larvae,13,"parameter, validation","egg and larval
 development",state_var,tissues
"Meyer, B. and Pogoda, B. (2005)",effects of short-term starvation on composition and metabolism of larval antarctic krill euphausia superba,observation,days,autumn,2005,Bellinghausen Sea,lipidConcentration after 6d,observation,mgLipids mgDryMass-1,5,larvae,5,"parameter, validation","egg and larval
 development",state_var,tissues
"Meyer, B. and Pogoda, B. (2005)",effects of short-term starvation on composition and metabolism of larval antarctic krill euphausia superba,observation,days,autumn,2005,Bellinghausen Sea,lipidConcentration after 12d,observation,mgLipids mgDryMass-1,5,larvae,1.5,"parameter, validation","egg and larval
 development",state_var,tissues
"Meyer, B. and Pogoda, B. (2005)",effects of short-term starvation on composition and metabolism of larval antarctic krill euphausia superba,observation,days,autumn,2005,Bellinghausen Sea,proteinConcentration at t0,observation,mgProteins mgDryMass-1,20,larvae,33,"parameter, validation","egg and larval
 development",state_var,tissues
"Meyer, B. and Pogoda, B. (2005)",effects of short-term starvation on composition and metabolism of larval antarctic krill euphausia superba,observation,days,autumn,2005,Bellinghausen Sea,proteinConcentration after 6d,observation,mgProteins mgDryMass-1,5,larvae,30,"parameter, validation","egg and larval
 development",state_var,tissues
"Meyer, B. and Pogoda, B. (2005)",effects of short-term starvation on composition and metabolism of larval antarctic krill euphausia superba,observation,days,autumn,2005,Bellinghausen Sea,proteinConcentration after 12d,observation,mgProteins mgDryMass-1,5,larvae,26,"parameter, validation","egg and larval
 development",state_var,tissues
"Meyer, B. and Pogoda, B. (2005)",effects of short-term starvation on composition and metabolism of larval antarctic krill euphausia superba,observation,days,autumn,2005,Bellinghausen Sea,decreaseCarbonMassMean after 6d,observation,%CarbonMass,12,larvae,19.9,"parameter, validation","egg and larval
 development",state_var,tissues
"Meyer, B. and Pogoda, B. (2005)",effects of short-term starvation on composition and metabolism of larval antarctic krill euphausia superba,observation,days,autumn,2005,Bellinghausen Sea,decreaseCarbonMassMean after 12d,observation,%CarbonMass,16,larvae,44.3,"parameter, validation","egg and larval
 development",state_var,tissues
"Meyer, B. and Pogoda, B. (2005)",effects of short-term starvation on composition and metabolism of larval antarctic krill euphausia superba,observation,days,autumn,2005,Bellinghausen Sea,decreaseNitrogenMassMean after 6d,observation,%NitrogenMass,12,larvae,13.4,"parameter, validation","egg and larval
 development",state_var,tissues
"Meyer, B. and Pogoda, B. (2005)",effects of short-term starvation on composition and metabolism of larval antarctic krill euphausia superba,observation,days,autumn,2005,Bellinghausen Sea,decreaseNitrogenMassMean after 6d,observation,%NitrogenMass,16,larvae,34,"parameter, validation","egg and larval
 development",state_var,tissues
"Frazer, T. K (2002)","energetic demands of larval krill, euphausia superba, in winter",observation,years,winter,1987-1994,Antarctic Peninsula,slopeOxygenConsumptionTemperature,linear regression,NA,16,"larvae, juveniles",0.058,parameter,"egg and larval
 development",function,maintenance _respiration
"Frazer, T. K (2002)","energetic demands of larval krill, euphausia superba, in winter",observation,years,winter,1987-1994,Antarctic Peninsula,slopeOxygenConsumptionTemperature,linear regression,NA,16,"larvae, juveniles",0.058,parameter,"egg and larval
 development",function,maintenance _respiration
"Frazer, T. K (2002)","energetic demands of larval krill, euphausia superba, in winter",observation,years,winter,1987-1994,Antarctic Peninsula,interceptOxygenConsumptionTemperature,linear regression,NA,16,"larvae, juveniles",0.191,parameter,"egg and larval
 development",function,maintenance _respiration
"Frazer, T. K (2002)","energetic demands of larval krill, euphausia superba, in winter",observation,years,winter,1987-1994,Antarctic Peninsula,interceptOxygenConsumptionTemperature,linear regression,NA,16,"larvae, juveniles",0.191,parameter,"egg and larval
 development",function,maintenance _respiration
"Groeneveld, J. et al. (2015)",how biological clocks and changing environmental conditions determine local population growth and species distribution in antarctic krill (euphausia superba): a conceptual model,model,years,NA,NA,NA,maxAgeLarvae,mechanistic model,years,NA,"larvae, juveniles",2,parameter,"egg and larval
 development",function,growth
O'Brien et al. (2011),Aspects of krill growth and condition during late winter-early spring off east antarctica (110-130 degrees e),observation,days,spring,2007,East Antarctica,monounsaturated fatty acids of krill on day sample taken,measurement,% total fatty acids,1,larvae,20.7,"parameter, validation","egg and larval
 development",state_var,reserves
O'Brien et al. (2011),Aspects of krill growth and condition during late winter-early spring off east antarctica (110-130 degrees e),observation,days,spring,2007,East Antarctica,monounsaturated fatty acids of krill on day sample taken,measurement,% total fatty acids,1,larvae,20.7,"parameter, validation","egg and larval
 development",state_var,tissues
O'Brien et al. (2011),Aspects of krill growth and condition during late winter-early spring off east antarctica (110-130 degrees e),observation,days,spring,2007,East Antarctica,monounsaturated fatty acids of krill after 5 days of starvation,measurement,% total fatty acids,1,larvae,20.6,"parameter, validation","egg and larval
 development",state_var,reserves
O'Brien et al. (2011),Aspects of krill growth and condition during late winter-early spring off east antarctica (110-130 degrees e),observation,days,spring,2007,East Antarctica,monounsaturated fatty acids of krill after 5 days of starvation,measurement,% total fatty acids,1,larvae,20.6,"parameter, validation","egg and larval
 development",state_var,tissues
O'Brien et al. (2011),Aspects of krill growth and condition during late winter-early spring off east antarctica (110-130 degrees e),observation,days,spring,2007,East Antarctica,poly unsaturated fatty acids of krill on day sample taken,measurement,% total fatty acids,1,larvae,53.4,"parameter, validation","egg and larval
 development",state_var,reserves
O'Brien et al. (2011),Aspects of krill growth and condition during late winter-early spring off east antarctica (110-130 degrees e),observation,days,spring,2007,East Antarctica,poly unsaturated fatty acids of krill on day sample taken,measurement,% total fatty acids,1,larvae,53.4,"parameter, validation","egg and larval
 development",state_var,tissues
O'Brien et al. (2011),Aspects of krill growth and condition during late winter-early spring off east antarctica (110-130 degrees e),observation,days,spring,2007,East Antarctica,poly unsaturated fatty acids of krill after 5 days starvation,measurement,% total fatty acids,1,larvae,51.3,"parameter, validation","egg and larval
 development",state_var,reserves
O'Brien et al. (2011),Aspects of krill growth and condition during late winter-early spring off east antarctica (110-130 degrees e),observation,days,spring,2007,East Antarctica,poly unsaturated fatty acids of krill after 5 days starvation,measurement,% total fatty acids,1,larvae,51.3,"parameter, validation","egg and larval
 development",state_var,tissues
O'Brien et al. (2011),Aspects of krill growth and condition during late winter-early spring off east antarctica (110-130 degrees e),observation,days,spring,2007,East Antarctica,saturated fatty acids of krill on day sample taken,measurement,% total fatty acids,1,larvae,26,"parameter, validation","egg and larval
 development",state_var,reserves
O'Brien et al. (2011),Aspects of krill growth and condition during late winter-early spring off east antarctica (110-130 degrees e),observation,days,spring,2007,East Antarctica,saturated fatty acids of krill on day sample taken,measurement,% total fatty acids,1,larvae,26,"parameter, validation","egg and larval
 development",state_var,tissues
O'Brien et al. (2011),Aspects of krill growth and condition during late winter-early spring off east antarctica (110-130 degrees e),observation,days,spring,2007,East Antarctica,saturated fatty acids of krill 5 days after sample taken,measurement,% total fatty acids,1,larvae,28.1,"parameter, validation","egg and larval
 development",state_var,reserves
O'Brien et al. (2011),Aspects of krill growth and condition during late winter-early spring off east antarctica (110-130 degrees e),observation,days,spring,2007,East Antarctica,saturated fatty acids of krill 5 days after sample taken,measurement,% total fatty acids,1,larvae,28.1,"parameter, validation","egg and larval
 development",state_var,tissues
O'Brien et al. (2011),Aspects of krill growth and condition during late winter-early spring off east antarctica (110-130 degrees e),observation,days,spring,2007,East Antarctica,mean growth increment,measurement,% per moult,4,larvae,14.8,parameter,"egg and larval
 development",function,growth
Pakhomov et al. (2004),daily rations and growth of larval krill euphausia superba in the eastern bellingshausen sea during austral autumn,observation,days,autumn,2001,Eastern Bellinghausen Sea,intermolt period,measurement,days,6,krill larvae: furcilia,14,parameter,"egg and larval
 development",function,maintenance _moulting
Pakhomov et al. (2004),daily rations and growth of larval krill euphausia superba in the eastern bellingshausen sea during austral autumn,observation,days,autumn,2001,Eastern Bellinghausen Sea,daily growth rate,measurement,% body length,9,krill larvae: furcilia,13.75,parameter,"egg and larval
 development",function,growth
Pakhomov et al. (2004),daily rations and growth of larval krill euphausia superba in the eastern bellingshausen sea during austral autumn,observation,days,autumn,2001,Eastern Bellinghausen Sea,daily growth rate,measurement,% body wet mass,9,krill larvae: furcilia,53.3,parameter,"egg and larval
 development",function,growth
Pakhomov et al. (2004),daily rations and growth of larval krill euphausia superba in the eastern bellingshausen sea during austral autumn,observation,days,autumn,2001,Eastern Bellinghausen Sea,daily growth rate,measurement,% body dry mass,9,krill larvae: furcilia,33,parameter,"egg and larval
 development",function,growth
Pakhomov et al. (2004),daily rations and growth of larval krill euphausia superba in the eastern bellingshausen sea during austral autumn,observation,days,autumn,2001,Eastern Bellinghausen Sea,daily growth rate,measurement,% body carbon,9,krill larvae: furcilia,35.04,parameter,"egg and larval
 development",function,growth
Pakhomov et al. (2004),daily rations and growth of larval krill euphausia superba in the eastern bellingshausen sea during austral autumn,observation,days,autumn,2001,Eastern Bellinghausen Sea,daily growth rate,measurement,% body nitrogen,9,krill larvae: furcilia,33.87,parameter,"egg and larval
 development",function,growth
"meyer, b; fuentes, v; guerra, c; schmidt, k; atkinson, a; spahic, s; cisewski, b; freier, u; olariaga, a; bathmann, u (2009)","physiology, growth, and development of larval krill euphausia superba in autumn and winter in the lazarev sea, antarctica",observation,months,winter,2006,Lazarev Sea,daily growth rate,measurement,mm per day,NA,krill larvae: furcilia,0.0014,parameter,"egg and larval
 development",function,growth
"meyer, b; fuentes, v; guerra, c; schmidt, k; atkinson, a; spahic, s; cisewski, b; freier, u; olariaga, a; bathmann, u (2009)","physiology, growth, and development of larval krill euphausia superba in autumn and winter in the lazarev sea, antarctica",observation,months,winter,2006,Lazarev Sea,daily growth rate,measurement,µg DW per day,NA,krill larvae: furcilia,0.23,parameter,"egg and larval
 development",function,growth
"meyer, b; fuentes, v; guerra, c; schmidt, k; atkinson, a; spahic, s; cisewski, b; freier, u; olariaga, a; bathmann, u (2009)","physiology, growth, and development of larval krill euphausia superba in autumn and winter in the lazarev sea, antarctica",observation,months,winter,2006,Lazarev Sea,daily growth rate,measurement,µg carbon per day,NA,krill larvae: furcilia,0.1,parameter,"egg and larval
 development",function,growth
"meyer, b; fuentes, v; guerra, c; schmidt, k; atkinson, a; spahic, s; cisewski, b; freier, u; olariaga, a; bathmann, u (2009)","physiology, growth, and development of larval krill euphausia superba in autumn and winter in the lazarev sea, antarctica",observation,months,winter,2006,Lazarev Sea,daily growth rate,measurement,µg nitrogen per day,NA,krill larvae: furcilia,0.02,parameter,"egg and larval
 development",function,growth
"meyer, b; fuentes, v; guerra, c; schmidt, k; atkinson, a; spahic, s; cisewski, b; freier, u; olariaga, a; bathmann, u (2009)","physiology, growth, and development of larval krill euphausia superba in autumn and winter in the lazarev sea, antarctica",observation,months,winter,2006,Lazarev Sea,daily growth rate,measurement,% body carbon per day,NA,krill larvae: furcilia,1.2,parameter,"egg and larval
 development",function,growth
"meyer, b; fuentes, v; guerra, c; schmidt, k; atkinson, a; spahic, s; cisewski, b; freier, u; olariaga, a; bathmann, u (2009)","physiology, growth, and development of larval krill euphausia superba in autumn and winter in the lazarev sea, antarctica",observation,months,autumn,2004,Lazarev Sea,daily growth rate,measurement,mm per day,NA,krill larvae: furcilia,0.01,parameter,"egg and larval
 development",function,growth
"meyer, b; fuentes, v; guerra, c; schmidt, k; atkinson, a; spahic, s; cisewski, b; freier, u; olariaga, a; bathmann, u (2009)","physiology, growth, and development of larval krill euphausia superba in autumn and winter in the lazarev sea, antarctica",observation,months,autumn,2004,Lazarev Sea,daily growth rate,measurement,µg DW per day,NA,krill larvae: furcilia,2.2,parameter,"egg and larval
 development",function,growth
"meyer, b; fuentes, v; guerra, c; schmidt, k; atkinson, a; spahic, s; cisewski, b; freier, u; olariaga, a; bathmann, u (2009)","physiology, growth, and development of larval krill euphausia superba in autumn and winter in the lazarev sea, antarctica",observation,months,autumn,2004,Lazarev Sea,daily growth rate,measurement,µg carbon per day,NA,krill larvae: furcilia,1,parameter,"egg and larval
 development",function,growth
"meyer, b; fuentes, v; guerra, c; schmidt, k; atkinson, a; spahic, s; cisewski, b; freier, u; olariaga, a; bathmann, u (2009)","physiology, growth, and development of larval krill euphausia superba in autumn and winter in the lazarev sea, antarctica",observation,months,autumn,2004,Lazarev Sea,daily growth rate,measurement,µg nitrogen per day,NA,krill larvae: furcilia,0.2,parameter,"egg and larval
 development",function,growth
"meyer, b; fuentes, v; guerra, c; schmidt, k; atkinson, a; spahic, s; cisewski, b; freier, u; olariaga, a; bathmann, u (2009)","physiology, growth, and development of larval krill euphausia superba in autumn and winter in the lazarev sea, antarctica",observation,months,autumn,2004,Lazarev Sea,daily growth rate,measurement,% body carbon per day,NA,krill larvae: furcilia,2.5,parameter,"egg and larval
 development",function,growth
"meyer, b; fuentes, v; guerra, c; schmidt, k; atkinson, a; spahic, s; cisewski, b; freier, u; olariaga, a; bathmann, u (2009)","physiology, growth, and development of larval krill euphausia superba in autumn and winter in the lazarev sea, antarctica",observation,months,winter,2006,Lazarev Sea,respiration rate,measurement,µL O2 mg-1 DW h-1,NA,krill larvae: furcilia,0.54,parameter,"egg and larval
 development",function,maintenance _respiration
"meyer, b; fuentes, v; guerra, c; schmidt, k; atkinson, a; spahic, s; cisewski, b; freier, u; olariaga, a; bathmann, u (2009)","physiology, growth, and development of larval krill euphausia superba in autumn and winter in the lazarev sea, antarctica",observation,months,winter,2006,Lazarev Sea,respiration rate,measurement,% body carbon per day,NA,krill larvae: furcilia,1.6,parameter,"egg and larval
 development",function,maintenance _respiration
"meyer, b; fuentes, v; guerra, c; schmidt, k; atkinson, a; spahic, s; cisewski, b; freier, u; olariaga, a; bathmann, u (2009)","physiology, growth, and development of larval krill euphausia superba in autumn and winter in the lazarev sea, antarctica",observation,months,autumn,2004,Lazarev Sea,respiration rate,measurement,µL O2 mg-1 DW h-1,NA,krill larvae: furcilia,0.95,parameter,"egg and larval
 development",function,maintenance _respiration
"meyer, b; fuentes, v; guerra, c; schmidt, k; atkinson, a; spahic, s; cisewski, b; freier, u; olariaga, a; bathmann, u (2009)","physiology, growth, and development of larval krill euphausia superba in autumn and winter in the lazarev sea, antarctica",observation,months,autumn,2004,Lazarev Sea,respiration rate,measurement,% body carbon per day,NA,krill larvae: furcilia,3.3,parameter,"egg and larval
 development",function,maintenance _respiration
"meyer, b; fuentes, v; guerra, c; schmidt, k; atkinson, a; spahic, s; cisewski, b; freier, u; olariaga, a; bathmann, u (2009)","physiology, growth, and development of larval krill euphausia superba in autumn and winter in the lazarev sea, antarctica",observation,months,autumn,2004,Lazarev Sea,lipid content,measurement,% lipid,16,krill larvae: furcilia,% lipid=3.66C:N-0.01,parameter,"egg and larval
 development",state_var,tissues
"meyer, b; fuentes, v; guerra, c; schmidt, k; atkinson, a; spahic, s; cisewski, b; freier, u; olariaga, a; bathmann, u (2009)","physiology, growth, and development of larval krill euphausia superba in autumn and winter in the lazarev sea, antarctica",observation,months,autumn,2004,Lazarev Sea,lipid content,measurement,lipid,16,krill larvae: furcilia,lipid=0.35C-0.01,parameter,"egg and larval
 development",state_var,tissues
"meyer, b; fuentes, v; guerra, c; schmidt, k; atkinson, a; spahic, s; cisewski, b; freier, u; olariaga, a; bathmann, u (2009)","physiology, growth, and development of larval krill euphausia superba in autumn and winter in the lazarev sea, antarctica",observation,months,winter,2006,Lazarev Sea,lipid content,measurement,% lipid,16,krill larvae: furcilia,% lipid=11.24C:N-35.36,parameter,"egg and larval
 development",state_var,tissues
"meyer, b; fuentes, v; guerra, c; schmidt, k; atkinson, a; spahic, s; cisewski, b; freier, u; olariaga, a; bathmann, u (2009)","physiology, growth, and development of larval krill euphausia superba in autumn and winter in the lazarev sea, antarctica",observation,months,winter,2006,Lazarev Sea,lipid content,measurement,lipid,16,krill larvae: furcilia,lipid=0.46C-0.05,parameter,"egg and larval
 development",state_var,tissues
"meyer, b; fuentes, v; guerra, c; schmidt, k; atkinson, a; spahic, s; cisewski, b; freier, u; olariaga, a; bathmann, u (2009)","physiology, growth, and development of larval krill euphausia superba in autumn and winter in the lazarev sea, antarctica",observation,months,autumn,2004,Lazarev Sea,protein content,measurement,protein,16,krill larvae: furcilia,protein=5.34N-0.01,parameter,"egg and larval
 development",state_var,tissues
"meyer, b; fuentes, v; guerra, c; schmidt, k; atkinson, a; spahic, s; cisewski, b; freier, u; olariaga, a; bathmann, u (2009)","physiology, growth, and development of larval krill euphausia superba in autumn and winter in the lazarev sea, antarctica",observation,months,winter,2006,Lazarev Sea,protein content,measurement,protein,16,krill larvae: furcilia,protein=3.37N+0.02,parameter,"egg and larval
 development",state_var,tissues
"meyer, b; fuentes, v; guerra, c; schmidt, k; atkinson, a; spahic, s; cisewski, b; freier, u; olariaga, a; bathmann, u (2009)","physiology, growth, and development of larval krill euphausia superba in autumn and winter in the lazarev sea, antarctica",observation,months,autumn,2004,Lazarev Sea,intermolt period,measurement,days,6,krill larvae: furcilia,21.8,parameter,"egg and larval
 development",function,maintenance _moulting
"meyer, b; fuentes, v; guerra, c; schmidt, k; atkinson, a; spahic, s; cisewski, b; freier, u; olariaga, a; bathmann, u (2009)","physiology, growth, and development of larval krill euphausia superba in autumn and winter in the lazarev sea, antarctica",observation,months,winter,2006,Lazarev Sea,intermolt period,measurement,days,5,krill larvae: furcilia,35.4,parameter,"egg and larval
 development",function,maintenance _moulting
"meyer, b; freier, u; grimm, v; groeneveld, j; hunt, bpv; kerwath, s; kin, r; klaas, c; pakhomov, e; meiners, km; melbourne-thomas, j; murphy, ej; thorpe, se; stammerjohn, s; wolf-gladrow, d; auerswald, l; gotz, a; halbach, l; jarman, s; kawaguchi, s; krumpen, t; nehrke, g; ricker, r; sumner, m; teschke, m; trebilco, r; yilmaz, ni (2017)",the winter pack-ice zone provides a sheltered but food-poor habitat for larval antarctic krill,hybrid,months,winter,2013,Weddell Sea,vertical migration,measurement,NA,NA,larvae,NA,parameter,"egg and larval
 development",state_var,vertical_position
"meyer, b; freier, u; grimm, v; groeneveld, j; hunt, bpv; kerwath, s; kin, r; klaas, c; pakhomov, e; meiners, km; melbourne-thomas, j; murphy, ej; thorpe, se; stammerjohn, s; wolf-gladrow, d; auerswald, l; gotz, a; halbach, l; jarman, s; kawaguchi, s; krumpen, t; nehrke, g; ricker, r; sumner, m; teschke, m; trebilco, r; yilmaz, ni (2017)",the winter pack-ice zone provides a sheltered but food-poor habitat for larval antarctic krill,hybrid,months,winter,2013,Weddell Sea,growth,regression,NA,NA,larvae,NA,"parameter, validation","egg and larval
 development",function,growth
"meyer, b; freier, u; grimm, v; groeneveld, j; hunt, bpv; kerwath, s; kin, r; klaas, c; pakhomov, e; meiners, km; melbourne-thomas, j; murphy, ej; thorpe, se; stammerjohn, s; wolf-gladrow, d; auerswald, l; gotz, a; halbach, l; jarman, s; kawaguchi, s; krumpen, t; nehrke, g; ricker, r; sumner, m; teschke, m; trebilco, r; yilmaz, ni (2017)",the winter pack-ice zone provides a sheltered but food-poor habitat for larval antarctic krill,hybrid,months,winter,2013,Weddell Sea,growth,measurement,growth increment (%),26,larvae,10.2,"parameter, validation","egg and larval
 development",function,growth
"meyer, b; freier, u; grimm, v; groeneveld, j; hunt, bpv; kerwath, s; kin, r; klaas, c; pakhomov, e; meiners, km; melbourne-thomas, j; murphy, ej; thorpe, se; stammerjohn, s; wolf-gladrow, d; auerswald, l; gotz, a; halbach, l; jarman, s; kawaguchi, s; krumpen, t; nehrke, g; ricker, r; sumner, m; teschke, m; trebilco, r; yilmaz, ni (2017)",the winter pack-ice zone provides a sheltered but food-poor habitat for larval antarctic krill,hybrid,months,winter,2013,Weddell Sea,growth,measurement,growth increment (%),73,larvae,17,"parameter, validation","egg and larval
 development",function,growth
"meyer, b; freier, u; grimm, v; groeneveld, j; hunt, bpv; kerwath, s; kin, r; klaas, c; pakhomov, e; meiners, km; melbourne-thomas, j; murphy, ej; thorpe, se; stammerjohn, s; wolf-gladrow, d; auerswald, l; gotz, a; halbach, l; jarman, s; kawaguchi, s; krumpen, t; nehrke, g; ricker, r; sumner, m; teschke, m; trebilco, r; yilmaz, ni (2017)",the winter pack-ice zone provides a sheltered but food-poor habitat for larval antarctic krill,hybrid,months,winter,2013,Weddell Sea,growth,measurement,growth increment (%),98,larvae,5.5,"parameter, validation","egg and larval
 development",function,growth
witek & kittel (1985),"larvae of the species of the genus euphausia (euphausiacea, crustacea) in the southern part of drake passage and the bransfield strait during the biomass-sibex (december 1983-january 1984)",observation,months,summer,1984-1984,Bransfield Strait,average diameter of eggs,measurement,mm,150,egg,0.57,parameter,"egg and larval
 development",state_var,embryo_diameter
witek & kittel (1985),"larvae of the species of the genus euphausia (euphausiacea, crustacea) in the southern part of drake passage and the bransfield strait during the biomass-sibex (december 1983-january 1984)",observation,months,summer,1984-1984,Bransfield Strait,diameter range of larvae preserved in formaldehyde,measurement,mm,NA,larvae,0.52-0.061,parameter,"egg and larval
 development",state_var,embryo_diameter
witek & kittel (1985),"larvae of the species of the genus euphausia (euphausiacea, crustacea) in the southern part of drake passage and the bransfield strait during the biomass-sibex (december 1983-january 1984)",observation,months,summer,1984-1984,Bransfield Strait,max density of eggs sampled to 500 m,measurement,ind/1000 m^3,NA,egg,879,"parameter, validation","egg and larval
 development",state_var,vertical_position
witek & kittel (1985),"larvae of the species of the genus euphausia (euphausiacea, crustacea) in the southern part of drake passage and the bransfield strait during the biomass-sibex (december 1983-january 1984)",observation,months,summer,1984-1984,NE Bransfield Strait,max density of larvae sampled to 500 m,measurement,ind/1000 m^3,NA,larvae,206,"parameter, validation","egg and larval
 development",state_var,vertical_position
witek & kittel (1985),"larvae of the species of the genus euphausia (euphausiacea, crustacea) in the southern part of drake passage and the bransfield strait during the biomass-sibex (december 1983-january 1984)",observation,months,summer,1984-1984,SW Bransfield Strait,max density of larvae sampled to 100 m,measurement,ind/1000 m^3,NA,larvae,865,"parameter, validation","egg and larval
 development",state_var,vertical_position
Lowe et al. (2012),simulating larval antarctic krill growth and condition factor during fall and winter in response to environmental variability,hybrid,months,"autumn, winter",2001-2002,Antarctic Peninsula,carbonAllocatedToGrowth,mechanistic model,NA,NA,larvae,"0.7, 0.5",parameter,"egg and larval
 development",state_var,tissues
Lowe et al. (2012),simulating larval antarctic krill growth and condition factor during fall and winter in response to environmental variability,hybrid,months,"autumn, winter",2001-2002,Antarctic Peninsula,intermoultPeriod,mechanistic model,days,NA,larvae,NA,parameter,"egg and larval
 development",function,maintenance _moulting
"Hofmann, E. F. and Lascara, C. M. (2000)",modeling the growth dynamics of antarctic krill euphausia superba,model,years,"summer, autumn, winter, spring",NA,Antarctic Peninsula,lengthToWetWeightWW0,reference,mm mgWW-1,NA,larvae,0.047,"parameter, validation","egg and larval
 development",state_var,tissues
"Hofmann, E. F. and Lascara, C. M. (2000)",modeling the growth dynamics of antarctic krill euphausia superba,model,years,"summer, autumn, winter, spring",NA,Antarctic Peninsula,lengthToWetWeightLExponent,reference,NA,NA,larvae,2.121,"parameter, validation","egg and larval
 development",state_var,tissues
"Yoshida, T. (2011)",factors determining the hatching success of antarctic krill euphausia superba embryo: lipid and fatty acid composition,hybrid,days,summer,2005-2005,NA,totalLipidContentMultipleCellsAlgaeMix,observation,%,61,larvae,35.91837,"parameter, validation","egg and larval
 development",state_var,tissues
"Yoshida, T. (2011)",factors determining the hatching success of antarctic krill euphausia superba embryo: lipid and fatty acid composition,hybrid,days,summer,2005-2005,NA,totalLipidContentGastrulaAlgaeMix,observation,%,48,larvae,33.48214,"parameter, validation","egg and larval
 development",state_var,tissues
"Yoshida, T. (2011)",factors determining the hatching success of antarctic krill euphausia superba embryo: lipid and fatty acid composition,hybrid,days,summer,2005-2005,NA,totalLipidContentLimbBudAlgaeMix,observation,%,65,larvae,32.69962,"parameter, validation","egg and larval
 development",state_var,tissues
"Yoshida, T. (2011)",factors determining the hatching success of antarctic krill euphausia superba embryo: lipid and fatty acid composition,hybrid,days,summer,2005-2005,NA,totalLipidContentMultipleCellsAlgaeMixClams,observation,%,177,larvae,28.46975,"parameter, validation","egg and larval
 development",state_var,tissues
"Yoshida, T. (2011)",factors determining the hatching success of antarctic krill euphausia superba embryo: lipid and fatty acid composition,hybrid,days,summer,2005-2005,NA,totalLipidContentGastrulaAlgaeMixClams,observation,%,460,larvae,25,"parameter, validation","egg and larval
 development",state_var,tissues
"Yoshida, T. (2011)",factors determining the hatching success of antarctic krill euphausia superba embryo: lipid and fatty acid composition,hybrid,days,summer,2005-2005,NA,totalLipidContentLimbBudAlgaeMixClams,observation,%,367,larvae,22.95082,"parameter, validation","egg and larval
 development",state_var,tissues
"Yoshida, T. (2011)",factors determining the hatching success of antarctic krill euphausia superba embryo: lipid and fatty acid composition,hybrid,days,summer,2005-2005,NA,totalLipidContentMultipleCellsAlgaeMixClamsLarvaFeed,observation,%,67,larvae,26.38298,"parameter, validation","egg and larval
 development",state_var,tissues
"Yoshida, T. (2011)",factors determining the hatching success of antarctic krill euphausia superba embryo: lipid and fatty acid composition,hybrid,days,summer,2005-2005,NA,totalLipidContentGastrulaAlgaeMixClamsLarvaFeed,observation,%,52,larvae,22.54902,"parameter, validation","egg and larval
 development",state_var,tissues
"Yoshida, T. (2011)",factors determining the hatching success of antarctic krill euphausia superba embryo: lipid and fatty acid composition,hybrid,days,summer,2005-2005,NA,totalLipidContentLimbBudAlgaeMixClamsLarvaFeed,observation,%,61,larvae,24.85207,"parameter, validation","egg and larval
 development",state_var,tissues
"Yoshida, T. (2011)",factors determining the hatching success of antarctic krill euphausia superba embryo: lipid and fatty acid composition,hybrid,days,summer,2005-2005,NA,totalLipidContentNaupliusIAlgaeMixClamsLarvaFeed,observation,%,13,larvae,11.5304,"parameter, validation","egg and larval
 development",state_var,tissues
"Yoshida, T. (2011)",factors determining the hatching success of antarctic krill euphausia superba embryo: lipid and fatty acid composition,hybrid,days,summer,2005-2005,NA,totalLipidContentNaupliusIIAlgaeMixClamsLarvaFeed,observation,%,25,larvae,14.95845,"parameter, validation","egg and larval
 development",state_var,tissues
"Yoshida, T. (2011)",factors determining the hatching success of antarctic krill euphausia superba embryo: lipid and fatty acid composition,hybrid,days,summer,2005-2005,NA,totalLipidContentMetanaupliusAlgaeMixClamsLarvaFeed,observation,%,35,larvae,11.70886,"parameter, validation","egg and larval
 development",state_var,tissues
"Yoshida, T. (2011)",factors determining the hatching success of antarctic krill euphausia superba embryo: lipid and fatty acid composition,hybrid,days,summer,2006,Indian Sector,totalLipidContentMultipleCellsField,observation,%,346,larvae,28.68217,"parameter, validation","egg and larval
 development",state_var,tissues
"Yoshida, T. (2011)",factors determining the hatching success of antarctic krill euphausia superba embryo: lipid and fatty acid composition,hybrid,days,summer,2006,Indian Sector,totalLipidContentGastrulaField,observation,%,631,larvae,31.05413,"parameter, validation","egg and larval
 development",state_var,tissues
"Yoshida, T. (2011)",factors determining the hatching success of antarctic krill euphausia superba embryo: lipid and fatty acid composition,hybrid,days,summer,2006,Indian Sector,totalLipidContentLimbBudField,observation,%,321,larvae,27.47875,"parameter, validation","egg and larval
 development",state_var,tissues
"Hempel, I. (1985a) ","vertical distribution of larvae of antarctic krill, euphausia superba",observation,days,autumn,1980-1981,Scotia Sea and Bransfield Strait,relative abundance at 140-500 m depth,net tows,%,NA,egg,2.5,"parameter, validation","egg and larval
 development",state_var,vertical_position
"Hempel, I. (1985a) ","vertical distribution of larvae of antarctic krill, euphausia superba",observation,days,autumn,1980-1981,Scotia Sea and Bransfield Strait,relative abundance at 140-500 m depth,net tows,%,NA,larvae,11.9,"parameter, validation","egg and larval
 development",state_var,vertical_position
"Hempel, I. (1985a) ","vertical distribution of larvae of antarctic krill, euphausia superba",observation,days,autumn,1980-1981,Scotia Sea and Bransfield Strait,relative abundance at 140-500 m depth,net tows,%,NA,larvae,36,"parameter, validation","egg and larval
 development",state_var,vertical_position
"Hempel, I. (1985a) ","vertical distribution of larvae of antarctic krill, euphausia superba",observation,days,autumn,1980-1981,Scotia Sea and Bransfield Strait,relative abundance at 140-500 m depth,net tows,%,NA,larvae,49.3,"parameter, validation","egg and larval
 development",state_var,vertical_position
"Hempel, I. (1985a) ","vertical distribution of larvae of antarctic krill, euphausia superba",observation,days,autumn,1980-1981,Scotia Sea and Bransfield Strait,relative abundance at 500-1000 m depth,net tows,%,NA,egg,0.8,"parameter, validation","egg and larval
 development",state_var,vertical_position
"Hempel, I. (1985a) ","vertical distribution of larvae of antarctic krill, euphausia superba",observation,days,autumn,1980-1981,Scotia Sea and Bransfield Strait,relative abundance at 500-1000 m depth,net tows,%,NA,larvae,6.9,"parameter, validation","egg and larval
 development",state_var,vertical_position
"Hempel, I. (1985a) ","vertical distribution of larvae of antarctic krill, euphausia superba",observation,days,autumn,1980-1981,Scotia Sea and Bransfield Strait,relative abundance at 500-1000 m depth,net tows,%,NA,larvae,89,"parameter, validation","egg and larval
 development",state_var,vertical_position
"Hempel, I. (1985a) ","vertical distribution of larvae of antarctic krill, euphausia superba",observation,days,autumn,1980-1981,Scotia Sea and Bransfield Strait,relative abundance at 500-1000 m depth,net tows,%,NA,larvae,2.7,"parameter, validation","egg and larval
 development",state_var,vertical_position
"Hempel, I. (1985a) ","vertical distribution of larvae of antarctic krill, euphausia superba",observation,days,autumn,1980-1981,Scotia Sea and Bransfield Strait,relative abundance at 1000-2000 m depth,net tows,%,NA,egg,5.4,"parameter, validation","egg and larval
 development",state_var,vertical_position
"Hempel, I. (1985a) ","vertical distribution of larvae of antarctic krill, euphausia superba",observation,days,autumn,1980-1981,Scotia Sea and Bransfield Strait,relative abundance at 1000-2000 m depth,net tows,%,NA,larvae,91.5,"parameter, validation","egg and larval
 development",state_var,vertical_position
"Hempel, I. (1985a) ","vertical distribution of larvae of antarctic krill, euphausia superba",observation,days,autumn,1980-1981,Scotia Sea and Bransfield Strait,relative abundance at 1000-2000 m depth,net tows,%,NA,larvae,3,"parameter, validation","egg and larval
 development",state_var,vertical_position
"Hempel, I. (1985a) ","vertical distribution of larvae of antarctic krill, euphausia superba",observation,days,autumn,1980-1981,Scotia Sea and Bransfield Strait,relative abundance at 1000-2000 m depth,net tows,%,NA,larvae,0,"parameter, validation","egg and larval
 development",state_var,vertical_position
Ju & Harvey (2004),lipids as markers of nutritional condition and diet in the antarctic krill euphausia superba and euphausia crystallorophias during austral winter,hybrid,months,winter,2001-2001,Marguerite Bay,total lipid concentration,Fisher's least significant difference,mg/g dry weight,7,larvae,140,"parameter, validation","egg and larval
 development",state_var,tissues
Ju & Harvey (2004),lipids as markers of nutritional condition and diet in the antarctic krill euphausia superba and euphausia crystallorophias during austral winter,hybrid,months,winter,2001-2001,Western Antarctic Peninsula,total saturate fatty acid composition,Principle component analysis,%,7,larvae,32,"parameter, validation","egg and larval
 development",state_var,tissues
Ju & Harvey (2004),lipids as markers of nutritional condition and diet in the antarctic krill euphausia superba and euphausia crystallorophias during austral winter,hybrid,months,winter,2001-2001,Western Antarctic Peninsula,total monounsaturated fatty acid composition,Principle component analysis,%,7,larvae,23.8,"parameter, validation","egg and larval
 development",state_var,tissues
Ju & Harvey (2004),lipids as markers of nutritional condition and diet in the antarctic krill euphausia superba and euphausia crystallorophias during austral winter,hybrid,months,winter,2001-2001,Western Antarctic Peninsula,total polyunsaturated fatty acid composition,Principle component analysis,%,7,larvae,39.7,"parameter, validation","egg and larval
 development",state_var,tissues
Ju & Harvey (2004),lipids as markers of nutritional condition and diet in the antarctic krill euphausia superba and euphausia crystallorophias during austral winter,hybrid,months,winter,2001-2001,Western Antarctic Peninsula,total branched fatty acid composition,Principle component analysis,%,7,larvae,4.5,"parameter, validation","egg and larval
 development",state_var,tissues
Ju & Harvey (2004),lipids as markers of nutritional condition and diet in the antarctic krill euphausia superba and euphausia crystallorophias during austral winter,hybrid,months,winter,2001-2001,Western Antarctic Peninsula,total fatty acid composition,Principle component analysis,mg/g dry weight,7,larvae,141,"parameter, validation","egg and larval
 development",state_var,tissues
Ju & Harvey (2004),lipids as markers of nutritional condition and diet in the antarctic krill euphausia superba and euphausia crystallorophias during austral winter,hybrid,months,winter,2001-2001,Western Antarctic Peninsula,total alcohol composition of neutral lipid,Principle component analysis,mg/g dry weight,7,larvae,0.09,"parameter, validation","egg and larval
 development",state_var,tissues
Ju & Harvey (2004),lipids as markers of nutritional condition and diet in the antarctic krill euphausia superba and euphausia crystallorophias during austral winter,hybrid,months,winter,2001-2001,Western Antarctic Peninsula,total phytol alcohol composition of neutral lipid,Principle component analysis,mg/g dry weight,7,larvae,0.6,"parameter, validation","egg and larval
 development",state_var,tissues
Ju & Harvey (2004),lipids as markers of nutritional condition and diet in the antarctic krill euphausia superba and euphausia crystallorophias during austral winter,hybrid,months,winter,2001-2001,Western Antarctic Peninsula,total sterol composition of neutral lipid,Principle component analysis,mg/g dry weight,7,larvae,5.84,"parameter, validation","egg and larval
 development",state_var,tissues
Ikeda (1985),metabolic rate and elemental composition (c and n) of embryos and non-feeding early larval stages of antarctic krill (euphausia superba dana),observation,months,autumn,1984-1984,Prydz Bay,embryo total developmental period at 1 C,incubation,days,80,egg,8,"parameter, validation","egg and larval
 development",function,growth
Ikeda (1985),metabolic rate and elemental composition (c and n) of embryos and non-feeding early larval stages of antarctic krill (euphausia superba dana),observation,months,autumn,1984-1984,Prydz Bay,nauplis II total developmental period at 1 C,incubation,days,30,larvae,13,"parameter, validation","egg and larval
 development",function,growth
Ikeda (1985),metabolic rate and elemental composition (c and n) of embryos and non-feeding early larval stages of antarctic krill (euphausia superba dana),observation,months,autumn,1984-1984,Prydz Bay,metanauplius total developmental period at 1 C,incubation,days,15,larvae,18,"parameter, validation","egg and larval
 development",function,growth
Ikeda (1985),metabolic rate and elemental composition (c and n) of embryos and non-feeding early larval stages of antarctic krill (euphausia superba dana),observation,months,autumn,1984-1984,Prydz Bay,mean embryo I body size diameter 0 days after release,incubation,mm,20,egg,0.56,"parameter, validation","egg and larval
 development",state_var,embryo_diameter
Ikeda (1985),metabolic rate and elemental composition (c and n) of embryos and non-feeding early larval stages of antarctic krill (euphausia superba dana),observation,months,autumn,1984-1984,Prydz Bay,mean embryo I body carbon 0 days after release,incubation,ug,6,egg,16.7,"parameter, validation","egg and larval
 development",state_var,tissues
Ikeda (1985),metabolic rate and elemental composition (c and n) of embryos and non-feeding early larval stages of antarctic krill (euphausia superba dana),observation,months,autumn,1984-1984,Prydz Bay,mean embryo I body nitrogen 0 days after release,incubation,ug,6,egg,3.1,"parameter, validation","egg and larval
 development",state_var,tissues
Ikeda (1985),metabolic rate and elemental composition (c and n) of embryos and non-feeding early larval stages of antarctic krill (euphausia superba dana),observation,months,autumn,1984-1984,Prydz Bay,embryo I carbonNitrogen ratio 0 days after release,incubation,ug,6,egg,5.6,"parameter, validation","egg and larval
 development",state_var,tissues
Ikeda (1985),metabolic rate and elemental composition (c and n) of embryos and non-feeding early larval stages of antarctic krill (euphausia superba dana),observation,months,autumn,1984-1984,Prydz Bay,mean embryo II body size diameter 2 days after release,incubation,mm,20,egg,0.65,"parameter, validation","egg and larval
 development",state_var,embryo_diameter
Ikeda (1985),metabolic rate and elemental composition (c and n) of embryos and non-feeding early larval stages of antarctic krill (euphausia superba dana),observation,months,autumn,1984-1984,Prydz Bay,mean embryo II body carbon 2 days after release,incubation,ug,5,egg,19.2,"parameter, validation","egg and larval
 development",state_var,tissues
Ikeda (1985),metabolic rate and elemental composition (c and n) of embryos and non-feeding early larval stages of antarctic krill (euphausia superba dana),observation,months,autumn,1984-1984,Prydz Bay,mean embryo II body nitrogen 2 days after release,incubation,ug,5,egg,3.1,"parameter, validation","egg and larval
 development",state_var,tissues
Ikeda (1985),metabolic rate and elemental composition (c and n) of embryos and non-feeding early larval stages of antarctic krill (euphausia superba dana),observation,months,autumn,1984-1984,Prydz Bay,embryo II carbonNitrogen ratio 2 days after release,incubation,ug,5,egg,6.1,"parameter, validation","egg and larval
 development",state_var,tissues
Ikeda (1985),metabolic rate and elemental composition (c and n) of embryos and non-feeding early larval stages of antarctic krill (euphausia superba dana),observation,months,autumn,1984-1984,Prydz Bay,mean embryo III body size diameter 4 days after release,incubation,mm,20,egg,0.62,"parameter, validation","egg and larval
 development",state_var,embryo_diameter
Ikeda (1985),metabolic rate and elemental composition (c and n) of embryos and non-feeding early larval stages of antarctic krill (euphausia superba dana),observation,months,autumn,1984-1984,Prydz Bay,mean embryo III body carbon 4 days after release,incubation,ug,3,egg,16,"parameter, validation","egg and larval
 development",state_var,tissues
Ikeda (1985),metabolic rate and elemental composition (c and n) of embryos and non-feeding early larval stages of antarctic krill (euphausia superba dana),observation,months,autumn,1984-1984,Prydz Bay,mean embryo III body nitrogen 4 days after release,incubation,ug,3,egg,3.7,"parameter, validation","egg and larval
 development",state_var,tissues
Ikeda (1985),metabolic rate and elemental composition (c and n) of embryos and non-feeding early larval stages of antarctic krill (euphausia superba dana),observation,months,autumn,1984-1984,Prydz Bay,embryo III carbonNitrogen ratio 4 days after release,incubation,ug,3,egg,4.7,"parameter, validation","egg and larval
 development",state_var,tissues
Ikeda (1985),metabolic rate and elemental composition (c and n) of embryos and non-feeding early larval stages of antarctic krill (euphausia superba dana),observation,months,autumn,1984-1984,Prydz Bay,mean embryo IV body size diameter 6 days after release,incubation,mm,20,egg,0.62,"parameter, validation","egg and larval
 development",state_var,embryo_diameter
Ikeda (1985),metabolic rate and elemental composition (c and n) of embryos and non-feeding early larval stages of antarctic krill (euphausia superba dana),observation,months,autumn,1984-1984,Prydz Bay,mean embryo IV body carbon 6 days after release,incubation,ug,3,egg,16.8,"parameter, validation","egg and larval
 development",state_var,tissues
Ikeda (1985),metabolic rate and elemental composition (c and n) of embryos and non-feeding early larval stages of antarctic krill (euphausia superba dana),observation,months,autumn,1984-1984,Prydz Bay,mean embryo IV body nitrogen 6 days after release,incubation,ug,3,egg,2.7,"parameter, validation","egg and larval
 development",state_var,tissues
Ikeda (1985),metabolic rate and elemental composition (c and n) of embryos and non-feeding early larval stages of antarctic krill (euphausia superba dana),observation,months,autumn,1984-1984,Prydz Bay,embryo IV carbonNitrogen ratio 6 days after release,incubation,ug,3,egg,6.3,"parameter, validation","egg and larval
 development",state_var,tissues
Ikeda (1985),metabolic rate and elemental composition (c and n) of embryos and non-feeding early larval stages of antarctic krill (euphausia superba dana),observation,months,autumn,1984-1984,Prydz Bay,mean nauplius II body size diameter 16 days after release,incubation,mm,7,larvae,0.83,"parameter, validation","egg and larval
 development",state_var,embryo_diameter
Ikeda (1985),metabolic rate and elemental composition (c and n) of embryos and non-feeding early larval stages of antarctic krill (euphausia superba dana),observation,months,autumn,1984-1984,Prydz Bay,mean nauplius II body carbon 16 days after release,incubation,ug,4,larvae,13.8,"parameter, validation","egg and larval
 development",state_var,tissues
Ikeda (1985),metabolic rate and elemental composition (c and n) of embryos and non-feeding early larval stages of antarctic krill (euphausia superba dana),observation,months,autumn,1984-1984,Prydz Bay,mean nauplius II body nitrogen 16 days after release,incubation,ug,3,larvae,2.7,"parameter, validation","egg and larval
 development",state_var,tissues
Ikeda (1985),metabolic rate and elemental composition (c and n) of embryos and non-feeding early larval stages of antarctic krill (euphausia superba dana),observation,months,autumn,1984-1984,Prydz Bay,nauplius II carbonNitrogen ratio 16 days after release,incubation,ug,3,larvae,5.2,"parameter, validation","egg and larval
 development",state_var,tissues
Ikeda (1985),metabolic rate and elemental composition (c and n) of embryos and non-feeding early larval stages of antarctic krill (euphausia superba dana),observation,months,autumn,1984-1984,Prydz Bay,mean metanauplius body size diameter 21 days after release,incubation,mm,9,larvae,0.95,"parameter, validation","egg and larval
 development",state_var,embryo_diameter
Ikeda (1985),metabolic rate and elemental composition (c and n) of embryos and non-feeding early larval stages of antarctic krill (euphausia superba dana),observation,months,autumn,1984-1984,Prydz Bay,mean metanauplius body carbon 21 days after release,incubation,ug,3,larvae,12.8,"parameter, validation","egg and larval
 development",state_var,tissues
Ikeda (1985),metabolic rate and elemental composition (c and n) of embryos and non-feeding early larval stages of antarctic krill (euphausia superba dana),observation,months,autumn,1984-1984,Prydz Bay,mean metanauplius body nitrogen 21 days after release,incubation,ug,3,larvae,2.1,"parameter, validation","egg and larval
 development",state_var,tissues
Ikeda (1985),metabolic rate and elemental composition (c and n) of embryos and non-feeding early larval stages of antarctic krill (euphausia superba dana),observation,months,autumn,1984-1984,Prydz Bay,metanauplius carbonNitrogen ratio 21 days after release,incubation,ug,3,larvae,6.5,"parameter, validation","egg and larval
 development",state_var,tissues
Ikeda (1985),metabolic rate and elemental composition (c and n) of embryos and non-feeding early larval stages of antarctic krill (euphausia superba dana),observation,months,autumn,1984-1984,Prydz Bay,embryo I and II oxygen consumption rate at 1 C 0-2 days after release,incubation,ul O2 ind^-1 h^-1,5,egg,0.0026,"parameter, validation","egg and larval
 development",function,maintenance _respiration
Ikeda (1985),metabolic rate and elemental composition (c and n) of embryos and non-feeding early larval stages of antarctic krill (euphausia superba dana),observation,months,autumn,1984-1984,Prydz Bay,embryo I and II oxygen consumption rate at 1 C 0-2 days after release,incubation,ul O2 ind^-1 h^-1,5,egg,0.0026,"parameter, validation","egg and larval
 development",function,maintenance _respiration
Ikeda (1985),metabolic rate and elemental composition (c and n) of embryos and non-feeding early larval stages of antarctic krill (euphausia superba dana),observation,months,autumn,1984-1984,Prydz Bay,embryo II and III oxygen consumption rate at 1 C 2-4 days after release,incubation,ul O2 ind^-1 h^-1,4,egg,0.0034,"parameter, validation","egg and larval
 development",function,maintenance _respiration
Ikeda (1985),metabolic rate and elemental composition (c and n) of embryos and non-feeding early larval stages of antarctic krill (euphausia superba dana),observation,months,autumn,1984-1984,Prydz Bay,embryo II and III oxygen consumption rate at 1 C 2-4 days after release,incubation,ul O2 ind^-1 h^-1,4,egg,0.0034,"parameter, validation","egg and larval
 development",function,maintenance _respiration
Ikeda (1985),metabolic rate and elemental composition (c and n) of embryos and non-feeding early larval stages of antarctic krill (euphausia superba dana),observation,months,autumn,1984-1984,Prydz Bay,embryo III and IV oxygen consumption rate at 1 C 4-6 days after release,incubation,ul O2 ind^-1 h^-1,5,egg,0.0032,"parameter, validation","egg and larval
 development",function,maintenance _respiration
Ikeda (1985),metabolic rate and elemental composition (c and n) of embryos and non-feeding early larval stages of antarctic krill (euphausia superba dana),observation,months,autumn,1984-1984,Prydz Bay,embryo III and IV oxygen consumption rate at 1 C 4-6 days after release,incubation,ul O2 ind^-1 h^-1,5,egg,0.0032,"parameter, validation","egg and larval
 development",function,maintenance _respiration
Ikeda (1985),metabolic rate and elemental composition (c and n) of embryos and non-feeding early larval stages of antarctic krill (euphausia superba dana),observation,months,autumn,1984-1984,Prydz Bay,nauplius II oxygen consumption rate at 1 C 14-16 days after release,incubation,ul O2 ind^-1 h^-1,5,egg,0.0202,"parameter, validation","egg and larval
 development",function,maintenance _respiration
Ikeda (1985),metabolic rate and elemental composition (c and n) of embryos and non-feeding early larval stages of antarctic krill (euphausia superba dana),observation,months,autumn,1984-1984,Prydz Bay,nauplius II oxygen consumption rate at 1 C 14-16 days after release,incubation,ul O2 ind^-1 h^-1,5,egg,0.0202,"parameter, validation","egg and larval
 development",function,maintenance _respiration
Ikeda (1985),metabolic rate and elemental composition (c and n) of embryos and non-feeding early larval stages of antarctic krill (euphausia superba dana),observation,months,autumn,1984-1984,Prydz Bay,metanauplius oxygen consumption rate at 1 C 19-21 days after release,incubation,ul O2 ind^-1 h^-1,4,egg,0.0293,"parameter, validation","egg and larval
 development",function,maintenance _respiration
Ikeda (1985),metabolic rate and elemental composition (c and n) of embryos and non-feeding early larval stages of antarctic krill (euphausia superba dana),observation,months,autumn,1984-1984,Prydz Bay,metanauplius oxygen consumption rate at 1 C 19-21 days after release,incubation,ul O2 ind^-1 h^-1,4,egg,0.0293,"parameter, validation","egg and larval
 development",function,maintenance _respiration
Ikeda (1985),metabolic rate and elemental composition (c and n) of embryos and non-feeding early larval stages of antarctic krill (euphausia superba dana),observation,months,autumn,1984-1984,Prydz Bay,metanauplius stage duration,incubation,days,NA,larvae,10,"parameter, validation","egg and larval
 development",function,growth
Ikeda (1985),metabolic rate and elemental composition (c and n) of embryos and non-feeding early larval stages of antarctic krill (euphausia superba dana),observation,months,autumn,1984-1984,Prydz Bay,metabolic carbon loss from embryo I to metanauplius,incubation,ug,NA,larvae,4.8-6.5,"parameter, validation","egg and larval
 development",function,maintenance _moulting
Ikeda (1985),metabolic rate and elemental composition (c and n) of embryos and non-feeding early larval stages of antarctic krill (euphausia superba dana),observation,months,autumn,1984-1984,Prydz Bay,metabolic nitrogen loss from embryo I to metanauplius,incubation,ug,NA,larvae,0.0-2.2,"parameter, validation","egg and larval
 development",function,maintenance _moulting
Ikeda (1985),metabolic rate and elemental composition (c and n) of embryos and non-feeding early larval stages of antarctic krill (euphausia superba dana),observation,months,autumn,1984-1984,Prydz Bay,total loss of carbon during early development,incubation,ug,NA,larvae,5.4-7.5,"parameter, validation","egg and larval
 development",function,maintenance _respiration
Ikeda (1985),metabolic rate and elemental composition (c and n) of embryos and non-feeding early larval stages of antarctic krill (euphausia superba dana),observation,months,autumn,1984-1984,Prydz Bay,total loss of carbon during early development,incubation,ug,NA,larvae,5.4-7.5,"parameter, validation","egg and larval
 development",function,maintenance _moulting
Ikeda (1985),metabolic rate and elemental composition (c and n) of embryos and non-feeding early larval stages of antarctic krill (euphausia superba dana),observation,months,autumn,1984-1984,Prydz Bay,total loss of nitrogen during early development,incubation,ug,NA,larvae,0.1-2.3,"parameter, validation","egg and larval
 development",function,maintenance _respiration
Ikeda (1985),metabolic rate and elemental composition (c and n) of embryos and non-feeding early larval stages of antarctic krill (euphausia superba dana),observation,months,autumn,1984-1984,Prydz Bay,total loss of nitrogen during early development,incubation,ug,NA,larvae,0.1-2.3,"parameter, validation","egg and larval
 development",function,maintenance _moulting
Ikeda (1985),metabolic rate and elemental composition (c and n) of embryos and non-feeding early larval stages of antarctic krill (euphausia superba dana),observation,months,autumn,1984-1984,Prydz Bay,body C/N ratio from embryo to metanauplius,incubation,ug,NA,larvae,5.7,"parameter, validation","egg and larval
 development",function,maintenance _respiration
Ikeda (1985),metabolic rate and elemental composition (c and n) of embryos and non-feeding early larval stages of antarctic krill (euphausia superba dana),observation,months,autumn,1984-1984,Prydz Bay,body C/N ratio from embryo to metanauplius,incubation,ug,NA,larvae,5.7,"parameter, validation","egg and larval
 development",function,maintenance _moulting
Ikeda (1985),metabolic rate and elemental composition (c and n) of embryos and non-feeding early larval stages of antarctic krill (euphausia superba dana),observation,months,autumn,1984-1984,Prydz Bay,total losses of body carbon in 28-day developmental span,incubation,ug,NA,larvae,8.3,"parameter, validation","egg and larval
 development",function,maintenance _respiration
Ikeda (1985),metabolic rate and elemental composition (c and n) of embryos and non-feeding early larval stages of antarctic krill (euphausia superba dana),observation,months,autumn,1984-1984,Prydz Bay,total losses of body carbon in 28-day developmental span,incubation,ug,NA,larvae,8.3,"parameter, validation","egg and larval
 development",function,maintenance _moulting
Ikeda (1985),metabolic rate and elemental composition (c and n) of embryos and non-feeding early larval stages of antarctic krill (euphausia superba dana),observation,months,autumn,1984-1984,Prydz Bay,total losses of body nitrogen in 28-day developmental span,incubation,ug,NA,larvae,2.1,"parameter, validation","egg and larval
 development",function,maintenance _respiration
Ikeda (1985),metabolic rate and elemental composition (c and n) of embryos and non-feeding early larval stages of antarctic krill (euphausia superba dana),observation,months,autumn,1984-1984,Prydz Bay,total losses of body nitrogen in 28-day developmental span,incubation,ug,NA,larvae,2.1,"parameter, validation","egg and larval
 development",function,maintenance _moulting
Meyer et al (2002),feeding and energy budgets of antarctic krill euphausia superba at the onset of winter - i. furcilia iii larvae,observation,days,autumn,1999,Southwest Lazarev Sea,Dry mass (DM),"net tows (350 um bongo, 5 L closed cod end, towed vertically 150m to surface)",mean ug,61,larvae,375.7,"parameter, validation","egg and larval
 development",state_var,tissues
Meyer et al (2002),feeding and energy budgets of antarctic krill euphausia superba at the onset of winter - i. furcilia iii larvae,observation,days,autumn,1999,Southwest Lazarev Sea,Carbon,"net tows (350 um bongo, 5 L closed cod end, towed vertically 150m to surface)",mean % of DM,61,larvae,35.7,"parameter, validation","egg and larval
 development",state_var,tissues
Meyer et al (2002),feeding and energy budgets of antarctic krill euphausia superba at the onset of winter - i. furcilia iii larvae,observation,days,autumn,1999,Southwest Lazarev Sea,N,"net tows (350 um bongo, 5 L closed cod end, towed vertically 150m to surface)",mean % of DM,61,larvae,9.7,"parameter, validation","egg and larval
 development",state_var,tissues
Meyer et al (2002),feeding and energy budgets of antarctic krill euphausia superba at the onset of winter - i. furcilia iii larvae,observation,days,autumn,1999,Southwest Lazarev Sea,C:N,"net tows (350 um bongo, 5 L closed cod end, towed vertically 150m to surface)",NA,61,larvae,3.7,"parameter, validation","egg and larval
 development",state_var,tissues
Meyer et al (2002),feeding and energy budgets of antarctic krill euphausia superba at the onset of winter - i. furcilia iii larvae,observation,days,autumn,1999,Southwest Lazarev Sea,Lipid,"net tows (350 um bongo, 5 L closed cod end, towed vertically 150m to surface)",mean % DM,18,larvae,15.5,"parameter, validation","egg and larval
 development",state_var,tissues
Meyer et al (2002),feeding and energy budgets of antarctic krill euphausia superba at the onset of winter - i. furcilia iii larvae,observation,days,autumn,1999,Southwest Lazarev Sea,Protein,"net tows (350 um bongo, 5 L closed cod end, towed vertically 150m to surface)",mean % DM,20,larvae,34,"parameter, validation","egg and larval
 development",state_var,tissues
Meyer et al (2002),feeding and energy budgets of antarctic krill euphausia superba at the onset of winter - i. furcilia iii larvae,observation,days,autumn,1999,Southwest Lazarev Sea,Carbohydrate,"net tows (350 um bongo, 5 L closed cod end, towed vertically 150m to surface)",mean % DM,20,larvae,0.9,"parameter, validation","egg and larval
 development",state_var,tissues
Meyer et al (2002),feeding and energy budgets of antarctic krill euphausia superba at the onset of winter - i. furcilia iii larvae,observation,days,autumn,1999,Southwest Lazarev Sea,Fatty acid 14:0,"net tows (350 um bongo, 5 L closed cod end, towed vertically 150m to surface)",mean %,23,larvae,3.4,validation,"egg and larval
 development",state_var,tissues
Meyer et al (2002),feeding and energy budgets of antarctic krill euphausia superba at the onset of winter - i. furcilia iii larvae,observation,days,autumn,1999,Southwest Lazarev Sea,Fatty acid  15:0,"net tows (350 um bongo, 5 L closed cod end, towed vertically 150m to surface)",mean %,23,larvae,0.4,validation,"egg and larval
 development",state_var,tissues
Meyer et al (2002),feeding and energy budgets of antarctic krill euphausia superba at the onset of winter - i. furcilia iii larvae,observation,days,autumn,1999,Southwest Lazarev Sea,Fatty acid  16:0,"net tows (350 um bongo, 5 L closed cod end, towed vertically 150m to surface)",mean %,23,larvae,18.7,validation,"egg and larval
 development",state_var,tissues
Meyer et al (2002),feeding and energy budgets of antarctic krill euphausia superba at the onset of winter - i. furcilia iii larvae,observation,days,autumn,1999,Southwest Lazarev Sea,Fatty acid  16:1,"net tows (350 um bongo, 5 L closed cod end, towed vertically 150m to surface)",mean %,7,larvae,3.5,validation,"egg and larval
 development",state_var,tissues
Meyer et al (2002),feeding and energy budgets of antarctic krill euphausia superba at the onset of winter - i. furcilia iii larvae,observation,days,autumn,1999,Southwest Lazarev Sea,Fatty acid  16:1,"net tows (350 um bongo, 5 L closed cod end, towed vertically 150m to surface)",mean %,5,larvae,0.2,validation,"egg and larval
 development",state_var,tissues
Meyer et al (2002),feeding and energy budgets of antarctic krill euphausia superba at the onset of winter - i. furcilia iii larvae,observation,days,autumn,1999,Southwest Lazarev Sea,Fatty acid  16:2,"net tows (350 um bongo, 5 L closed cod end, towed vertically 150m to surface)",mean %,7,larvae,1,validation,"egg and larval
 development",state_var,tissues
Meyer et al (2002),feeding and energy budgets of antarctic krill euphausia superba at the onset of winter - i. furcilia iii larvae,observation,days,autumn,1999,Southwest Lazarev Sea,Fatty acid  16:3,"net tows (350 um bongo, 5 L closed cod end, towed vertically 150m to surface)",mean %,23,larvae,0.2,validation,"egg and larval
 development",state_var,tissues
Meyer et al (2002),feeding and energy budgets of antarctic krill euphausia superba at the onset of winter - i. furcilia iii larvae,observation,days,autumn,1999,Southwest Lazarev Sea,Fatty acid  16:4,"net tows (350 um bongo, 5 L closed cod end, towed vertically 150m to surface)",mean %,1,larvae,0.7,validation,"egg and larval
 development",state_var,tissues
Meyer et al (2002),feeding and energy budgets of antarctic krill euphausia superba at the onset of winter - i. furcilia iii larvae,observation,days,autumn,1999,Southwest Lazarev Sea,Fatty acid  17:0,"net tows (350 um bongo, 5 L closed cod end, towed vertically 150m to surface)",mean %,23,larvae,0.2,validation,"egg and larval
 development",state_var,tissues
Meyer et al (2002),feeding and energy budgets of antarctic krill euphausia superba at the onset of winter - i. furcilia iii larvae,observation,days,autumn,1999,Southwest Lazarev Sea,Fatty acid  18:0,"net tows (350 um bongo, 5 L closed cod end, towed vertically 150m to surface)",mean %,23,larvae,1.1,validation,"egg and larval
 development",state_var,tissues
Meyer et al (2002),feeding and energy budgets of antarctic krill euphausia superba at the onset of winter - i. furcilia iii larvae,observation,days,autumn,1999,Southwest Lazarev Sea,Fatty acid  18:1,"net tows (350 um bongo, 5 L closed cod end, towed vertically 150m to surface)",mean %,9,larvae,6,validation,"egg and larval
 development",state_var,tissues
Meyer et al (2002),feeding and energy budgets of antarctic krill euphausia superba at the onset of winter - i. furcilia iii larvae,observation,days,autumn,1999,Southwest Lazarev Sea,Fatty acid  18:1,"net tows (350 um bongo, 5 L closed cod end, towed vertically 150m to surface)",mean %,7,larvae,5.9,validation,"egg and larval
 development",state_var,tissues
Meyer et al (2002),feeding and energy budgets of antarctic krill euphausia superba at the onset of winter - i. furcilia iii larvae,observation,days,autumn,1999,Southwest Lazarev Sea,Fatty acid  18:2,"net tows (350 um bongo, 5 L closed cod end, towed vertically 150m to surface)",mean %,3,larvae,2.4,validation,"egg and larval
 development",state_var,tissues
Meyer et al (2002),feeding and energy budgets of antarctic krill euphausia superba at the onset of winter - i. furcilia iii larvae,observation,days,autumn,1999,Southwest Lazarev Sea,Fatty acid  18:3,"net tows (350 um bongo, 5 L closed cod end, towed vertically 150m to surface)",mean %,3,larvae,0.6,validation,"egg and larval
 development",state_var,tissues
Meyer et al (2002),feeding and energy budgets of antarctic krill euphausia superba at the onset of winter - i. furcilia iii larvae,observation,days,autumn,1999,Southwest Lazarev Sea,Fatty acid  18:4,"net tows (350 um bongo, 5 L closed cod end, towed vertically 150m to surface)",mean %,3,larvae,1.8,validation,"egg and larval
 development",state_var,tissues
Meyer et al (2002),feeding and energy budgets of antarctic krill euphausia superba at the onset of winter - i. furcilia iii larvae,observation,days,autumn,1999,Southwest Lazarev Sea,Fatty acid  19:0,"net tows (350 um bongo, 5 L closed cod end, towed vertically 150m to surface)",mean %,23,larvae,0.3,validation,"egg and larval
 development",state_var,tissues
Meyer et al (2002),feeding and energy budgets of antarctic krill euphausia superba at the onset of winter - i. furcilia iii larvae,observation,days,autumn,1999,Southwest Lazarev Sea,Fatty acid  20:1,"net tows (350 um bongo, 5 L closed cod end, towed vertically 150m to surface)",mean %,9,larvae,0.9,validation,"egg and larval
 development",state_var,tissues
Meyer et al (2002),feeding and energy budgets of antarctic krill euphausia superba at the onset of winter - i. furcilia iii larvae,observation,days,autumn,1999,Southwest Lazarev Sea,Fatty acid  20:1,"net tows (350 um bongo, 5 L closed cod end, towed vertically 150m to surface)",mean %,7,larvae,0.1,validation,"egg and larval
 development",state_var,tissues
Meyer et al (2002),feeding and energy budgets of antarctic krill euphausia superba at the onset of winter - i. furcilia iii larvae,observation,days,autumn,1999,Southwest Lazarev Sea,Fatty acid  20:4,"net tows (350 um bongo, 5 L closed cod end, towed vertically 150m to surface)",mean %,3,larvae,1.3,validation,"egg and larval
 development",state_var,tissues
Meyer et al (2002),feeding and energy budgets of antarctic krill euphausia superba at the onset of winter - i. furcilia iii larvae,observation,days,autumn,1999,Southwest Lazarev Sea,Fatty acid  20:4,"net tows (350 um bongo, 5 L closed cod end, towed vertically 150m to surface)",mean %,6,larvae,0.5,validation,"egg and larval
 development",state_var,tissues
Meyer et al (2002),feeding and energy budgets of antarctic krill euphausia superba at the onset of winter - i. furcilia iii larvae,observation,days,autumn,1999,Southwest Lazarev Sea,Fatty acid  20:5,"net tows (350 um bongo, 5 L closed cod end, towed vertically 150m to surface)",mean %,3,larvae,26.4,validation,"egg and larval
 development",state_var,tissues
Meyer et al (2002),feeding and energy budgets of antarctic krill euphausia superba at the onset of winter - i. furcilia iii larvae,observation,days,autumn,1999,Southwest Lazarev Sea,Fatty acid  22:1,"net tows (350 um bongo, 5 L closed cod end, towed vertically 150m to surface)",mean %,11,larvae,0.5,validation,"egg and larval
 development",state_var,tissues
Meyer et al (2002),feeding and energy budgets of antarctic krill euphausia superba at the onset of winter - i. furcilia iii larvae,observation,days,autumn,1999,Southwest Lazarev Sea,Fatty acid  22:1,"net tows (350 um bongo, 5 L closed cod end, towed vertically 150m to surface)",mean %,9,larvae,0.9,validation,"egg and larval
 development",state_var,tissues
Meyer et al (2002),feeding and energy budgets of antarctic krill euphausia superba at the onset of winter - i. furcilia iii larvae,observation,days,autumn,1999,Southwest Lazarev Sea,Fatty acid  22:4,"net tows (350 um bongo, 5 L closed cod end, towed vertically 150m to surface)",mean %,3,larvae,0.6,validation,"egg and larval
 development",state_var,tissues
Meyer et al (2002),feeding and energy budgets of antarctic krill euphausia superba at the onset of winter - i. furcilia iii larvae,observation,days,autumn,1999,Southwest Lazarev Sea,Fatty acid  22:5,"net tows (350 um bongo, 5 L closed cod end, towed vertically 150m to surface)",mean %,3,larvae,0.7,validation,"egg and larval
 development",state_var,tissues
Meyer et al (2002),feeding and energy budgets of antarctic krill euphausia superba at the onset of winter - i. furcilia iii larvae,observation,days,autumn,1999,Southwest Lazarev Sea,Fatty acid  22:6,"net tows (350 um bongo, 5 L closed cod end, towed vertically 150m to surface)",mean %,3,larvae,17,validation,"egg and larval
 development",state_var,tissues
Meyer et al (2002),feeding and energy budgets of antarctic krill euphausia superba at the onset of winter - i. furcilia iii larvae,observation,days,autumn,1999,Southwest Lazarev Sea,Fatty acid  24:1,"net tows (350 um bongo, 5 L closed cod end, towed vertically 150m to surface)",mean %,23,larvae,0.1,validation,"egg and larval
 development",state_var,tissues
Meyer et al (2002),feeding and energy budgets of antarctic krill euphausia superba at the onset of winter - i. furcilia iii larvae,observation,days,autumn,1999,Southwest Lazarev Sea,Total PIFA,"net tows (350 um bongo, 5 L closed cod end, towed vertically 150m to surface)",mean % FA,23,larvae,4.7,validation,"egg and larval
 development",state_var,tissues
Meyer et al (2002),feeding and energy budgets of antarctic krill euphausia superba at the onset of winter - i. furcilia iii larvae,observation,days,autumn,1999,Southwest Lazarev Sea,Total SFA,"net tows (350 um bongo, 5 L closed cod end, towed vertically 150m to surface)",mean % FA,23,larvae,24.1,validation,"egg and larval
 development",state_var,tissues
Meyer et al (2002),feeding and energy budgets of antarctic krill euphausia superba at the onset of winter - i. furcilia iii larvae,observation,days,autumn,1999,Southwest Lazarev Sea,oxygen uptake,"incubation in situ temp of - 1 C in filtered seawater (i.e. starved) for 15 hrs, measured after 7 d",mean ul O2 (mg-3 DM)-1 h-1,4,larvae,0.5,"parameter, validation","egg and larval
 development",function,maintenance _respiration
Meyer et al (2002),feeding and energy budgets of antarctic krill euphausia superba at the onset of winter - i. furcilia iii larvae,observation,days,autumn,1999,Southwest Lazarev Sea,oxygen uptake,"incubated at in situ temp of - 1 C in high chla  seawater for 15 hrs, measured after 7 d",range ul O2 (mg-3 DM)-1 h-1,4,larvae,0.9-1.5,"parameter, validation","egg and larval
 development",function,maintenance _respiration
Meyer et al (2002),feeding and energy budgets of antarctic krill euphausia superba at the onset of winter - i. furcilia iii larvae,observation,days,autumn,1999,Southwest Lazarev Sea,oxygen uptake,freshly caught larvae,range ul O2 (mg-3 DM)-1 h-1,16,larvae,0.4-1.2,"parameter, validation","egg and larval
 development",function,maintenance _respiration
Ross and Quetin (1983),Spawning frequency and fecundity of the Antarctic krill Euphausia superba,observation,months,summer,1981-1982,South Shetland Islands,egg diameter,measurement,µm,NA,adult,600,parameter,"egg and larval
 development",state_var,embryo_diameter
Quetin and Ross (2001),Environmental variability and its impact on the reproductive cycle of Antarctic krill,observation,years,summer,1993,Western Antarctic Peninsula,embryo diameter,measurement,µm,NA,adult,576,"parameter, validation","egg and larval
 development",state_var,embryo_diameter
Quetin and Ross (2001),Environmental variability and its impact on the reproductive cycle of Antarctic krill,observation,years,summer,1994,Western Antarctic Peninsula,embryo diameter,measurement,µm,NA,adult,595,"parameter, validation","egg and larval
 development",state_var,embryo_diameter
Quetin and Ross (2001),Environmental variability and its impact on the reproductive cycle of Antarctic krill,observation,years,summer,1995,Western Antarctic Peninsula,embryo diameter,measurement,µm,NA,adult,613,"parameter, validation","egg and larval
 development",state_var,embryo_diameter
Quetin and Ross (2001),Environmental variability and its impact on the reproductive cycle of Antarctic krill,observation,years,summer,1996,Western Antarctic Peninsula,embryo diameter,measurement,µm,NA,adult,636,"parameter, validation","egg and larval
 development",state_var,embryo_diameter
Quetin and Ross (2001),Environmental variability and its impact on the reproductive cycle of Antarctic krill,observation,years,summer,1997,Western Antarctic Peninsula,embryo diameter,measurement,µm,NA,adult,603,"parameter, validation","egg and larval
 development",state_var,embryo_diameter
Quetin and Ross (2001),Environmental variability and its impact on the reproductive cycle of Antarctic krill,observation,years,summer,1998,Western Antarctic Peninsula,embryo diameter,measurement,µm,NA,adult,621,"parameter, validation","egg and larval
 development",state_var,embryo_diameter
Quetin and Ross (2001),Environmental variability and its impact on the reproductive cycle of Antarctic krill,observation,years,summer,1999,Western Antarctic Peninsula,embryo diameter,measurement,µm,NA,adult,627,"parameter, validation","egg and larval
 development",state_var,embryo_diameter
Quetin and Ross (2001),Environmental variability and its impact on the reproductive cycle of Antarctic krill,observation,years,summer,1993-1999,Western Antarctic Peninsula,embryo diameter,anova,NA,338,adult,"F=81.994, P=0.0000",correlation,"egg and larval
 development",state_var,embryo_diameter
Quetin and Ross (2001),Environmental variability and its impact on the reproductive cycle of Antarctic krill,observation,years,summer,1993-1999,Western Antarctic Peninsula,correlation of oocyte development index and embryo diameter,correlation,NA,NA,adult,0.361,correlation,"egg and larval
 development",state_var,embryo_diameter
Quetin and Ross (2001),Environmental variability and its impact on the reproductive cycle of Antarctic krill,observation,years,summer,1993-1999,Western Antarctic Peninsula,correlation of intensity of reproduction and embryo diameter,correlation,NA,NA,adult,0.569,correlation,"egg and larval
 development",state_var,embryo_diameter
Ross et al. (1988),Effect of temperature on developmental times and survival of early larval stages of Euphausia superba Dana,observation,months,summer,1983-1984,"Gerlache Strait and Charlotte Bay, Antarctic Peninsula","exponent - embryo development time of embryo to hatch with temperature (T, ˚C)",exponential regression,days,27,egg,-1.05,parameter,"egg and larval
 development",function,growth
Ross et al. (1988),Effect of temperature on developmental times and survival of early larval stages of Euphausia superba Dana,observation,months,summer,1983-1984,"Gerlache Strait and Charlotte Bay, Antarctic Peninsula","exponent - embryo development time of embryo to hatch with temperature (T, ˚C)",exponential regression,days,27,egg,-1.05,parameter,"egg and larval
 development",function,growth
Ross et al. (1988),Effect of temperature on developmental times and survival of early larval stages of Euphausia superba Dana,observation,months,summer,1983-1984,"Gerlache Strait and Charlotte Bay, Antarctic Peninsula","constant - embryo development time of embryo to hatch with temperature (T, ˚C)",exponential regression,days,27,egg,1.25,parameter,"egg and larval
 development",function,growth
Ross et al. (1988),Effect of temperature on developmental times and survival of early larval stages of Euphausia superba Dana,observation,months,summer,1983-1984,"Gerlache Strait and Charlotte Bay, Antarctic Peninsula","constant - embryo development time of embryo to hatch with temperature (T, ˚C)",exponential regression,days,27,egg,1.25,parameter,"egg and larval
 development",function,growth
Ross et al. (1988),Effect of temperature on developmental times and survival of early larval stages of Euphausia superba Dana,observation,months,summer,1983-1984,"Gerlache Strait and Charlotte Bay, Antarctic Peninsula","k - embryo development time of embryo to hatch with temperature (T, ˚C)",exponential regression,days,27,egg,4.68,parameter,"egg and larval
 development",function,growth
Ross et al. (1988),Effect of temperature on developmental times and survival of early larval stages of Euphausia superba Dana,observation,months,summer,1983-1984,"Gerlache Strait and Charlotte Bay, Antarctic Peninsula","k - embryo development time of embryo to hatch with temperature (T, ˚C)",exponential regression,days,27,egg,4.68,parameter,"egg and larval
 development",function,growth
Ross et al. (1988),Effect of temperature on developmental times and survival of early larval stages of Euphausia superba Dana,observation,months,summer,1983-1984,"Gerlache Strait and Charlotte Bay, Antarctic Peninsula","exponent - development time of hatch to metanauplius (MN) with temperature (T, ˚C)",exponential regression,days,27,larvae,-1.41,parameter,"egg and larval
 development",function,growth
Ross et al. (1988),Effect of temperature on developmental times and survival of early larval stages of Euphausia superba Dana,observation,months,summer,1983-1984,"Gerlache Strait and Charlotte Bay, Antarctic Peninsula","exponent - development time of hatch to metanauplius (MN) with temperature (T, ˚C)",exponential regression,days,27,larvae,-1.41,parameter,"egg and larval
 development",function,growth
Ross et al. (1988),Effect of temperature on developmental times and survival of early larval stages of Euphausia superba Dana,observation,months,summer,1983-1984,"Gerlache Strait and Charlotte Bay, Antarctic Peninsula","constant - development time of hatch to metanauplius (MN) with temperature (T, ˚C)",exponential regression,days,27,larvae,1.6,parameter,"egg and larval
 development",function,growth
Ross et al. (1988),Effect of temperature on developmental times and survival of early larval stages of Euphausia superba Dana,observation,months,summer,1983-1984,"Gerlache Strait and Charlotte Bay, Antarctic Peninsula","constant - development time of hatch to metanauplius (MN) with temperature (T, ˚C)",exponential regression,days,27,larvae,1.6,parameter,"egg and larval
 development",function,growth
Ross et al. (1988),Effect of temperature on developmental times and survival of early larval stages of Euphausia superba Dana,observation,months,summer,1983-1984,"Gerlache Strait and Charlotte Bay, Antarctic Peninsula","k - development time of hatch to metanauplius (MN) with temperature (T, ˚C)",exponential regression,days,27,larvae,9.39,parameter,"egg and larval
 development",function,growth
Ross et al. (1988),Effect of temperature on developmental times and survival of early larval stages of Euphausia superba Dana,observation,months,summer,1983-1984,"Gerlache Strait and Charlotte Bay, Antarctic Peninsula","k - development time of hatch to metanauplius (MN) with temperature (T, ˚C)",exponential regression,days,27,larvae,9.39,parameter,"egg and larval
 development",function,growth
Ross et al. (1988),Effect of temperature on developmental times and survival of early larval stages of Euphausia superba Dana,observation,months,summer,1983-1984,"Gerlache Strait and Charlotte Bay, Antarctic Peninsula","exponent - development time to calytopus 1 (CI) with temperature (T, ˚C)",exponential regression,days,26,larvae,-1.52,parameter,"egg and larval
 development",function,growth
Ross et al. (1988),Effect of temperature on developmental times and survival of early larval stages of Euphausia superba Dana,observation,months,summer,1983-1984,"Gerlache Strait and Charlotte Bay, Antarctic Peninsula","exponent - development time to calytopus 1 (CI) with temperature (T, ˚C)",exponential regression,days,26,larvae,-1.52,parameter,"egg and larval
 development",function,growth
Ross et al. (1988),Effect of temperature on developmental times and survival of early larval stages of Euphausia superba Dana,observation,months,summer,1983-1984,"Gerlache Strait and Charlotte Bay, Antarctic Peninsula","constant - development time to calytopus 1 (CI) with temperature (T, ˚C)",exponential regression,days,26,larvae,3.26,parameter,"egg and larval
 development",function,growth
Ross et al. (1988),Effect of temperature on developmental times and survival of early larval stages of Euphausia superba Dana,observation,months,summer,1983-1984,"Gerlache Strait and Charlotte Bay, Antarctic Peninsula","constant - development time to calytopus 1 (CI) with temperature (T, ˚C)",exponential regression,days,26,larvae,3.26,parameter,"egg and larval
 development",function,growth
Ross et al. (1988),Effect of temperature on developmental times and survival of early larval stages of Euphausia superba Dana,observation,months,summer,1983-1984,"Gerlache Strait and Charlotte Bay, Antarctic Peninsula","k - development time to calytopus 1 (CI) with temperature (T, ˚C)",exponential regression,days,26,larvae,17.41,parameter,"egg and larval
 development",function,growth
Ross et al. (1988),Effect of temperature on developmental times and survival of early larval stages of Euphausia superba Dana,observation,months,summer,1983-1984,"Gerlache Strait and Charlotte Bay, Antarctic Peninsula","k - development time to calytopus 1 (CI) with temperature (T, ˚C)",exponential regression,days,26,larvae,17.41,parameter,"egg and larval
 development",function,growth
Ross et al. (1988),Effect of temperature on developmental times and survival of early larval stages of Euphausia superba Dana,observation,months,summer,1983-1984,"Gerlache Strait and Charlotte Bay, Antarctic Peninsula","exponent - development time of hatch to calytopus 2 (CII) with temperature (T, ˚C)",exponential regression,days,17,larvae,-1.1,parameter,"egg and larval
 development",function,growth
Ross et al. (1988),Effect of temperature on developmental times and survival of early larval stages of Euphausia superba Dana,observation,months,summer,1983-1984,"Gerlache Strait and Charlotte Bay, Antarctic Peninsula","exponent - development time of hatch to calytopus 2 (CII) with temperature (T, ˚C)",exponential regression,days,17,larvae,-1.1,parameter,"egg and larval
 development",function,growth
Ross et al. (1988),Effect of temperature on developmental times and survival of early larval stages of Euphausia superba Dana,observation,months,summer,1983-1984,"Gerlache Strait and Charlotte Bay, Antarctic Peninsula","constant - development time of hatch to calytopus 2 (CII) with temperature (T, ˚C)",exponential regression,days,17,larvae,13.36,parameter,"egg and larval
 development",function,growth
Ross et al. (1988),Effect of temperature on developmental times and survival of early larval stages of Euphausia superba Dana,observation,months,summer,1983-1984,"Gerlache Strait and Charlotte Bay, Antarctic Peninsula","constant - development time of hatch to calytopus 2 (CII) with temperature (T, ˚C)",exponential regression,days,17,larvae,13.36,parameter,"egg and larval
 development",function,growth
Ross et al. (1988),Effect of temperature on developmental times and survival of early larval stages of Euphausia superba Dana,observation,months,summer,1983-1984,"Gerlache Strait and Charlotte Bay, Antarctic Peninsula","k - development time of hatch to calytopus 2 (CII) with temperature (T, ˚C)",exponential regression,days,17,larvae,31.34,parameter,"egg and larval
 development",function,growth
Ross et al. (1988),Effect of temperature on developmental times and survival of early larval stages of Euphausia superba Dana,observation,months,summer,1983-1984,"Gerlache Strait and Charlotte Bay, Antarctic Peninsula","k - development time of hatch to calytopus 2 (CII) with temperature (T, ˚C)",exponential regression,days,17,larvae,31.34,parameter,"egg and larval
 development",function,growth
Ross et al. (1988),Effect of temperature on developmental times and survival of early larval stages of Euphausia superba Dana,observation,months,summer,1983-1984,"Gerlache Strait and Charlotte Bay, Antarctic Peninsula","exponent - development time of hatch to calytopus 3 (CIII) with temperature (T, ˚C)",exponential regression,days,14,larvae,-0.84,parameter,"egg and larval
 development",function,growth
Ross et al. (1988),Effect of temperature on developmental times and survival of early larval stages of Euphausia superba Dana,observation,months,summer,1983-1984,"Gerlache Strait and Charlotte Bay, Antarctic Peninsula","exponent - development time of hatch to calytopus 3 (CIII) with temperature (T, ˚C)",exponential regression,days,14,larvae,-0.84,parameter,"egg and larval
 development",function,growth
Ross et al. (1988),Effect of temperature on developmental times and survival of early larval stages of Euphausia superba Dana,observation,months,summer,1983-1984,"Gerlache Strait and Charlotte Bay, Antarctic Peninsula","constant - development time of hatch to calytopus 3 (CIII) with temperature (T, ˚C)",exponential regression,days,14,larvae,14.97,parameter,"egg and larval
 development",function,growth
Ross et al. (1988),Effect of temperature on developmental times and survival of early larval stages of Euphausia superba Dana,observation,months,summer,1983-1984,"Gerlache Strait and Charlotte Bay, Antarctic Peninsula","constant - development time of hatch to calytopus 3 (CIII) with temperature (T, ˚C)",exponential regression,days,14,larvae,14.97,parameter,"egg and larval
 development",function,growth
Ross et al. (1988),Effect of temperature on developmental times and survival of early larval stages of Euphausia superba Dana,observation,months,summer,1983-1984,"Gerlache Strait and Charlotte Bay, Antarctic Peninsula","k - development time of hatch to calytopus 3 (CIII) with temperature (T, ˚C)",exponential regression,days,14,larvae,43.96,parameter,"egg and larval
 development",function,growth
Ross et al. (1988),Effect of temperature on developmental times and survival of early larval stages of Euphausia superba Dana,observation,months,summer,1983-1984,"Gerlache Strait and Charlotte Bay, Antarctic Peninsula","k - development time of hatch to calytopus 3 (CIII) with temperature (T, ˚C)",exponential regression,days,14,larvae,43.96,parameter,"egg and larval
 development",function,growth
Ross et al. (1988),Effect of temperature on developmental times and survival of early larval stages of Euphausia superba Dana,observation,months,summer,1983-1984,"Gerlache Strait and Charlotte Bay, Antarctic Peninsula","exponent - development time of embryo to hatch with temperature (T, ˚C)",exponential regression,days,14,larvae,-0.84,parameter,"egg and larval
 development",function,growth
Ross et al. (1988),Effect of temperature on developmental times and survival of early larval stages of Euphausia superba Dana,observation,months,summer,1983-1984,"Gerlache Strait and Charlotte Bay, Antarctic Peninsula","exponent - development time of embryo to hatch with temperature (T, ˚C)",exponential regression,days,14,larvae,-0.84,parameter,"egg and larval
 development",function,growth
Ross et al. (1988),Effect of temperature on developmental times and survival of early larval stages of Euphausia superba Dana,observation,months,summer,1983-1984,"Gerlache Strait and Charlotte Bay, Antarctic Peninsula","constant - development time of embryo to hatch with temperature (T, ˚C)",exponential regression,days,14,larvae,14.97,parameter,"egg and larval
 development",function,growth
Ross et al. (1988),Effect of temperature on developmental times and survival of early larval stages of Euphausia superba Dana,observation,months,summer,1983-1984,"Gerlache Strait and Charlotte Bay, Antarctic Peninsula","constant - development time of embryo to hatch with temperature (T, ˚C)",exponential regression,days,14,larvae,14.97,parameter,"egg and larval
 development",function,growth
Ross et al. (1988),Effect of temperature on developmental times and survival of early larval stages of Euphausia superba Dana,observation,months,summer,1983-1984,"Gerlache Strait and Charlotte Bay, Antarctic Peninsula","k - development time of embryo to hatch with temperature (T, ˚C)",exponential regression,days,14,larvae,43.96,parameter,"egg and larval
 development",function,growth
Ross et al. (1988),Effect of temperature on developmental times and survival of early larval stages of Euphausia superba Dana,observation,months,summer,1983-1984,"Gerlache Strait and Charlotte Bay, Antarctic Peninsula","k - development time of embryo to hatch with temperature (T, ˚C)",exponential regression,days,14,larvae,43.96,parameter,"egg and larval
 development",function,growth
Ross et al. (1988),Effect of temperature on developmental times and survival of early larval stages of Euphausia superba Dana,observation,months,summer,1983-1984,"Gerlache Strait and Charlotte Bay, Antarctic Peninsula",duration of embryo stage at -1˚C,measurement,days,NA,egg,8.26,"parameter, validation","egg and larval
 development",function,growth
Ross et al. (1988),Effect of temperature on developmental times and survival of early larval stages of Euphausia superba Dana,observation,months,summer,1983-1984,"Gerlache Strait and Charlotte Bay, Antarctic Peninsula",duration of embryo stage at -1˚C,measurement,days,NA,egg,8.26,"parameter, validation","egg and larval
 development",function,growth
Ross et al. (1988),Effect of temperature on developmental times and survival of early larval stages of Euphausia superba Dana,observation,months,summer,1983-1984,"Gerlache Strait and Charlotte Bay, Antarctic Peninsula",duration of embryo stage at 0˚C,measurement,days,NA,egg,5.93,"parameter, validation","egg and larval
 development",function,growth
Ross et al. (1988),Effect of temperature on developmental times and survival of early larval stages of Euphausia superba Dana,observation,months,summer,1983-1984,"Gerlache Strait and Charlotte Bay, Antarctic Peninsula",duration of embryo stage at 0˚C,measurement,days,NA,egg,5.93,"parameter, validation","egg and larval
 development",function,growth
Ross et al. (1988),Effect of temperature on developmental times and survival of early larval stages of Euphausia superba Dana,observation,months,summer,1983-1984,"Gerlache Strait and Charlotte Bay, Antarctic Peninsula",duration of embryo stage at 1˚C,measurement,days,NA,egg,5.11,"parameter, validation","egg and larval
 development",function,growth
Ross et al. (1988),Effect of temperature on developmental times and survival of early larval stages of Euphausia superba Dana,observation,months,summer,1983-1984,"Gerlache Strait and Charlotte Bay, Antarctic Peninsula",duration of embryo stage at 1˚C,measurement,days,NA,egg,5.11,"parameter, validation","egg and larval
 development",function,growth
Ross et al. (1988),Effect of temperature on developmental times and survival of early larval stages of Euphausia superba Dana,observation,months,summer,1983-1984,"Gerlache Strait and Charlotte Bay, Antarctic Peninsula",duration of embryo stage at 2˚C,measurement,days,NA,egg,4.83,"parameter, validation","egg and larval
 development",function,growth
Ross et al. (1988),Effect of temperature on developmental times and survival of early larval stages of Euphausia superba Dana,observation,months,summer,1983-1984,"Gerlache Strait and Charlotte Bay, Antarctic Peninsula",duration of embryo stage at 2˚C,measurement,days,NA,egg,4.83,"parameter, validation","egg and larval
 development",function,growth
Ross et al. (1988),Effect of temperature on developmental times and survival of early larval stages of Euphausia superba Dana,observation,months,summer,1983-1984,"Gerlache Strait and Charlotte Bay, Antarctic Peninsula",duration from hatcing to nauplius at -1˚C,measurement,days,NA,egg,15.95,"parameter, validation","egg and larval
 development",function,growth
Ross et al. (1988),Effect of temperature on developmental times and survival of early larval stages of Euphausia superba Dana,observation,months,summer,1983-1984,"Gerlache Strait and Charlotte Bay, Antarctic Peninsula",duration from hatcing to nauplius at -1˚C,measurement,days,NA,egg,15.95,"parameter, validation","egg and larval
 development",function,growth
Ross et al. (1988),Effect of temperature on developmental times and survival of early larval stages of Euphausia superba Dana,observation,months,summer,1983-1984,"Gerlache Strait and Charlotte Bay, Antarctic Peninsula",duration from hatcing to nauplius at 0˚C,measurement,days,NA,egg,10.98,"parameter, validation","egg and larval
 development",function,growth
Ross et al. (1988),Effect of temperature on developmental times and survival of early larval stages of Euphausia superba Dana,observation,months,summer,1983-1984,"Gerlache Strait and Charlotte Bay, Antarctic Peninsula",duration from hatcing to nauplius at 0˚C,measurement,days,NA,egg,10.98,"parameter, validation","egg and larval
 development",function,growth
Ross et al. (1988),Effect of temperature on developmental times and survival of early larval stages of Euphausia superba Dana,observation,months,summer,1983-1984,"Gerlache Strait and Charlotte Bay, Antarctic Peninsula",duration from hatcing to nauplius at 1˚C,measurement,days,NA,egg,9.78,"parameter, validation","egg and larval
 development",function,growth
Ross et al. (1988),Effect of temperature on developmental times and survival of early larval stages of Euphausia superba Dana,observation,months,summer,1983-1984,"Gerlache Strait and Charlotte Bay, Antarctic Peninsula",duration from hatcing to nauplius at 1˚C,measurement,days,NA,egg,9.78,"parameter, validation","egg and larval
 development",function,growth
Ross et al. (1988),Effect of temperature on developmental times and survival of early larval stages of Euphausia superba Dana,observation,months,summer,1983-1984,"Gerlache Strait and Charlotte Bay, Antarctic Peninsula",duration from hatcing to nauplius at 2˚C,measurement,days,NA,egg,9.58,"parameter, validation","egg and larval
 development",function,growth
Ross et al. (1988),Effect of temperature on developmental times and survival of early larval stages of Euphausia superba Dana,observation,months,summer,1983-1984,"Gerlache Strait and Charlotte Bay, Antarctic Peninsula",duration from hatcing to nauplius at 2˚C,measurement,days,NA,egg,9.58,"parameter, validation","egg and larval
 development",function,growth
Ross et al. (1988),Effect of temperature on developmental times and survival of early larval stages of Euphausia superba Dana,observation,months,summer,1983-1984,"Gerlache Strait and Charlotte Bay, Antarctic Peninsula",duration from nauplius to metanauplius at -1˚C,measurement,days,NA,egg,16.45,"parameter, validation","egg and larval
 development",function,growth
Ross et al. (1988),Effect of temperature on developmental times and survival of early larval stages of Euphausia superba Dana,observation,months,summer,1983-1984,"Gerlache Strait and Charlotte Bay, Antarctic Peninsula",duration from nauplius to metanauplius at -1˚C,measurement,days,NA,egg,16.45,"parameter, validation","egg and larval
 development",function,growth
Ross et al. (1988),Effect of temperature on developmental times and survival of early larval stages of Euphausia superba Dana,observation,months,summer,1983-1984,"Gerlache Strait and Charlotte Bay, Antarctic Peninsula",duration from nauplius to metanauplius at 0˚C,measurement,days,NA,egg,9.69,"parameter, validation","egg and larval
 development",function,growth
Ross et al. (1988),Effect of temperature on developmental times and survival of early larval stages of Euphausia superba Dana,observation,months,summer,1983-1984,"Gerlache Strait and Charlotte Bay, Antarctic Peninsula",duration from nauplius to metanauplius at 0˚C,measurement,days,NA,egg,9.69,"parameter, validation","egg and larval
 development",function,growth
Ross et al. (1988),Effect of temperature on developmental times and survival of early larval stages of Euphausia superba Dana,observation,months,summer,1983-1984,"Gerlache Strait and Charlotte Bay, Antarctic Peninsula",duration from nauplius to metanauplius at 1˚C,measurement,days,NA,egg,8.35,"parameter, validation","egg and larval
 development",function,growth
Ross et al. (1988),Effect of temperature on developmental times and survival of early larval stages of Euphausia superba Dana,observation,months,summer,1983-1984,"Gerlache Strait and Charlotte Bay, Antarctic Peninsula",duration from nauplius to metanauplius at 1˚C,measurement,days,NA,egg,8.35,"parameter, validation","egg and larval
 development",function,growth
Ross et al. (1988),Effect of temperature on developmental times and survival of early larval stages of Euphausia superba Dana,observation,months,summer,1983-1984,"Gerlache Strait and Charlotte Bay, Antarctic Peninsula",duration from nauplius to metanauplius at 2˚C,measurement,days,NA,egg,8.09,"parameter, validation","egg and larval
 development",function,growth
Ross et al. (1988),Effect of temperature on developmental times and survival of early larval stages of Euphausia superba Dana,observation,months,summer,1983-1984,"Gerlache Strait and Charlotte Bay, Antarctic Peninsula",duration from nauplius to metanauplius at 2˚C,measurement,days,NA,egg,8.09,"parameter, validation","egg and larval
 development",function,growth
Ross et al. (1988),Effect of temperature on developmental times and survival of early larval stages of Euphausia superba Dana,observation,months,summer,1983-1984,"Gerlache Strait and Charlotte Bay, Antarctic Peninsula",duration from metanauplius to calyptopus 1 at 0˚C,measurement,days,NA,egg,24.02,"parameter, validation","egg and larval
 development",function,growth
Ross et al. (1988),Effect of temperature on developmental times and survival of early larval stages of Euphausia superba Dana,observation,months,summer,1983-1984,"Gerlache Strait and Charlotte Bay, Antarctic Peninsula",duration from metanauplius to calyptopus 1 at 0˚C,measurement,days,NA,egg,24.02,"parameter, validation","egg and larval
 development",function,growth
Ross et al. (1988),Effect of temperature on developmental times and survival of early larval stages of Euphausia superba Dana,observation,months,summer,1983-1984,"Gerlache Strait and Charlotte Bay, Antarctic Peninsula",duration from metanauplius to calyptopus 1 at 1˚C,measurement,days,NA,egg,17.66,"parameter, validation","egg and larval
 development",function,growth
Ross et al. (1988),Effect of temperature on developmental times and survival of early larval stages of Euphausia superba Dana,observation,months,summer,1983-1984,"Gerlache Strait and Charlotte Bay, Antarctic Peninsula",duration from metanauplius to calyptopus 1 at 1˚C,measurement,days,NA,egg,17.66,"parameter, validation","egg and larval
 development",function,growth
Ross et al. (1988),Effect of temperature on developmental times and survival of early larval stages of Euphausia superba Dana,observation,months,summer,1983-1984,"Gerlache Strait and Charlotte Bay, Antarctic Peninsula",duration from metanauplius to calyptopus 1 at 2˚C,measurement,days,NA,egg,15.25,"parameter, validation","egg and larval
 development",function,growth
Ross et al. (1988),Effect of temperature on developmental times and survival of early larval stages of Euphausia superba Dana,observation,months,summer,1983-1984,"Gerlache Strait and Charlotte Bay, Antarctic Peninsula",duration from metanauplius to calyptopus 1 at 2˚C,measurement,days,NA,egg,15.25,"parameter, validation","egg and larval
 development",function,growth
Ross et al. (1988),Effect of temperature on developmental times and survival of early larval stages of Euphausia superba Dana,observation,months,summer,1983-1984,"Gerlache Strait and Charlotte Bay, Antarctic Peninsula",duration from calyptopus 1 to C2 at 0˚C,measurement,days,NA,egg,14.23,"parameter, validation","egg and larval
 development",function,growth
Ross et al. (1988),Effect of temperature on developmental times and survival of early larval stages of Euphausia superba Dana,observation,months,summer,1983-1984,"Gerlache Strait and Charlotte Bay, Antarctic Peninsula",duration from calyptopus 1 to C2 at 0˚C,measurement,days,NA,egg,14.23,"parameter, validation","egg and larval
 development",function,growth
Ross et al. (1988),Effect of temperature on developmental times and survival of early larval stages of Euphausia superba Dana,observation,months,summer,1983-1984,"Gerlache Strait and Charlotte Bay, Antarctic Peninsula",duration from calyptopus 1 to C2 at 1˚C,measurement,days,NA,egg,14.65,"parameter, validation","egg and larval
 development",function,growth
Ross et al. (1988),Effect of temperature on developmental times and survival of early larval stages of Euphausia superba Dana,observation,months,summer,1983-1984,"Gerlache Strait and Charlotte Bay, Antarctic Peninsula",duration from calyptopus 1 to C2 at 1˚C,measurement,days,NA,egg,14.65,"parameter, validation","egg and larval
 development",function,growth
Ross et al. (1988),Effect of temperature on developmental times and survival of early larval stages of Euphausia superba Dana,observation,months,summer,1983-1984,"Gerlache Strait and Charlotte Bay, Antarctic Peninsula",duration from calyptopus 1 to C2 at 2˚C,measurement,days,NA,egg,13.94,"parameter, validation","egg and larval
 development",function,growth
Ross et al. (1988),Effect of temperature on developmental times and survival of early larval stages of Euphausia superba Dana,observation,months,summer,1983-1984,"Gerlache Strait and Charlotte Bay, Antarctic Peninsula",duration from calyptopus 1 to C2 at 2˚C,measurement,days,NA,egg,13.94,"parameter, validation","egg and larval
 development",function,growth
Ross & Quetin (1982),Euphausia superba: Fecundity and physiological ecology of its eggs and larvae,observation,days,summer,1982,"Elephant Island and South Shetland Islands, Antarctic Peninsula",average embryo sinking rate - 1st 24 hours,measurement,m day-1,NA,egg,195,"parameter, validation","egg and larval
 development",function,sinking
Ross & Quetin (1982),Euphausia superba: Fecundity and physiological ecology of its eggs and larvae,observation,days,summer,1982,"Elephant Island and South Shetland Islands, Antarctic Peninsula",average embryo sinking rate - 36-72 hrs after release,measurement,m day-1,NA,egg,95,"parameter, validation","egg and larval
 development",function,sinking
Ross & Quetin (1982),Euphausia superba: Fecundity and physiological ecology of its eggs and larvae,observation,days,summer,1982,"Elephant Island and South Shetland Islands, Antarctic Peninsula",embryo development time - egg-nauplius I,measurement,days,NA,egg,5-6,"parameter, validation","egg and larval
 development",function,growth
Ross & Quetin (1982),Euphausia superba: Fecundity and physiological ecology of its eggs and larvae,observation,days,summer,1982,"Elephant Island and South Shetland Islands, Antarctic Peninsula",embryo development time - egg-nauplius II,measurement,days,NA,egg,8-10,"parameter, validation","egg and larval
 development",function,growth
Ross & Quetin (1982),Euphausia superba: Fecundity and physiological ecology of its eggs and larvae,observation,days,summer,1982,"Elephant Island and South Shetland Islands, Antarctic Peninsula",embryo development time - egg-metanauplius,measurement,days,NA,egg,15-18,"parameter, validation","egg and larval
 development",function,growth
Ross & Quetin (1982),Euphausia superba: Fecundity and physiological ecology of its eggs and larvae,observation,days,summer,1982,"Elephant Island and South Shetland Islands, Antarctic Peninsula",embryo development time - egg-calyptopus I,measurement,days,NA,egg,21-25,"parameter, validation","egg and larval
 development",function,growth
Ross & Quetin (1982),Euphausia superba: Fecundity and physiological ecology of its eggs and larvae,observation,days,summer,1982,"Elephant Island and South Shetland Islands, Antarctic Peninsula",embryo development time - egg-calyptopus II,measurement,days,NA,egg,32-37,"parameter, validation","egg and larval
 development",function,growth
Spiridonov (1995),spatial and temporal variability in reproductive timing of antarctic krill (euphausia superba dana),observation,years,"summer, autumn",1976-1987,Circumpolar,development time from egg to calyptopis 1 stage,Menshenina and Spiridonov (1991),days,NA,larvae,25,"parameter, validation","egg and larval
 development",function,growth
Spiridonov (1995),spatial and temporal variability in reproductive timing of antarctic krill (euphausia superba dana),observation,years,"summer, autumn",1976-1987,Circumpolar,average development time per stage from calyptopis 1 stage onward,Menshenina and Spiridonov (1991),days,NA,larvae,13,"parameter, validation","egg and larval
 development",function,growth
Jager & Ravagnan (2015),Parameterising a generic model for the dynamic energy budget of antarctic krill euphausia superba,model,days,NA,NA,NA,dry weight of a single egg,literature,mg,NA,egg,0.028,"parameter, validation","egg and larval
 development",state_var,tissues
Jager & Ravagnan (2015),Parameterising a generic model for the dynamic energy budget of antarctic krill euphausia superba,model,days,NA,NA,NA,length at start of juvenile stage,literature,mm,NA,juvenile,11,"parameter, validation","egg and larval
 development",function,growth
Hofmann & Husrevoglu (2003),A circumpolar modeling study of habitat control of Antarctic krill (euphausia superba) reproductive success,model,months,"summer, autumn",Pre-1998 Climatology,Circumpolar,time dependent sinking rate of embryos (S),Stokes' Law,ms^-1,NA,egg,NA,"parameter, validation","egg and larval
 development",function,sinking
Hofmann & Husrevoglu (2003),A circumpolar modeling study of habitat control of Antarctic krill (euphausia superba) reproductive success,model,months,"summer, autumn",Pre-1998 Climatology,Circumpolar,embryo density (ρe),Equation for density of a sphere,NA,NA,egg,NA,"parameter, validation","egg and larval
 development",state_var,embryo_density
Hofmann & Husrevoglu (2003),A circumpolar modeling study of habitat control of Antarctic krill (euphausia superba) reproductive success,model,months,"summer, autumn",Pre-1998 Climatology,Circumpolar,temperature dependent development time (De) single cell to early gastrula,empirical equation,hours,NA,egg,NA,"parameter, validation","egg and larval
 development",function,growth
Hofmann & Husrevoglu (2003),A circumpolar modeling study of habitat control of Antarctic krill (euphausia superba) reproductive success,model,months,"summer, autumn",Pre-1998 Climatology,Circumpolar,temperature dependent development time (De) single cell to early gastrula,empirical equation,hours,NA,egg,NA,"parameter, validation","egg and larval
 development",function,growth
Hofmann & Husrevoglu (2003),A circumpolar modeling study of habitat control of Antarctic krill (euphausia superba) reproductive success,model,months,"summer, autumn",Pre-1998 Climatology,Circumpolar,temperature dependent development time (De) early gastrula to gastrula,empirical equation,hours,NA,egg,NA,"parameter, validation","egg and larval
 development",function,growth
Hofmann & Husrevoglu (2003),A circumpolar modeling study of habitat control of Antarctic krill (euphausia superba) reproductive success,model,months,"summer, autumn",Pre-1998 Climatology,Circumpolar,temperature dependent development time (De) early gastrula to gastrula,empirical equation,hours,NA,egg,NA,"parameter, validation","egg and larval
 development",function,growth
Hofmann & Husrevoglu (2003),A circumpolar modeling study of habitat control of Antarctic krill (euphausia superba) reproductive success,model,months,"summer, autumn",Pre-1998 Climatology,Circumpolar,temperature dependent development time (De) gastrula to early limb bud,empirical equation,hours,NA,egg,NA,"parameter, validation","egg and larval
 development",function,growth
Hofmann & Husrevoglu (2003),A circumpolar modeling study of habitat control of Antarctic krill (euphausia superba) reproductive success,model,months,"summer, autumn",Pre-1998 Climatology,Circumpolar,temperature dependent development time (De) gastrula to early limb bud,empirical equation,hours,NA,egg,NA,"parameter, validation","egg and larval
 development",function,growth
Hofmann & Husrevoglu (2003),A circumpolar modeling study of habitat control of Antarctic krill (euphausia superba) reproductive success,model,months,"summer, autumn",Pre-1998 Climatology,Circumpolar,temperature dependent development time (De) early limb bud to late limb bud,empirical equation,hours,NA,egg,NA,"parameter, validation","egg and larval
 development",function,growth
Hofmann & Husrevoglu (2003),A circumpolar modeling study of habitat control of Antarctic krill (euphausia superba) reproductive success,model,months,"summer, autumn",Pre-1998 Climatology,Circumpolar,temperature dependent development time (De) early limb bud to late limb bud,empirical equation,hours,NA,egg,NA,"parameter, validation","egg and larval
 development",function,growth
Hofmann & Husrevoglu (2003),A circumpolar modeling study of habitat control of Antarctic krill (euphausia superba) reproductive success,model,months,"summer, autumn",Pre-1998 Climatology,Circumpolar,temperature dependent development time (De) late limb bud to nauplii 1,empirical equation,hours,NA,egg,NA,"parameter, validation","egg and larval
 development",function,growth
Hofmann & Husrevoglu (2003),A circumpolar modeling study of habitat control of Antarctic krill (euphausia superba) reproductive success,model,months,"summer, autumn",Pre-1998 Climatology,Circumpolar,temperature dependent development time (De) late limb bud to nauplii 1,empirical equation,hours,NA,egg,NA,"parameter, validation","egg and larval
 development",function,growth
Hofmann & Husrevoglu (2003),A circumpolar modeling study of habitat control of Antarctic krill (euphausia superba) reproductive success,model,months,"summer, autumn",Pre-1998 Climatology,Circumpolar,embryo diameter (Dm) when temperature < 0C,empirical equation,µm,NA,egg,NA,"parameter, validation","egg and larval
 development",state_var,embryo_diameter
Hofmann & Husrevoglu (2003),A circumpolar modeling study of habitat control of Antarctic krill (euphausia superba) reproductive success,model,months,"summer, autumn",Pre-1998 Climatology,Circumpolar,embryo diameter (Dm) when 0C ≤ temperature < 1C,empirical equation,µm,NA,egg,NA,"parameter, validation","egg and larval
 development",state_var,embryo_diameter
Hofmann & Husrevoglu (2003),A circumpolar modeling study of habitat control of Antarctic krill (euphausia superba) reproductive success,model,months,"summer, autumn",Pre-1998 Climatology,Circumpolar,embryo diameter (Dm) when 1C ≤ temperature < 2C,empirical equation,µm,NA,egg,NA,"parameter, validation","egg and larval
 development",state_var,embryo_diameter
Hofmann & Husrevoglu (2003),A circumpolar modeling study of habitat control of Antarctic krill (euphausia superba) reproductive success,model,months,"summer, autumn",Pre-1998 Climatology,Circumpolar,embryo diameter (Dm) when temperature >= 2C,empirical equation,µm,NA,egg,NA,"parameter, validation","egg and larval
 development",state_var,embryo_diameter
Hofmann & Husrevoglu (2003),A circumpolar modeling study of habitat control of Antarctic krill (euphausia superba) reproductive success,model,months,"summer, autumn",Pre-1998 Climatology,Circumpolar,wet weight (W) of single cell to early gastrula,empirical equation,µg,NA,egg,NA,"parameter, validation","egg and larval
 development",state_var,tissues
Hofmann & Husrevoglu (2003),A circumpolar modeling study of habitat control of Antarctic krill (euphausia superba) reproductive success,model,months,"summer, autumn",Pre-1998 Climatology,Circumpolar,wet weight (W) of early gastrula to early limb bud,empirical equation,µg,NA,egg,NA,"parameter, validation","egg and larval
 development",state_var,tissues
Hofmann & Husrevoglu (2003),A circumpolar modeling study of habitat control of Antarctic krill (euphausia superba) reproductive success,model,months,"summer, autumn",Pre-1998 Climatology,Circumpolar,wet weight (W) of early limb bud to late limb bud,empirical equation,µg,NA,egg,NA,"parameter, validation","egg and larval
 development",state_var,tissues
Hofmann & Husrevoglu (2003),A circumpolar modeling study of habitat control of Antarctic krill (euphausia superba) reproductive success,model,months,"summer, autumn",Pre-1998 Climatology,Circumpolar,wet weight (W) of late limb bud to nauplii 1,empirical equation,µg,NA,egg,NA,"parameter, validation","egg and larval
 development",state_var,tissues
Hofmann & Husrevoglu (2003),A circumpolar modeling study of habitat control of Antarctic krill (euphausia superba) reproductive success,model,months,"summer, autumn",Pre-1998 Climatology,Circumpolar,respiration rate,empirical equation,µl O2 h^-1,NA,NA,NA,"parameter, validation","egg and larval
 development",function,maintenance _respiration
Hofmann & Husrevoglu (2003),A circumpolar modeling study of habitat control of Antarctic krill (euphausia superba) reproductive success,model,months,"summer, autumn",Pre-1998 Climatology,Circumpolar,ascent rate when temperature < 0C,empirical equation,m day^-1,NA,larvae,NA,"parameter, validation","egg and larval
 development",function,ascent_afterhatching
Hofmann & Husrevoglu (2003),A circumpolar modeling study of habitat control of Antarctic krill (euphausia superba) reproductive success,model,months,"summer, autumn",Pre-1998 Climatology,Circumpolar,ascent rate when temperature < 0C,empirical equation,m day^-1,NA,larvae,NA,"parameter, validation","egg and larval
 development",function,ascent_afterhatching
Hofmann & Husrevoglu (2003),A circumpolar modeling study of habitat control of Antarctic krill (euphausia superba) reproductive success,model,months,"summer, autumn",Pre-1998 Climatology,Circumpolar,ascent rate when temperature >= 0C,empirical equation,m day^-2,NA,larvae,NA,"parameter, validation","egg and larval
 development",function,ascent_afterhatching
Hofmann & Husrevoglu (2003),A circumpolar modeling study of habitat control of Antarctic krill (euphausia superba) reproductive success,model,months,"summer, autumn",Pre-1998 Climatology,Circumpolar,ascent rate when temperature >= 0C,empirical equation,m day^-2,NA,larvae,NA,"parameter, validation","egg and larval
 development",function,ascent_afterhatching
Hofmann & Husrevoglu (2003),A circumpolar modeling study of habitat control of Antarctic krill (euphausia superba) reproductive success,model,months,"summer, autumn",Pre-1998 Climatology,Circumpolar,temperature dependent development time (Dl) nauplii 1 to metanauplii,empirical equation,hours,NA,larvae,NA,"parameter, validation","egg and larval
 development",function,growth
Hofmann & Husrevoglu (2003),A circumpolar modeling study of habitat control of Antarctic krill (euphausia superba) reproductive success,model,months,"summer, autumn",Pre-1998 Climatology,Circumpolar,temperature dependent development time (Dl) nauplii 1 to metanauplii,empirical equation,hours,NA,larvae,NA,"parameter, validation","egg and larval
 development",function,growth
Hofmann & Husrevoglu (2003),A circumpolar modeling study of habitat control of Antarctic krill (euphausia superba) reproductive success,model,months,"summer, autumn",Pre-1998 Climatology,Circumpolar,temperature dependent development time (Dl) metanauplii to calyptosis 1,empirical equation,hours,NA,larvae,NA,"parameter, validation","egg and larval
 development",function,growth
Hofmann & Husrevoglu (2003),A circumpolar modeling study of habitat control of Antarctic krill (euphausia superba) reproductive success,model,months,"summer, autumn",Pre-1998 Climatology,Circumpolar,temperature dependent development time (Dl) metanauplii to calyptosis 1,empirical equation,hours,NA,larvae,NA,"parameter, validation","egg and larval
 development",function,growth
Hofmann & Husrevoglu (2003),A circumpolar modeling study of habitat control of Antarctic krill (euphausia superba) reproductive success,model,months,"summer, autumn",Pre-1998 Climatology,Circumpolar,temperature dependent development time (Dl) calyptosis 1 to calyptosis 2,empirical equation,hours,NA,larvae,NA,"parameter, validation","egg and larval
 development",function,growth
Hofmann & Husrevoglu (2003),A circumpolar modeling study of habitat control of Antarctic krill (euphausia superba) reproductive success,model,months,"summer, autumn",Pre-1998 Climatology,Circumpolar,temperature dependent development time (Dl) calyptosis 1 to calyptosis 2,empirical equation,hours,NA,larvae,NA,"parameter, validation","egg and larval
 development",function,growth
Hofmann & Husrevoglu (2003),A circumpolar modeling study of habitat control of Antarctic krill (euphausia superba) reproductive success,model,months,"summer, autumn",Pre-1998 Climatology,Circumpolar,Initial carbon content of embryo,experimental observations,µg C,NA,egg,15,"parameter, validation","egg and larval
 development",state_var,tissues
Hosie (1991),"Distribution and abundance of Euphausiid larvae in the Prydz Bay region, Antarctica",observation,days,summer,1985,Prydz Bay,mean density 0-200m,net samples,individuals 1000 m^-3,NA,larvae,9.8,validation,"egg and larval
 development",state_var,vertical_position
Hosie (1991),"Distribution and abundance of Euphausiid larvae in the Prydz Bay region, Antarctica",observation,days,summer,1985,Prydz Bay,mean density 0-1000m,net samples,individuals 1000 m^-3,NA,larvae,97.3,validation,"egg and larval
 development",state_var,vertical_position
Thorpe et al (2019),circumpolar patterns in antarctic krill larval recruitment: an environmentally driven model,model,months,summer,2005-2007,Circumpolar,duration of nauplius 1 stage,3 parameter exponential decay function of form f = y0+a*e^(1.0479*temperature),days,NA,larvae,NA,parameter,"egg and larval
 development",function,growth
Thorpe et al (2019),circumpolar patterns in antarctic krill larval recruitment: an environmentally driven model,model,months,summer,2005-2007,Circumpolar,duration of nauplius 2 stage,3 parameter exponential decay function of form f = y0+a*e^(1.0479*temperature),days,NA,larvae,NA,parameter,"egg and larval
 development",function,growth
Thorpe et al (2019),circumpolar patterns in antarctic krill larval recruitment: an environmentally driven model,model,months,summer,2005-2007,Circumpolar,duration of metanauplius stage,3 parameter exponential decay function of form f = y0+a*e^(1.0479*temperature),days,NA,larvae,NA,parameter,"egg and larval
 development",function,growth
Thorpe et al (2019),circumpolar patterns in antarctic krill larval recruitment: an environmentally driven model,model,months,summer,2005-2007,Circumpolar,duration of calyptope 1 stage,3 parameter exponential decay function of form f = y0+a*e^(1.0479*temperature),days,NA,larvae,NA,parameter,"egg and larval
 development",function,growth
Thorpe et al (2019),circumpolar patterns in antarctic krill larval recruitment: an environmentally driven model,model,months,summer,2005-2007,Circumpolar,duration of calyptope 2 stage,3 parameter exponential decay function of form f = y0+a*e^(1.0479*temperature),days,NA,larvae,NA,parameter,"egg and larval
 development",function,growth
Thorpe et al (2019),circumpolar patterns in antarctic krill larval recruitment: an environmentally driven model,model,months,summer,2005-2007,Circumpolar,duration of calyptope 3 stage,3 parameter exponential decay function of form f = y0+a*e^(1.0479*temperature),days,NA,larvae,NA,parameter,"egg and larval
 development",function,growth
Thorpe et al (2019),circumpolar patterns in antarctic krill larval recruitment: an environmentally driven model,model,months,summer,2005-2007,Circumpolar,duration of furcilia 1 stage,3 parameter exponential decay function of form f = y0+a*e^(1.0479*temperature),days,NA,larvae,NA,parameter,"egg and larval
 development",function,growth
Thorpe et al (2019),circumpolar patterns in antarctic krill larval recruitment: an environmentally driven model,model,months,summer,2005-2007,Circumpolar,duration of furcilia 2 stage,3 parameter exponential decay function of form f = y0+a*e^(1.0479*temperature),days,NA,larvae,NA,parameter,"egg and larval
 development",function,growth
Thorpe et al (2019),circumpolar patterns in antarctic krill larval recruitment: an environmentally driven model,model,months,summer,2005-2007,Circumpolar,duration of furcilia 3 stage,3 parameter exponential decay function of form f = y0+a*e^(1.0479*temperature),days,NA,larvae,NA,parameter,"egg and larval
 development",function,growth
Thorpe et al (2019),circumpolar patterns in antarctic krill larval recruitment: an environmentally driven model,model,months,summer,2005-2007,Circumpolar,duration of furcilia 4 stage,3 parameter exponential decay function of form f = y0+a*e^(1.0479*temperature),days,NA,larvae,NA,parameter,"egg and larval
 development",function,growth
Thorpe et al (2019),circumpolar patterns in antarctic krill larval recruitment: an environmentally driven model,model,months,summer,2005-2007,Circumpolar,duration of furcilia 5 stage,3 parameter exponential decay function of form f = y0+a*e^(1.0479*temperature),days,NA,larvae,NA,parameter,"egg and larval
 development",function,growth
Thorpe et al (2019),circumpolar patterns in antarctic krill larval recruitment: an environmentally driven model,model,months,summer,2005-2007,Circumpolar,duration of furcilia 6 stage,3 parameter exponential decay function of form f = y0+a*e^(1.0479*temperature),days,NA,larvae,NA,parameter,"egg and larval
 development",function,growth
"marin, vh; brinton, e; huntley (1991)","depth relationships of euphausia-superba eggs, larvae and adults near the antarctic peninsula, 1986-87",observation,months,summer,1986-1987,Antarctic Peninsula,vertical distribution,measurement,individual per 1000 m3,NA,from eggs to adults,NA,"parameter, validation","egg and larval
 development",state_var,vertical_position
"marschall h.-p., hirche h.-j. (1984)",development of eggs and nauplii of euphausia superba,observation,days,summer,1982,Bransfield Strait,egg hatching,observation,days,NA,egg to nauplius,5,"parameter, validation","egg and larval
 development",function,growth
"marschall h.-p., hirche h.-j. (1984)",development of eggs and nauplii of euphausia superba,observation,days,summer,1982,Bransfield Strait,moulting from nauplius to metanauplius,observation,days,NA,nauplius to metanauplius,13,"parameter, validation","egg and larval
 development",function,growth
Perry et al. (2020),temperature-induced hatch failure and nauplii malformation in antarctic krill,observation,months,"summer, autumn",2019-2019,Scotia Sea,mean hatching success,field experiment and quasibinomial GLM,%,14,adult,15,"parameter, validation","egg and larval
 development",function,growth
Perry et al. (2020),temperature-induced hatch failure and nauplii malformation in antarctic krill,observation,months,"summer, autumn",2019-2019,Scotia Sea,mean hatching success,laboratory experiment and quasibinomial GLM,%,6,adult,58,"parameter, validation","egg and larval
 development",function,growth
Perry et al. (2020),temperature-induced hatch failure and nauplii malformation in antarctic krill,observation,months,"summer, autumn",2019-2019,Scotia Sea,mean hatching success at 0 C,laboratory experiment and quasibinomial GLM,%,6,adult,73,"parameter, validation","egg and larval
 development",function,growth
Perry et al. (2020),temperature-induced hatch failure and nauplii malformation in antarctic krill,observation,months,"summer, autumn",2019-2019,Scotia Sea,mean hatching success at 0 C,laboratory experiment and quasibinomial GLM,%,6,adult,73,"parameter, validation","egg and larval
 development",function,growth
Perry et al. (2020),temperature-induced hatch failure and nauplii malformation in antarctic krill,observation,months,"summer, autumn",2019-2019,Scotia Sea,mean hatching success at 1 C,laboratory experiment and quasibinomial GLM,%,6,adult,77,"parameter, validation","egg and larval
 development",function,growth
Perry et al. (2020),temperature-induced hatch failure and nauplii malformation in antarctic krill,observation,months,"summer, autumn",2019-2019,Scotia Sea,mean hatching success at 1 C,laboratory experiment and quasibinomial GLM,%,6,adult,77,"parameter, validation","egg and larval
 development",function,growth
Perry et al. (2020),temperature-induced hatch failure and nauplii malformation in antarctic krill,observation,months,"summer, autumn",2019-2019,Scotia Sea,mean hatching success at 3 C,laboratory experiment and quasibinomial GLM,%,6,adult,67,"parameter, validation","egg and larval
 development",function,growth
Perry et al. (2020),temperature-induced hatch failure and nauplii malformation in antarctic krill,observation,months,"summer, autumn",2019-2019,Scotia Sea,mean hatching success at 3 C,laboratory experiment and quasibinomial GLM,%,6,adult,67,"parameter, validation","egg and larval
 development",function,growth
Perry et al. (2020),temperature-induced hatch failure and nauplii malformation in antarctic krill,observation,months,"summer, autumn",2019-2019,Scotia Sea,mean hatching success at 5 C,laboratory experiment and quasibinomial GLM,%,6,adult,31,"parameter, validation","egg and larval
 development",function,growth
Perry et al. (2020),temperature-induced hatch failure and nauplii malformation in antarctic krill,observation,months,"summer, autumn",2019-2019,Scotia Sea,mean hatching success at 5 C,laboratory experiment and quasibinomial GLM,%,6,adult,31,"parameter, validation","egg and larval
 development",function,growth
Perry et al. (2020),temperature-induced hatch failure and nauplii malformation in antarctic krill,observation,months,"summer, autumn",2019-2019,Scotia Sea,mean hatching success at 7 C,laboratory experiment and quasibinomial GLM,%,6,adult,5,"parameter, validation","egg and larval
 development",function,growth
Perry et al. (2020),temperature-induced hatch failure and nauplii malformation in antarctic krill,observation,months,"summer, autumn",2019-2019,Scotia Sea,mean hatching success at 7 C,laboratory experiment and quasibinomial GLM,%,6,adult,5,"parameter, validation","egg and larval
 development",function,growth
Perry et al. (2020),temperature-induced hatch failure and nauplii malformation in antarctic krill,observation,months,"summer, autumn",2019-2019,South Georgia,mean hatching success at 0.5 C,field experiment and quasibinomial GLM,%,14,adult,5.7,"parameter, validation","egg and larval
 development",function,growth
Perry et al. (2020),temperature-induced hatch failure and nauplii malformation in antarctic krill,observation,months,"summer, autumn",2019-2019,South Georgia,mean hatching success at 0.5 C,field experiment and quasibinomial GLM,%,14,adult,5.7,"parameter, validation","egg and larval
 development",function,growth
Perry et al. (2020),temperature-induced hatch failure and nauplii malformation in antarctic krill,observation,months,"summer, autumn",2019-2019,South Georgia,mean hatching success at 3 C,field experiment and quasibinomial GLM,%,14,adult,18,"parameter, validation","egg and larval
 development",function,growth
Perry et al. (2020),temperature-induced hatch failure and nauplii malformation in antarctic krill,observation,months,"summer, autumn",2019-2019,South Georgia,mean hatching success at 3 C,field experiment and quasibinomial GLM,%,14,adult,18,"parameter, validation","egg and larval
 development",function,growth
Perry et al. (2020),temperature-induced hatch failure and nauplii malformation in antarctic krill,observation,months,"summer, autumn",2019-2019,South Georgia,mean hatching success at 5 C,field experiment and quasibinomial GLM,%,14,adult,6.5,"parameter, validation","egg and larval
 development",function,growth
Perry et al. (2020),temperature-induced hatch failure and nauplii malformation in antarctic krill,observation,months,"summer, autumn",2019-2019,South Georgia,mean hatching success at 5 C,field experiment and quasibinomial GLM,%,14,adult,6.5,"parameter, validation","egg and larval
 development",function,growth
Perry et al. (2020),temperature-induced hatch failure and nauplii malformation in antarctic krill,observation,months,"summer, autumn",2019-2019,South Sandwich Islands,mean hatching success at 0.5 C,field experiment and quasibinomial GLM,%,14,adult,21,"parameter, validation","egg and larval
 development",function,growth
Perry et al. (2020),temperature-induced hatch failure and nauplii malformation in antarctic krill,observation,months,"summer, autumn",2019-2019,South Sandwich Islands,mean hatching success at 0.5 C,field experiment and quasibinomial GLM,%,14,adult,21,"parameter, validation","egg and larval
 development",function,growth
Perry et al. (2020),temperature-induced hatch failure and nauplii malformation in antarctic krill,observation,months,"summer, autumn",2019-2019,South Sandwich Islands,mean hatching success at 3 C,field experiment and quasibinomial GLM,%,14,adult,23,"parameter, validation","egg and larval
 development",function,growth
Perry et al. (2020),temperature-induced hatch failure and nauplii malformation in antarctic krill,observation,months,"summer, autumn",2019-2019,South Sandwich Islands,mean hatching success at 3 C,field experiment and quasibinomial GLM,%,14,adult,23,"parameter, validation","egg and larval
 development",function,growth
Perry et al. (2020),temperature-induced hatch failure and nauplii malformation in antarctic krill,observation,months,"summer, autumn",2019-2019,South Sandwich Islands,mean hatching success at 5 C,field experiment and quasibinomial GLM,%,14,adult,5.8,"parameter, validation","egg and larval
 development",function,growth
Perry et al. (2020),temperature-induced hatch failure and nauplii malformation in antarctic krill,observation,months,"summer, autumn",2019-2019,South Sandwich Islands,mean hatching success at 5 C,field experiment and quasibinomial GLM,%,14,adult,5.8,"parameter, validation","egg and larval
 development",function,growth
Perry et al. (2020),temperature-induced hatch failure and nauplii malformation in antarctic krill,observation,months,"summer, autumn",2019-2019,Scotia Sea,Percentages of malformed nauplii at 0.5 C,laboratory experiment and quasibinomial GLM,%,6,egg,16.29,"parameter, validation","egg and larval
 development",function,growth
Perry et al. (2020),temperature-induced hatch failure and nauplii malformation in antarctic krill,observation,months,"summer, autumn",2019-2019,Scotia Sea,Percentages of malformed nauplii at 0.5 C,laboratory experiment and quasibinomial GLM,%,6,egg,16.29,"parameter, validation","egg and larval
 development",function,growth
Perry et al. (2020),temperature-induced hatch failure and nauplii malformation in antarctic krill,observation,months,"summer, autumn",2019-2019,Scotia Sea,Percentages of malformed nauplii at 3 C,laboratory experiment and quasibinomial GLM,%,6,egg,21.61,"parameter, validation","egg and larval
 development",function,growth
Perry et al. (2020),temperature-induced hatch failure and nauplii malformation in antarctic krill,observation,months,"summer, autumn",2019-2019,Scotia Sea,Percentages of malformed nauplii at 3 C,laboratory experiment and quasibinomial GLM,%,6,egg,21.61,"parameter, validation","egg and larval
 development",function,growth
Perry et al. (2020),temperature-induced hatch failure and nauplii malformation in antarctic krill,observation,months,"summer, autumn",2019-2019,Scotia Sea,Percentages of malformed nauplii at 5 C,laboratory experiment and quasibinomial GLM,%,6,egg,6,"parameter, validation","egg and larval
 development",function,growth
Perry et al. (2020),temperature-induced hatch failure and nauplii malformation in antarctic krill,observation,months,"summer, autumn",2019-2019,Scotia Sea,Percentages of malformed nauplii at 5 C,laboratory experiment and quasibinomial GLM,%,6,egg,6,"parameter, validation","egg and larval
 development",function,growth
Perry et al. (2020),temperature-induced hatch failure and nauplii malformation in antarctic krill,observation,months,"summer, autumn",2019-2019,Scotia Sea,average percentage of entrapped nauplii at 0.5 C,field experiment and quasibinomial GLM,%,1000,egg,2,"parameter, validation","egg and larval
 development",function,growth
Perry et al. (2020),temperature-induced hatch failure and nauplii malformation in antarctic krill,observation,months,"summer, autumn",2019-2019,Scotia Sea,average percentage of entrapped nauplii at 0.5 C,field experiment and quasibinomial GLM,%,1000,egg,2,"parameter, validation","egg and larval
 development",function,growth
Perry et al. (2020),temperature-induced hatch failure and nauplii malformation in antarctic krill,observation,months,"summer, autumn",2019-2019,Scotia Sea,average percentage of entrapped nauplii at 3 C,field experiment and quasibinomial GLM,%,1000,egg,2,"parameter, validation","egg and larval
 development",function,growth
Perry et al. (2020),temperature-induced hatch failure and nauplii malformation in antarctic krill,observation,months,"summer, autumn",2019-2019,Scotia Sea,average percentage of entrapped nauplii at 3 C,field experiment and quasibinomial GLM,%,1000,egg,2,"parameter, validation","egg and larval
 development",function,growth
Perry et al. (2020),temperature-induced hatch failure and nauplii malformation in antarctic krill,observation,months,"summer, autumn",2019-2019,Scotia Sea,average percentage of entrapped nauplii at 5 C,field experiment and quasibinomial GLM,%,1000,egg,5,"parameter, validation","egg and larval
 development",function,growth
Perry et al. (2020),temperature-induced hatch failure and nauplii malformation in antarctic krill,observation,months,"summer, autumn",2019-2019,Scotia Sea,average percentage of entrapped nauplii at 5 C,field experiment and quasibinomial GLM,%,1000,egg,5,"parameter, validation","egg and larval
 development",function,growth
"tarling, ga; cuzin-roudy, j; thorpe, se; shreeve, rs; ward, p; murphy, ej (2007)",recruitment of antarctic krill euphausia superba in the south georgia region: adult fecundity and the fate of larvae,hybrid,months,summer,2003,South Georgia,daily growth rate krill,mechanistic model,mm d-1,NA,"larvae, juveniles, adults",0.03,"parameter, validation","egg and larval
 development",function,growth
"tarling, ga; cuzin-roudy, j; thorpe, se; shreeve, rs; ward, p; murphy, ej (2007)",recruitment of antarctic krill euphausia superba in the south georgia region: adult fecundity and the fate of larvae,hybrid,months,summer,2003,South Georgia,duration nauplius - calyptotes III,mechanistic model,days,NA,larvae,35,"parameter, validation","egg and larval
 development",function,growth
"tarling, ga; cuzin-roudy, j; thorpe, se; shreeve, rs; ward, p; murphy, ej (2007)",recruitment of antarctic krill euphausia superba in the south georgia region: adult fecundity and the fate of larvae,hybrid,months,summer,2003,South Georgia,duration furciliaI-furcilia VI,mechanistic model,days,NA,larvae,60,"parameter, validation","egg and larval
 development",function,growth
"tarling, ga; cuzin-roudy, j; thorpe, se; shreeve, rs; ward, p; murphy, ej (2007)",recruitment of antarctic krill euphausia superba in the south georgia region: adult fecundity and the fate of larvae,hybrid,months,summer,2003,South Georgia,average days between spawning episodes,mechanistic model,days,NA,adult,36,"parameter, validation","egg and larval
 development",function,growth
Fach et al (2008),biochemically based modeling study of antarctic krill euphausia superba growth and development,model,years,"spring, summer, autumn, winter",NA,Circumpolar,Maximum growth rate,literature review,mm d-1,NA,larvae,0.16,"parameter, validation","egg and larval
 development",function,growth
Meyer 2012,"the overwintering of antarctic krill, euphausia superba, from an ecophysiological perspective",observation,years,summer,1991-2003,Western Antarctic Peninsula,DW (mg):Length (mm),exponential regression (Y=aX^b),exponent,19,larvae,2.65,"parameter, validation","egg and larval
 development",function,growth
Meyer 2012,"the overwintering of antarctic krill, euphausia superba, from an ecophysiological perspective",observation,years,summer,1991-2003,Western Antarctic Peninsula,DW (mg):Length (mm),exponential regression (Y=aX^b),constant,19,larvae,0.0027,"parameter, validation","egg and larval
 development",function,growth
Meyer 2012,"the overwintering of antarctic krill, euphausia superba, from an ecophysiological perspective",observation,years,autumn,2004-2009,"Western Antarctic Peninsula, Lazarev Sea",DW (mg):Length (mm),exponential regression (Y=aX^b),exponent,24,larvae,1.93,"parameter, validation","egg and larval
 development",function,growth
Meyer 2012,"the overwintering of antarctic krill, euphausia superba, from an ecophysiological perspective",observation,years,autumn,2004-2009,"Western Antarctic Peninsula, Lazarev Sea",DW (mg):Length (mm),exponential regression (Y=aX^b),constant,24,larvae,0.0123,"parameter, validation","egg and larval
 development",function,growth
Meyer 2012,"the overwintering of antarctic krill, euphausia superba, from an ecophysiological perspective",observation,years,winter,2004-2009,"Western Antarctic Peninsula, Lazarev Sea",DW (mg):Length (mm),exponential regression (Y=aX^b),exponent,14,larvae,2.84,"parameter, validation","egg and larval
 development",function,growth
Meyer 2012,"the overwintering of antarctic krill, euphausia superba, from an ecophysiological perspective",observation,years,winter,2004-2009,"Western Antarctic Peninsula, Lazarev Sea",DW (mg):Length (mm),exponential regression (Y=aX^b),constant,14,larvae,0.0013,"parameter, validation","egg and larval
 development",function,growth
Meyer 2012,"the overwintering of antarctic krill, euphausia superba, from an ecophysiological perspective",observation,years,"summer, autumn, winter",1999-2004,"Western Antarctic Peninsula, Lazarev Sea",Daily ration (% of body C d^-1) on food (ug L^-1),linear regression (Y = a + bX),slope,NA,larvae,0.071,"parameter, validation","egg and larval
 development",function,growth
Meyer 2012,"the overwintering of antarctic krill, euphausia superba, from an ecophysiological perspective",observation,years,"summer, autumn, winter",1999-2004,"Western Antarctic Peninsula, Lazarev Sea",Daily ration (% of body C d^-1) on food (ug L^-1),linear regression (Y = a + bX),intercept,NA,larvae,0,"parameter, validation","egg and larval
 development",function,growth
Meyer 2012,"the overwintering of antarctic krill, euphausia superba, from an ecophysiological perspective",observation,years,"autumn, winter",1991-2009,"Western Antarctic Peninsula, Lazarev Sea",Growth (% IMP^-1) on food (Chla ug L^-1),nonlinear regression Y = a X/(b + X),a,25,larvae,18,"parameter, validation","egg and larval
 development",function,growth
Meyer 2012,"the overwintering of antarctic krill, euphausia superba, from an ecophysiological perspective",observation,years,"autumn, winter",1991-2009,"Western Antarctic Peninsula, Lazarev Sea",Growth (% IMP^-1) on food (Chla ug L^-1),nonlinear regression Y = a X/(b + X),b,25,larvae,3.01,"parameter, validation","egg and larval
 development",function,growth
Ashjian et al. (2008),"distribution of larval krill and zooplankton in association with hydrography in marguerite bay, antarctic peninsula, in austral fall and winter 2001 described using the video plankton recorder",observation,months,autumn,2001,"Marguerite Bay, Antarctic Peninsula",mean depth of larval euphausiids,Video Plankton Recorder,m,114,NA,87.3,"parameter, validation","egg and larval
 development",state_var,vertical_position
Ashjian et al. (2008),"distribution of larval krill and zooplankton in association with hydrography in marguerite bay, antarctic peninsula, in austral fall and winter 2001 described using the video plankton recorder",observation,months,winter,2001,"Marguerite Bay, Antarctic Peninsula",mean depth of larval euphausiids,Video Plankton Recorder,m,48,NA,90.9,"parameter, validation","egg and larval
 development",state_var,vertical_position
Meyer et al (2003),feeding and energy budgets of larval antarctic krill euphausia superba in summer,observation,days,"summer, autumn",2000,Antarctic Peninsula,calyptotis III regression dry mass to body length,200um mesh net,NA,20,larvae,"log10(DM) = 8.8 * log10(length, mm) - 3.6",parameter,"egg and larval
 development",state_var,tissues
Meyer et al (2003),feeding and energy budgets of larval antarctic krill euphausia superba in summer,observation,days,"summer, autumn",2000,Antarctic Peninsula,furcilia I regression dry mass to body length,200um mesh net,NA,17,larvae,"log10(DM) = 5.9 * log10(length, mm) - 2.1",parameter,"egg and larval
 development",state_var,tissues
Meyer et al (2003),feeding and energy budgets of larval antarctic krill euphausia superba in summer,observation,days,"summer, autumn",2000,Antarctic Peninsula,furcilia II regression dry mass to body length,200um mesh net,NA,6,larvae,"log10(DM) = 11 * log10(length, mm) - 6.8",parameter,"egg and larval
 development",state_var,tissues
Meyer et al (2003),feeding and energy budgets of larval antarctic krill euphausia superba in summer,observation,days,"summer, autumn",2000,Antarctic Peninsula,calyptotis III C content,200um mesh net,% DW,20,larvae,35.6,"parameter, validation","egg and larval
 development",state_var,tissues
Meyer et al (2003),feeding and energy budgets of larval antarctic krill euphausia superba in summer,observation,days,"summer, autumn",2000,Antarctic Peninsula,calyptotis III N content,200um mesh net,% DW,20,larvae,8.7,"parameter, validation","egg and larval
 development",state_var,tissues
Meyer et al (2003),feeding and energy budgets of larval antarctic krill euphausia superba in summer,observation,days,"summer, autumn",2000,Antarctic Peninsula,calyptotis III N:C content,200um mesh net,% DW,20,larvae,4.1,"parameter, validation","egg and larval
 development",state_var,tissues
Meyer et al (2003),feeding and energy budgets of larval antarctic krill euphausia superba in summer,observation,days,"summer, autumn",2000,Antarctic Peninsula,calyptotis III lipid content,200um mesh net,% DW,10,larvae,19.7,"parameter, validation","egg and larval
 development",state_var,tissues
Meyer et al (2003),feeding and energy budgets of larval antarctic krill euphausia superba in summer,observation,days,"summer, autumn",2000,Antarctic Peninsula,calyptotis III protein content,200um mesh net,% DW,10,larvae,34.4,"parameter, validation","egg and larval
 development",state_var,tissues
Meyer et al (2003),feeding and energy budgets of larval antarctic krill euphausia superba in summer,observation,days,"summer, autumn",2000,Antarctic Peninsula,calyptotis III carbohydrates content,200um mesh net,% DW,10,larvae,6.9,"parameter, validation","egg and larval
 development",state_var,tissues
Meyer et al (2003),feeding and energy budgets of larval antarctic krill euphausia superba in summer,observation,days,"summer, autumn",2000,Antarctic Peninsula,furcilia I C content,200um mesh net,% DW,17,larvae,37.5,"parameter, validation","egg and larval
 development",state_var,tissues
Meyer et al (2003),feeding and energy budgets of larval antarctic krill euphausia superba in summer,observation,days,"summer, autumn",2000,Antarctic Peninsula,furcilia I N content,200um mesh net,% DW,17,larvae,8.9,"parameter, validation","egg and larval
 development",state_var,tissues
Meyer et al (2003),feeding and energy budgets of larval antarctic krill euphausia superba in summer,observation,days,"summer, autumn",2000,Antarctic Peninsula,furcilia I N:C content,200um mesh net,% DW,17,larvae,4.2,"parameter, validation","egg and larval
 development",state_var,tissues
Meyer et al (2003),feeding and energy budgets of larval antarctic krill euphausia superba in summer,observation,days,"summer, autumn",2000,Antarctic Peninsula,furcilia I lipid content,200um mesh net,% DW,10,larvae,16.1,"parameter, validation","egg and larval
 development",state_var,tissues
Meyer et al (2003),feeding and energy budgets of larval antarctic krill euphausia superba in summer,observation,days,"summer, autumn",2000,Antarctic Peninsula,furcilia I protein content,200um mesh net,% DW,10,larvae,34.2,"parameter, validation","egg and larval
 development",state_var,tissues
Meyer et al (2003),feeding and energy budgets of larval antarctic krill euphausia superba in summer,observation,days,"summer, autumn",2000,Antarctic Peninsula,furcilia I carbohydrates content,200um mesh net,% DW,10,larvae,3.8,"parameter, validation","egg and larval
 development",state_var,tissues
Meyer et al (2003),feeding and energy budgets of larval antarctic krill euphausia superba in summer,observation,days,"summer, autumn",2000,Antarctic Peninsula,furcilia II C content,200um mesh net,% DW,6,larvae,38.6,"parameter, validation","egg and larval
 development",state_var,tissues
Meyer et al (2003),feeding and energy budgets of larval antarctic krill euphausia superba in summer,observation,days,"summer, autumn",2000,Antarctic Peninsula,furcilia II N content,200um mesh net,% DW,6,larvae,8.6,"parameter, validation","egg and larval
 development",state_var,tissues
Meyer et al (2003),feeding and energy budgets of larval antarctic krill euphausia superba in summer,observation,days,"summer, autumn",2000,Antarctic Peninsula,furcilia II N:C content,200um mesh net,% DW,6,larvae,4.6,"parameter, validation","egg and larval
 development",state_var,tissues
Meyer et al (2003),feeding and energy budgets of larval antarctic krill euphausia superba in summer,observation,days,"summer, autumn",2000,Antarctic Peninsula,furcilia II lipid content,200um mesh net,% DW,5,larvae,13.8,"parameter, validation","egg and larval
 development",state_var,tissues
Meyer et al (2003),feeding and energy budgets of larval antarctic krill euphausia superba in summer,observation,days,"summer, autumn",2000,Antarctic Peninsula,furcilia II protein content,200um mesh net,% DW,5,larvae,24.8,"parameter, validation","egg and larval
 development",state_var,tissues
Meyer et al (2003),feeding and energy budgets of larval antarctic krill euphausia superba in summer,observation,days,"summer, autumn",2000,Antarctic Peninsula,furcilia II carbohydrates content,200um mesh net,% DW,5,larvae,3,"parameter, validation","egg and larval
 development",state_var,tissues
Huntley and Brinton (1990),mesoscale variation in growth and early development of euphausia-superba dana in the western bransfield strait region,observation,months,summer,1986-1987,Antarctic Peninsula,development time calyptotis I Bransfield Strait,Bongo net/Nansen net,days,14,larvae,11.5,"parameter, validation","egg and larval
 development",function,growth
Huntley and Brinton (1990),mesoscale variation in growth and early development of euphausia-superba dana in the western bransfield strait region,observation,months,summer,1986-1987,Antarctic Peninsula,development time calyptotis II Bransfield Strait,Bongo net/Nansen net,days,18,larvae,10.5,"parameter, validation","egg and larval
 development",function,growth
Huntley and Brinton (1990),mesoscale variation in growth and early development of euphausia-superba dana in the western bransfield strait region,observation,months,summer,1986-1987,Antarctic Peninsula,development time furcilia II Bransfield Strait,Bongo net/Nansen net,days,4,larvae,26.7,"parameter, validation","egg and larval
 development",function,growth
Huntley and Brinton (1990),mesoscale variation in growth and early development of euphausia-superba dana in the western bransfield strait region,observation,months,summer,1986-1987,Antarctic Peninsula,development time calyptotis II Gerlache Strait,NA,days,10,larvae,4.9,"parameter, validation","egg and larval
 development",function,growth
Huntley and Brinton (1990),mesoscale variation in growth and early development of euphausia-superba dana in the western bransfield strait region,observation,months,summer,1986-1987,Antarctic Peninsula,development time furcilia II Gerlache Strait,NA,days,9,larvae,8.7,"parameter, validation","egg and larval
 development",function,growth
Huntley and Brinton (1990),mesoscale variation in growth and early development of euphausia-superba dana in the western bransfield strait region,observation,months,summer,1986-1987,Antarctic Peninsula,regression development time for stage Gerlache Strait,NA,NA,NA,larvae,JulDays = 17.69 * exp(0.23 * stage),parameter,"egg and larval
 development",function,growth
Huntley and Brinton (1990),mesoscale variation in growth and early development of euphausia-superba dana in the western bransfield strait region,observation,months,summer,1986-1987,Gerlache Strait,mean weight calyptotis I,NA,ug C,NA,larvae,32.2,validation,"egg and larval
 development",state_var,tissues
Huntley and Brinton (1990),mesoscale variation in growth and early development of euphausia-superba dana in the western bransfield strait region,observation,months,summer,1986-1987,Gerlache Strait,mean weight calyptotis II,NA,ug C,NA,larvae,62.3,validation,"egg and larval
 development",state_var,tissues
Huntley and Brinton (1990),mesoscale variation in growth and early development of euphausia-superba dana in the western bransfield strait region,observation,months,summer,1986-1987,Gerlache Strait,mean weight calyptotis III,NA,ug C,NA,larvae,145.7,validation,"egg and larval
 development",state_var,tissues
Huntley and Brinton (1990),mesoscale variation in growth and early development of euphausia-superba dana in the western bransfield strait region,observation,months,summer,1986-1987,Gerlache Strait,mean weight furcilia I,NA,ug C,NA,larvae,254.4,validation,"egg and larval
 development",state_var,tissues
Huntley and Brinton (1990),mesoscale variation in growth and early development of euphausia-superba dana in the western bransfield strait region,observation,months,summer,1986-1987,Gerlache Strait,mean weight furcilia II,NA,ug C,NA,larvae,332.4,validation,"egg and larval
 development",state_var,tissues
Huntley and Brinton (1990),mesoscale variation in growth and early development of euphausia-superba dana in the western bransfield strait region,observation,months,summer,1986-1987,Gerlache Strait,mean weight furcilia III,NA,ug C,NA,larvae,419.1,validation,"egg and larval
 development",state_var,tissues
Huntley and Brinton (1990),mesoscale variation in growth and early development of euphausia-superba dana in the western bransfield strait region,observation,months,summer,1986-1987,Gerlache Strait,mean weight furcilia IV,NA,ug C,NA,larvae,507.9,validation,"egg and larval
 development",state_var,tissues
Huntley and Brinton (1990),mesoscale variation in growth and early development of euphausia-superba dana in the western bransfield strait region,observation,months,summer,1986-1987,Gerlache Strait,intermoult period calyptotis I,NA,days,NA,larvae,5.76,"parameter, validation","egg and larval
 development",function,maintenance _moulting
Huntley and Brinton (1990),mesoscale variation in growth and early development of euphausia-superba dana in the western bransfield strait region,observation,months,summer,1986-1987,Gerlache Strait,intermoult period calyptotis II,NA,days,NA,larvae,7.25,"parameter, validation","egg and larval
 development",function,maintenance _moulting
Huntley and Brinton (1990),mesoscale variation in growth and early development of euphausia-superba dana in the western bransfield strait region,observation,months,summer,1986-1987,Gerlache Strait,intermoult period calyptotis III,NA,days,NA,larvae,9.12,"parameter, validation","egg and larval
 development",function,maintenance _moulting
Huntley and Brinton (1990),mesoscale variation in growth and early development of euphausia-superba dana in the western bransfield strait region,observation,months,summer,1986-1987,Gerlache Strait,intermoult period furcilia I,NA,days,NA,larvae,11.48,"parameter, validation","egg and larval
 development",function,maintenance _moulting
Huntley and Brinton (1990),mesoscale variation in growth and early development of euphausia-superba dana in the western bransfield strait region,observation,months,summer,1986-1987,Gerlache Strait,intermoult period furcilia II,NA,days,NA,larvae,14.45,"parameter, validation","egg and larval
 development",function,maintenance _moulting
Huntley and Brinton (1990),mesoscale variation in growth and early development of euphausia-superba dana in the western bransfield strait region,observation,months,summer,1986-1987,Gerlache Strait,intermoult period furcilia III,NA,days,NA,larvae,18.18,"parameter, validation","egg and larval
 development",function,maintenance _moulting
Huntley and Brinton (1990),mesoscale variation in growth and early development of euphausia-superba dana in the western bransfield strait region,observation,months,summer,1986-1987,Gerlache Strait,intermoult period furcilia IV,NA,days,NA,larvae,22.89,"parameter, validation","egg and larval
 development",function,maintenance _moulting
Huntley and Brinton (1990),mesoscale variation in growth and early development of euphausia-superba dana in the western bransfield strait region,observation,months,summer,1986-1987,Gerlache Strait,growth calyptotis I,NA,ug C d-1,NA,larvae,3.05,"parameter, validation","egg and larval
 development",state_var,tissues
Huntley and Brinton (1990),mesoscale variation in growth and early development of euphausia-superba dana in the western bransfield strait region,observation,months,summer,1986-1987,Gerlache Strait,growth calyptotis II,NA,ug C d-1,NA,larvae,5.89,"parameter, validation","egg and larval
 development",state_var,tissues
Huntley and Brinton (1990),mesoscale variation in growth and early development of euphausia-superba dana in the western bransfield strait region,observation,months,summer,1986-1987,Gerlache Strait,growth calyptotis III,NA,ug C d-1,NA,larvae,13.61,"parameter, validation","egg and larval
 development",state_var,tissues
Huntley and Brinton (1990),mesoscale variation in growth and early development of euphausia-superba dana in the western bransfield strait region,observation,months,summer,1986-1987,Gerlache Strait,growth furcilia I,NA,ug C d-1,NA,larvae,8.12,"parameter, validation","egg and larval
 development",state_var,tissues
Huntley and Brinton (1990),mesoscale variation in growth and early development of euphausia-superba dana in the western bransfield strait region,observation,months,summer,1986-1987,Gerlache Strait,growth furcilia II,NA,ug C d-1,NA,larvae,4.35,"parameter, validation","egg and larval
 development",state_var,tissues
Huntley and Brinton (1990),mesoscale variation in growth and early development of euphausia-superba dana in the western bransfield strait region,observation,months,summer,1986-1987,Gerlache Strait,growth furcilia III,NA,ug C d-1,NA,larvae,6.08,"parameter, validation","egg and larval
 development",state_var,tissues
Huntley and Brinton (1990),mesoscale variation in growth and early development of euphausia-superba dana in the western bransfield strait region,observation,months,summer,1986-1987,Gerlache Strait,growth furcilia IV,NA,ug C d-1,NA,larvae,2.93,"parameter, validation","egg and larval
 development",state_var,tissues
Huntley and Brinton (1990),mesoscale variation in growth and early development of euphausia-superba dana in the western bransfield strait region,observation,months,summer,1986-1987,Gerlache Strait,metabolism calyptotis I,NA,ug C d-1,NA,larvae,1.38,"parameter, validation","egg and larval
 development",function,maintenance _respiration
Huntley and Brinton (1990),mesoscale variation in growth and early development of euphausia-superba dana in the western bransfield strait region,observation,months,summer,1986-1987,Gerlache Strait,metabolism calyptotis II,NA,ug C d-1,NA,larvae,2.42,"parameter, validation","egg and larval
 development",function,maintenance _respiration
Huntley and Brinton (1990),mesoscale variation in growth and early development of euphausia-superba dana in the western bransfield strait region,observation,months,summer,1986-1987,Gerlache Strait,metabolism calyptotis III,NA,ug C d-1,NA,larvae,4.55,"parameter, validation","egg and larval
 development",function,maintenance _respiration
Huntley and Brinton (1990),mesoscale variation in growth and early development of euphausia-superba dana in the western bransfield strait region,observation,months,summer,1986-1987,Gerlache Strait,metabolism furcilia I,NA,ug C d-1,NA,larvae,7.03,"parameter, validation","egg and larval
 development",function,maintenance _respiration
Huntley and Brinton (1990),mesoscale variation in growth and early development of euphausia-superba dana in the western bransfield strait region,observation,months,summer,1986-1987,Gerlache Strait,metabolism furcilia II,NA,ug C d-1,NA,larvae,8.82,"parameter, validation","egg and larval
 development",function,maintenance _respiration
Huntley and Brinton (1990),mesoscale variation in growth and early development of euphausia-superba dana in the western bransfield strait region,observation,months,summer,1986-1987,Gerlache Strait,metabolism furcilia III,NA,ug C d-1,NA,larvae,10.74,"parameter, validation","egg and larval
 development",function,maintenance _respiration
Huntley and Brinton (1990),mesoscale variation in growth and early development of euphausia-superba dana in the western bransfield strait region,observation,months,summer,1986-1987,Gerlache Strait,metabolism furcilia IV,NA,ug C d-1,NA,larvae,12.65,"parameter, validation","egg and larval
 development",function,maintenance _respiration
Huntley and Brinton (1990),mesoscale variation in growth and early development of euphausia-superba dana in the western bransfield strait region,observation,months,summer,1986-1987,Gerlache Strait,gross growth efficiency calyptotis I,NA,%,NA,larvae,48.2,"parameter, validation","egg and larval
 development",state_var,tissues
Huntley and Brinton (1990),mesoscale variation in growth and early development of euphausia-superba dana in the western bransfield strait region,observation,months,summer,1986-1987,Gerlache Strait,gross growth efficiency calyptotis II,NA,%,NA,larvae,49.6,"parameter, validation","egg and larval
 development",state_var,tissues
Huntley and Brinton (1990),mesoscale variation in growth and early development of euphausia-superba dana in the western bransfield strait region,observation,months,summer,1986-1987,Gerlache Strait,gross growth efficiency calyptotis III,NA,%,NA,larvae,52.5,"parameter, validation","egg and larval
 development",state_var,tissues
Huntley and Brinton (1990),mesoscale variation in growth and early development of euphausia-superba dana in the western bransfield strait region,observation,months,summer,1986-1987,Gerlache Strait,gross growth efficiency furcilia I,NA,%,NA,larvae,37.5,"parameter, validation","egg and larval
 development",state_var,tissues
Huntley and Brinton (1990),mesoscale variation in growth and early development of euphausia-superba dana in the western bransfield strait region,observation,months,summer,1986-1987,Gerlache Strait,gross growth efficiency furcilia II,NA,%,NA,larvae,23.1,"parameter, validation","egg and larval
 development",state_var,tissues
Huntley and Brinton (1990),mesoscale variation in growth and early development of euphausia-superba dana in the western bransfield strait region,observation,months,summer,1986-1987,Gerlache Strait,gross growth efficiency furcilia III,NA,%,NA,larvae,25.3,"parameter, validation","egg and larval
 development",state_var,tissues
Huntley and Brinton (1990),mesoscale variation in growth and early development of euphausia-superba dana in the western bransfield strait region,observation,months,summer,1986-1987,Gerlache Strait,gross growth efficiency furcilia IV,NA,%,NA,larvae,13.2,"parameter, validation","egg and larval
 development",state_var,tissues
Huntley and Brinton (1990),mesoscale variation in growth and early development of euphausia-superba dana in the western bransfield strait region,observation,months,summer,1986-1987,Gerlache Strait,mean weight calyptotis I,NA,ug N,NA,larvae,8.4,"parameter, validation","egg and larval
 development",state_var,tissues
Huntley and Brinton (1990),mesoscale variation in growth and early development of euphausia-superba dana in the western bransfield strait region,observation,months,summer,1986-1987,Gerlache Strait,mean weight calyptotis II,NA,ug N,NA,larvae,16.2,"parameter, validation","egg and larval
 development",state_var,tissues
Huntley and Brinton (1990),mesoscale variation in growth and early development of euphausia-superba dana in the western bransfield strait region,observation,months,summer,1986-1987,Gerlache Strait,mean weight calyptotis III,NA,ug N,NA,larvae,36.4,"parameter, validation","egg and larval
 development",state_var,tissues
Huntley and Brinton (1990),mesoscale variation in growth and early development of euphausia-superba dana in the western bransfield strait region,observation,months,summer,1986-1987,Gerlache Strait,mean weight furcilia I,NA,ug N,NA,larvae,62.5,"parameter, validation","egg and larval
 development",state_var,tissues
Huntley and Brinton (1990),mesoscale variation in growth and early development of euphausia-superba dana in the western bransfield strait region,observation,months,summer,1986-1987,Gerlache Strait,mean weight furcilia II,NA,ug N,NA,larvae,81.7,"parameter, validation","egg and larval
 development",state_var,tissues
Huntley and Brinton (1990),mesoscale variation in growth and early development of euphausia-superba dana in the western bransfield strait region,observation,months,summer,1986-1987,Gerlache Strait,mean weight furcilia III,NA,ug N,NA,larvae,103,"parameter, validation","egg and larval
 development",state_var,tissues
Huntley and Brinton (1990),mesoscale variation in growth and early development of euphausia-superba dana in the western bransfield strait region,observation,months,summer,1986-1987,Gerlache Strait,mean weight furcilia IV,NA,ug N,NA,larvae,124.8,"parameter, validation","egg and larval
 development",state_var,tissues
Huntley and Brinton (1990),mesoscale variation in growth and early development of euphausia-superba dana in the western bransfield strait region,observation,months,summer,1986-1987,Gerlache Strait,growth calyptotis I,NA,ug N d-1,NA,larvae,0.79,"parameter, validation","egg and larval
 development",state_var,tissues
Huntley and Brinton (1990),mesoscale variation in growth and early development of euphausia-superba dana in the western bransfield strait region,observation,months,summer,1986-1987,Gerlache Strait,growth calyptotis II,NA,ug N d-1,NA,larvae,1.54,"parameter, validation","egg and larval
 development",state_var,tissues
Huntley and Brinton (1990),mesoscale variation in growth and early development of euphausia-superba dana in the western bransfield strait region,observation,months,summer,1986-1987,Gerlache Strait,growth calyptotis III,NA,ug N d-1,NA,larvae,3.21,"parameter, validation","egg and larval
 development",state_var,tissues
Huntley and Brinton (1990),mesoscale variation in growth and early development of euphausia-superba dana in the western bransfield strait region,observation,months,summer,1986-1987,Gerlache Strait,growth furcilia I,NA,ug N d-1,NA,larvae,1.99,"parameter, validation","egg and larval
 development",state_var,tissues
Huntley and Brinton (1990),mesoscale variation in growth and early development of euphausia-superba dana in the western bransfield strait region,observation,months,summer,1986-1987,Gerlache Strait,growth furcilia II,NA,ug N d-1,NA,larvae,1.07,"parameter, validation","egg and larval
 development",state_var,tissues
Huntley and Brinton (1990),mesoscale variation in growth and early development of euphausia-superba dana in the western bransfield strait region,observation,months,summer,1986-1987,Gerlache Strait,growth furcilia III,NA,ug N d-1,NA,larvae,1.49,"parameter, validation","egg and larval
 development",state_var,tissues
Huntley and Brinton (1990),mesoscale variation in growth and early development of euphausia-superba dana in the western bransfield strait region,observation,months,summer,1986-1987,Gerlache Strait,growth furcilia IV,NA,ug N d-1,NA,larvae,0.78,"parameter, validation","egg and larval
 development",state_var,tissues
"Groeneveld, J. et al. (2015)",how biological clocks and changing environmental conditions determine local population growth and species distribution in antarctic krill (euphausia superba): a conceptual model,model,years,NA,NA,NA,dailyBertalanffyGrowthRate,mechanistic model,mm d-1,NA,"larvae, juveniles, adults",0.03,parameter,"egg and larval
 development",function,growth
"Groeneveld, J. et al. (2015)",how biological clocks and changing environmental conditions determine local population growth and species distribution in antarctic krill (euphausia superba): a conceptual model,model,years,NA,NA,NA,dailyBertalanffyGrowthRate,mechanistic model,mm d-1,NA,"larvae, juveniles, adults",0.03,parameter,"egg and larval
 development",state_var,tissues
Huntley and Brinton (1990),mesoscale variation in growth and early development of euphausia-superba dana in the western bransfield strait region,observation,months,summer,1986-1987,Gerlache Strait,gross growth efficiency calyptotis I,NA,%,NA,larvae,65.5,"parameter, validation","egg and larval
 development",state_var,tissues
Huntley and Brinton (1990),mesoscale variation in growth and early development of euphausia-superba dana in the western bransfield strait region,observation,months,summer,1986-1987,Gerlache Strait,gross growth efficiency calyptotis II,NA,%,NA,larvae,65.2,"parameter, validation","egg and larval
 development",state_var,tissues
Huntley and Brinton (1990),mesoscale variation in growth and early development of euphausia-superba dana in the western bransfield strait region,observation,months,summer,1986-1987,Gerlache Strait,gross growth efficiency calyptotis III,NA,%,NA,larvae,64.8,"parameter, validation","egg and larval
 development",state_var,tissues
Huntley and Brinton (1990),mesoscale variation in growth and early development of euphausia-superba dana in the western bransfield strait region,observation,months,summer,1986-1987,Gerlache Strait,gross growth efficiency furcilia I,NA,%,NA,larvae,57.1,"parameter, validation","egg and larval
 development",state_var,tissues
Huntley and Brinton (1990),mesoscale variation in growth and early development of euphausia-superba dana in the western bransfield strait region,observation,months,summer,1986-1987,Gerlache Strait,gross growth efficiency furcilia II,NA,%,NA,larvae,44.7,"parameter, validation","egg and larval
 development",state_var,tissues
Huntley and Brinton (1990),mesoscale variation in growth and early development of euphausia-superba dana in the western bransfield strait region,observation,months,summer,1986-1987,Gerlache Strait,gross growth efficiency furcilia III,NA,%,NA,larvae,46,"parameter, validation","egg and larval
 development",state_var,tissues
Huntley and Brinton (1990),mesoscale variation in growth and early development of euphausia-superba dana in the western bransfield strait region,observation,months,summer,1986-1987,Gerlache Strait,gross growth efficiency furcilia IV,NA,%,NA,larvae,29.9,"parameter, validation","egg and larval
 development",state_var,tissues
Daly (2004),overwintering growth and development of larval euphausia superba: an interannual comparison under varying environmental conditions west of the antarctic peninsula,observation,years,"autumn, winter",2001-2002,Antarctic Peninsula,IMP fall 2001,Reeve net,days,13,larvae,19,"parameter, validation","egg and larval
 development",function,maintenance _moulting
Daly (2004),overwintering growth and development of larval euphausia superba: an interannual comparison under varying environmental conditions west of the antarctic peninsula,observation,years,"autumn, winter",2001-2002,Antarctic Peninsula,IMP fall 2001,Reeve net,days,16,larvae,17,"parameter, validation","egg and larval
 development",function,maintenance _moulting
Daly (2004),overwintering growth and development of larval euphausia superba: an interannual comparison under varying environmental conditions west of the antarctic peninsula,observation,years,"autumn, winter",2001-2002,Antarctic Peninsula,IMP fall 2001,Reeve net,days,6,larvae,18,"parameter, validation","egg and larval
 development",function,maintenance _moulting
Daly (2004),overwintering growth and development of larval euphausia superba: an interannual comparison under varying environmental conditions west of the antarctic peninsula,observation,years,"autumn, winter",2001-2002,Antarctic Peninsula,IMP fall 2001,Reeve net,days,20,larvae,20,"parameter, validation","egg and larval
 development",function,maintenance _moulting
Daly (2004),overwintering growth and development of larval euphausia superba: an interannual comparison under varying environmental conditions west of the antarctic peninsula,observation,years,"autumn, winter",2001-2002,Antarctic Peninsula,IMP fall 2001,Reeve net,days,11,larvae,40,"parameter, validation","egg and larval
 development",function,maintenance _moulting
Daly (2004),overwintering growth and development of larval euphausia superba: an interannual comparison under varying environmental conditions west of the antarctic peninsula,observation,years,"autumn, winter",2001-2002,Antarctic Peninsula,IMP fall 2001,Reeve net,days,16,larvae,18,"parameter, validation","egg and larval
 development",function,maintenance _moulting
Daly (2004),overwintering growth and development of larval euphausia superba: an interannual comparison under varying environmental conditions west of the antarctic peninsula,observation,years,"autumn, winter",2001-2002,Antarctic Peninsula,growth rate fall 2001,Reeve net,mm d-1,13,larvae,0.03,"parameter, validation","egg and larval
 development",state_var,tissues
Daly (2004),overwintering growth and development of larval euphausia superba: an interannual comparison under varying environmental conditions west of the antarctic peninsula,observation,years,"autumn, winter",2001-2002,Antarctic Peninsula,growth rate fall 2001,Reeve net,mm d-1,16,larvae,0.02,"parameter, validation","egg and larval
 development",state_var,tissues
Daly (2004),overwintering growth and development of larval euphausia superba: an interannual comparison under varying environmental conditions west of the antarctic peninsula,observation,years,"autumn, winter",2001-2002,Antarctic Peninsula,growth rate fall 2001,Reeve net,mm d-1,6,larvae,0.02,"parameter, validation","egg and larval
 development",state_var,tissues
Daly (2004),overwintering growth and development of larval euphausia superba: an interannual comparison under varying environmental conditions west of the antarctic peninsula,observation,years,"autumn, winter",2001-2002,Antarctic Peninsula,growth rate fall 2001,Reeve net,mm d-1,20,larvae,0.036,"parameter, validation","egg and larval
 development",state_var,tissues
Daly (2004),overwintering growth and development of larval euphausia superba: an interannual comparison under varying environmental conditions west of the antarctic peninsula,observation,years,"autumn, winter",2001-2002,Antarctic Peninsula,growth rate fall 2001,Reeve net,mm d-1,11,larvae,0.013,"parameter, validation","egg and larval
 development",state_var,tissues
Daly (2004),overwintering growth and development of larval euphausia superba: an interannual comparison under varying environmental conditions west of the antarctic peninsula,observation,years,"autumn, winter",2001-2002,Antarctic Peninsula,growth rate fall 2001,Reeve net,mm d-1,16,larvae,0.03,"parameter, validation","egg and larval
 development",state_var,tissues
Daly (2004),overwintering growth and development of larval euphausia superba: an interannual comparison under varying environmental conditions west of the antarctic peninsula,observation,years,"autumn, winter",2001-2002,Antarctic Peninsula,IMP fall 2002,Reeve net,days,16,larvae,21,"parameter, validation","egg and larval
 development",function,maintenance _moulting
Daly (2004),overwintering growth and development of larval euphausia superba: an interannual comparison under varying environmental conditions west of the antarctic peninsula,observation,years,"autumn, winter",2001-2002,Antarctic Peninsula,growth rate fall 2002,Reeve net,mm d-1,16,larvae,0.013,"parameter, validation","egg and larval
 development",state_var,tissues
