author,title,study_type,study_duration,season,study_years,location,parameter_name,parameter_origin,parameter_unit,sample_size,parameter_lifestage,parameter_value,informationCategory,submechanism,type,name,enviro_vars
Hellesey et al. 2020,Antarctic krill lipid and fatty acid content variability is associated to satellite derived chlorophyll a and sea surface temperatures,hybrid,years,"spring, summer, autumn, winter",2014-2016,"South Orkney Islands (SOI), South Georgia (SG), Western Antarctic Peninsula (WAP)",SST:total lipid content,one-way ANOVA,NA,391,adult,0.001,correlation,spawning,state_var,tissue_reserves_lipids,NA
Hellesey et al. 2020,Antarctic krill lipid and fatty acid content variability is associated to satellite derived chlorophyll a and sea surface temperatures,hybrid,years,"spring, summer, autumn, winter",2014-2016,"South Orkney Islands (SOI), South Georgia (SG), Western Antarctic Peninsula (WAP)",SST:total lipid content,one-way ANOVA,NA,391,adult,0.001,correlation,spawning,function,assimilation,temperature
Hellesey et al. 2020,Antarctic krill lipid and fatty acid content variability is associated to satellite derived chlorophyll a and sea surface temperatures,hybrid,years,"spring, summer, autumn, winter",2014-2016,"South Orkney Islands (SOI), South Georgia (SG), Western Antarctic Peninsula (WAP)",chla:total lipid content,one-way ANOVA,NA,391,adult,0.948,correlation,spawning,function,assimilation,chlorophyll
Hellesey et al. 2020,Antarctic krill lipid and fatty acid content variability is associated to satellite derived chlorophyll a and sea surface temperatures,hybrid,years,"spring, summer, autumn, winter",2014-2016,"South Orkney Islands (SOI), South Georgia (SG), Western Antarctic Peninsula (WAP)",chla:total lipid content,one-way ANOVA,NA,391,adult,0.948,correlation,spawning,state_var,tissue_reserves_lipids,NA
Hellesey et al. 2020,Antarctic krill lipid and fatty acid content variability is associated to satellite derived chlorophyll a and sea surface temperatures,hybrid,years,summer,2014,"South Orkney Islands (SOI), South Georgia (SG), Western Antarctic Peninsula (WAP)",total lipid content,measurement,mg g-1 dw,190,adult,148.9 ,"parameter, validation",spawning,state_var,tissue_reserves_lipids,NA
Hellesey et al. 2020,Antarctic krill lipid and fatty acid content variability is associated to satellite derived chlorophyll a and sea surface temperatures,hybrid,years,spring,2014,"South Orkney Islands (SOI), South Georgia (SG), Western Antarctic Peninsula (WAP)",total lipid content,measurement,mg g-1 dw,190,adult,59.8 ,"parameter, validation",spawning,state_var,tissue_reserves_lipids,NA
Hellesey et al. 2020,Antarctic krill lipid and fatty acid content variability is associated to satellite derived chlorophyll a and sea surface temperatures,hybrid,years,summer,2015,"South Orkney Islands (SOI), South Georgia (SG), Western Antarctic Peninsula (WAP)",total lipid content,measurement,mg g-1 dw,190,adult,168.1,"parameter, validation",spawning,state_var,tissue_reserves_lipids,NA
Hellesey et al. 2020,Antarctic krill lipid and fatty acid content variability is associated to satellite derived chlorophyll a and sea surface temperatures,hybrid,years,spring,2015,"South Orkney Islands (SOI), South Georgia (SG), Western Antarctic Peninsula (WAP)",total lipid content,measurement,mg g-1 dw,190,adult,138.9 ,"parameter, validation",spawning,state_var,tissue_reserves_lipids,NA
Hellesey et al. 2020,Antarctic krill lipid and fatty acid content variability is associated to satellite derived chlorophyll a and sea surface temperatures,hybrid,years,summer,2016,"South Orkney Islands (SOI), South Georgia (SG), Western Antarctic Peninsula (WAP)",total lipid content,measurement,mg g-1 dw,190,adult,271.8 ,"parameter, validation",spawning,state_var,tissue_reserves_lipids,NA
Hellesey et al. 2020,Antarctic krill lipid and fatty acid content variability is associated to satellite derived chlorophyll a and sea surface temperatures,hybrid,years,spring,2016,"South Orkney Islands (SOI), South Georgia (SG), Western Antarctic Peninsula (WAP)",total lipid content,measurement,mg g-1 dw,190,adult,90.7 ,"parameter, validation",spawning,state_var,tissue_reserves_lipids,NA
Hellesey et al. 2020,Antarctic krill lipid and fatty acid content variability is associated to satellite derived chlorophyll a and sea surface temperatures,hybrid,years,summer,2014,"South Orkney Islands (SOI), South Georgia (SG), Western Antarctic Peninsula (WAP)",total lipid content,measurement,mg g-1 dw,201,adult,148.0 ,"parameter, validation",spawning,state_var,tissue_reserves_lipids,NA
Hellesey et al. 2020,Antarctic krill lipid and fatty acid content variability is associated to satellite derived chlorophyll a and sea surface temperatures,hybrid,years,spring,2014,"South Orkney Islands (SOI), South Georgia (SG), Western Antarctic Peninsula (WAP)",total lipid content,measurement,mg g-1 dw,201,adult,114.8 ,"parameter, validation",spawning,state_var,tissue_reserves_lipids,NA
Hellesey et al. 2020,Antarctic krill lipid and fatty acid content variability is associated to satellite derived chlorophyll a and sea surface temperatures,hybrid,years,summer,2015,"South Orkney Islands (SOI), South Georgia (SG), Western Antarctic Peninsula (WAP)",total lipid content,measurement,mg g-1 dw,201,adult,166.7 ,"parameter, validation",spawning,state_var,tissue_reserves_lipids,NA
Hellesey et al. 2020,Antarctic krill lipid and fatty acid content variability is associated to satellite derived chlorophyll a and sea surface temperatures,hybrid,years,spring,2015,"South Orkney Islands (SOI), South Georgia (SG), Western Antarctic Peninsula (WAP)",total lipid content,measurement,mg g-1 dw,201,adult,131.3 ,"parameter, validation",spawning,state_var,tissue_reserves_lipids,NA
Hellesey et al. 2020,Antarctic krill lipid and fatty acid content variability is associated to satellite derived chlorophyll a and sea surface temperatures,hybrid,years,summer,2016,"South Orkney Islands (SOI), South Georgia (SG), Western Antarctic Peninsula (WAP)",total lipid content,measurement,mg g-1 dw,201,adult,217.2 ,"parameter, validation",spawning,state_var,tissue_reserves_lipids,NA
Hellesey et al. 2020,Antarctic krill lipid and fatty acid content variability is associated to satellite derived chlorophyll a and sea surface temperatures,hybrid,years,spring,2016,"South Orkney Islands (SOI), South Georgia (SG), Western Antarctic Peninsula (WAP)",total lipid content,measurement,mg g-1 dw,201,adult,120.1 ,"parameter, validation",spawning,state_var,tissue_reserves_lipids,NA
Phleger et al. 2002,"Interannual and between species comparison of the lipids, fatty acids and sterols of Antarctic krill from the US AMLR Elephant Island survey area",hybrid,months,"autumn, summer",1997-1998,Elephant Island,mean lipid class composition/individual,measurement and multidimensional scaling,mg g wet mass,4,adult,7.2,"parameter, validation",spawning,state_var,tissue_reserves_lipids,NA
Horing et al. 2014,"light regime affects the seasonal cycle of antarctic krill (euphausia superba): impacts on growth, feeding, lipid metabolism, and maturity",hybrid,years,NA,2013-2015,NA,mean lipid content,measurement,%,83,adult,17.04,"parameter, validation",spawning,state_var,tissue_reserves_lipids,NA
Horing et al. 2014,"light regime affects the seasonal cycle of antarctic krill (euphausia superba): impacts on growth, feeding, lipid metabolism, and maturity",hybrid,years,NA,2013-2015,NA,critical photoperiod (when the probability to be fully mature is 50%) in natural light conditions at 52°S,binomial generalized linear mixed model,hours,NA,adult,12.5,"parameter, validation",spawning,state_var,gonads_development,NA
Horing et al. 2014,"light regime affects the seasonal cycle of antarctic krill (euphausia superba): impacts on growth, feeding, lipid metabolism, and maturity",hybrid,years,NA,2013-2015,NA,critical photoperiod (when the probability to be fully mature is 50%) in natural light conditions at 66°S,binomial generalized linear mixed model,hours,NA,adult,14.76,"parameter, validation",spawning,state_var,gonads_development,NA
Hagen et al. 2001,lipid metabolism of the antarctic krill euphausia superba and its ecological implications,observation,months,summer,1985,Antarctic Peninsula,lipid mass,measurement,mg,7,adult,16.2,"parameter, validation",spawning,state_var,tissue_reserves_lipids,NA
Hagen et al. 2001,lipid metabolism of the antarctic krill euphausia superba and its ecological implications,observation,months,summer,1985,Antarctic Peninsula,% lipid of DM,measurement,%,7,adult,9.6,"parameter, validation",spawning,state_var,tissue_reserves_lipids,NA
Hagen et al. 2001,lipid metabolism of the antarctic krill euphausia superba and its ecological implications,observation,months,summer,1985,Antarctic Peninsula,lipid mass,measurement,mg,6,adult,12,"parameter, validation",spawning,state_var,tissue_reserves_lipids,NA
Hagen et al. 2001,lipid metabolism of the antarctic krill euphausia superba and its ecological implications,observation,months,summer,1985,Antarctic Peninsula,% lipid of DM,measurement,%,6,adult,7.1,"parameter, validation",spawning,state_var,tissue_reserves_lipids,NA
Hagen et al. 2001,lipid metabolism of the antarctic krill euphausia superba and its ecological implications,observation,months,summer,1985,Antarctic Peninsula,lipid mass,measurement,mg,2,adult,27.2,"parameter, validation",spawning,state_var,tissue_reserves_lipids,NA
Hagen et al. 2001,lipid metabolism of the antarctic krill euphausia superba and its ecological implications,observation,months,summer,1985,Antarctic Peninsula,% lipid of DM,measurement,%,2,adult,16.5,"parameter, validation",spawning,state_var,tissue_reserves_lipids,NA
Hagen et al. 2001,lipid metabolism of the antarctic krill euphausia superba and its ecological implications,observation,months,spring,1986,Lazarev Sea,lipid mass,measurement,mg,20,adult,10.9,"parameter, validation",spawning,state_var,tissue_reserves_lipids,NA
Hagen et al. 2001,lipid metabolism of the antarctic krill euphausia superba and its ecological implications,observation,months,spring,1986,Lazarev Sea,% lipid of DM,measurement,%,20,adult,18.9,"parameter, validation",spawning,state_var,tissue_reserves_lipids,NA
Hagen et al. 2001,lipid metabolism of the antarctic krill euphausia superba and its ecological implications,observation,months,spring,1986,Lazarev Sea,lipid mass,measurement,mg,9,adult,13.7,"parameter, validation",spawning,state_var,tissue_reserves_lipids,NA
Hagen et al. 2001,lipid metabolism of the antarctic krill euphausia superba and its ecological implications,observation,months,spring,1986,Lazarev Sea,% lipid of DM,measurement,%,9,adult,20.6,"parameter, validation",spawning,state_var,tissue_reserves_lipids,NA
Hagen et al. 2001,lipid metabolism of the antarctic krill euphausia superba and its ecological implications,observation,months,spring,1986,Weddell Sea,lipid mass,measurement,mg,46,adult,9.8,"parameter, validation",spawning,state_var,tissue_reserves_lipids,NA
Hagen et al. 2001,lipid metabolism of the antarctic krill euphausia superba and its ecological implications,observation,months,spring,1986,Weddell Sea,% lipid of DM,measurement,%,46,adult,10.4,"parameter, validation",spawning,state_var,tissue_reserves_lipids,NA
Hagen et al. 2001,lipid metabolism of the antarctic krill euphausia superba and its ecological implications,observation,months,spring,1986,Weddell Sea,lipid mass,measurement,mg,NA,adult,15,"parameter, validation",spawning,state_var,tissue_reserves_lipids,NA
Hagen et al. 2001,lipid metabolism of the antarctic krill euphausia superba and its ecological implications,observation,months,spring,1986,Weddell Sea,% lipid of DM,measurement,%,NA,adult,11,"parameter, validation",spawning,state_var,tissue_reserves_lipids,NA
Hagen et al. 2001,lipid metabolism of the antarctic krill euphausia superba and its ecological implications,observation,months,summer,1985,Weddell Sea,lipid mass,measurement,mg,11,adult,53.8,"parameter, validation",spawning,state_var,tissue_reserves_lipids,NA
Hagen et al. 2001,lipid metabolism of the antarctic krill euphausia superba and its ecological implications,observation,months,summer,1985,Weddell Sea,% lipid of DM,measurement,%,11,adult,30.9,"parameter, validation",spawning,state_var,tissue_reserves_lipids,NA
Hagen et al. 2001,lipid metabolism of the antarctic krill euphausia superba and its ecological implications,observation,months,summer,1985,Weddell Sea,lipid mass,measurement,mg,2,adult,24.7,"parameter, validation",spawning,state_var,tissue_reserves_lipids,NA
Hagen et al. 2001,lipid metabolism of the antarctic krill euphausia superba and its ecological implications,observation,months,summer,1985,Weddell Sea,% lipid of DM,measurement,%,2,adult,25.2,"parameter, validation",spawning,state_var,tissue_reserves_lipids,NA
Hagen et al. 2001,lipid metabolism of the antarctic krill euphausia superba and its ecological implications,observation,years,spring,1985-1992,southeastern Weddell Sea & northern Lazarev Sea,fatty acid 14:00,measurement,mass %,5,juvenile,3.4,validation,spawning,state_var,tissue_reserves_lipids,NA
Hagen et al. 2001,lipid metabolism of the antarctic krill euphausia superba and its ecological implications,observation,years,spring,1985-1992,southeastern Weddell Sea & northern Lazarev Sea,fatty acid 16:00,measurement,mass %,5,juvenile,17.6,validation,spawning,state_var,tissue_reserves_lipids,NA
Hagen et al. 2001,lipid metabolism of the antarctic krill euphausia superba and its ecological implications,observation,years,spring,1985-1992,southeastern Weddell Sea & northern Lazarev Sea,fatty acid 16:1 (n-7),measurement,mass %,5,juvenile,3.6,validation,spawning,state_var,tissue_reserves_lipids,NA
Hagen et al. 2001,lipid metabolism of the antarctic krill euphausia superba and its ecological implications,observation,years,spring,1985-1992,southeastern Weddell Sea & northern Lazarev Sea,fatty acid 18:0,measurement,mass %,5,juvenile,1.5,validation,spawning,state_var,tissue_reserves_lipids,NA
Hagen et al. 2001,lipid metabolism of the antarctic krill euphausia superba and its ecological implications,observation,years,spring,1985-1992,southeastern Weddell Sea & northern Lazarev Sea,fatty acid 18:1 (n-9),measurement,mass %,5,juvenile,8.4,validation,spawning,state_var,tissue_reserves_lipids,NA
Hagen et al. 2001,lipid metabolism of the antarctic krill euphausia superba and its ecological implications,observation,years,spring,1985-1992,southeastern Weddell Sea & northern Lazarev Sea,fatty acid 18:1 (n-7),measurement,mass %,5,juvenile,6.8,validation,spawning,state_var,tissue_reserves_lipids,NA
Hagen et al. 2001,lipid metabolism of the antarctic krill euphausia superba and its ecological implications,observation,years,spring,1985-1992,southeastern Weddell Sea & northern Lazarev Sea,fatty acid 18:2 (n-6),measurement,mass %,5,juvenile,2.4,validation,spawning,state_var,tissue_reserves_lipids,NA
Hagen et al. 2001,lipid metabolism of the antarctic krill euphausia superba and its ecological implications,observation,years,spring,1985-1992,southeastern Weddell Sea & northern Lazarev Sea,fatty acid 18:3 (n-3),measurement,mass %,5,juvenile,0.9,validation,spawning,state_var,tissue_reserves_lipids,NA
Hagen et al. 2001,lipid metabolism of the antarctic krill euphausia superba and its ecological implications,observation,years,spring,1985-1992,southeastern Weddell Sea & northern Lazarev Sea,fatty acid 18:4 (n-3),measurement,mass %,5,juvenile,3.1,validation,spawning,state_var,tissue_reserves_lipids,NA
Hagen et al. 2001,lipid metabolism of the antarctic krill euphausia superba and its ecological implications,observation,years,spring,1985-1992,southeastern Weddell Sea & northern Lazarev Sea,fatty acid 20:1 (n-9),measurement,mass %,5,juvenile,0.6,validation,spawning,state_var,tissue_reserves_lipids,NA
Hagen et al. 2001,lipid metabolism of the antarctic krill euphausia superba and its ecological implications,observation,years,spring,1985-1992,southeastern Weddell Sea & northern Lazarev Sea,fatty acid 20:4 (n-6),measurement,mass %,5,juvenile,1.4,validation,spawning,state_var,tissue_reserves_lipids,NA
Hagen et al. 2001,lipid metabolism of the antarctic krill euphausia superba and its ecological implications,observation,years,spring,1985-1992,southeastern Weddell Sea & northern Lazarev Sea,fatty acid 20:5 (n-3),measurement,mass %,5,juvenile,27.9,validation,spawning,state_var,tissue_reserves_lipids,NA
Hagen et al. 2001,lipid metabolism of the antarctic krill euphausia superba and its ecological implications,observation,years,spring,1985-1992,southeastern Weddell Sea & northern Lazarev Sea,fatty acid 22:6 (n-3),measurement,mass %,5,juvenile,19.4,validation,spawning,state_var,tissue_reserves_lipids,NA
Hagen et al. 2001,lipid metabolism of the antarctic krill euphausia superba and its ecological implications,observation,years,autumn,1985-1992,southeastern Weddell Sea & northern Lazarev Sea,fatty acid 14:00,measurement,mass %,7,juvenile,11.5,validation,spawning,state_var,tissue_reserves_lipids,NA
Hagen et al. 2001,lipid metabolism of the antarctic krill euphausia superba and its ecological implications,observation,years,autumn,1985-1992,southeastern Weddell Sea & northern Lazarev Sea,fatty acid 16:00,measurement,mass %,7,juvenile,20.4,validation,spawning,state_var,tissue_reserves_lipids,NA
Hagen et al. 2001,lipid metabolism of the antarctic krill euphausia superba and its ecological implications,observation,years,autumn,1985-1992,southeastern Weddell Sea & northern Lazarev Sea,fatty acid 16:1 (n-7),measurement,mass %,7,juvenile,4.6,validation,spawning,state_var,tissue_reserves_lipids,NA
Hagen et al. 2001,lipid metabolism of the antarctic krill euphausia superba and its ecological implications,observation,years,autumn,1985-1992,southeastern Weddell Sea & northern Lazarev Sea,fatty acid 18:0,measurement,mass %,7,juvenile,1.7,validation,spawning,state_var,tissue_reserves_lipids,NA
Hagen et al. 2001,lipid metabolism of the antarctic krill euphausia superba and its ecological implications,observation,years,autumn,1985-1992,southeastern Weddell Sea & northern Lazarev Sea,fatty acid 18:1 (n-9),measurement,mass %,7,juvenile,15.6,validation,spawning,state_var,tissue_reserves_lipids,NA
Hagen et al. 2001,lipid metabolism of the antarctic krill euphausia superba and its ecological implications,observation,years,autumn,1985-1992,southeastern Weddell Sea & northern Lazarev Sea,fatty acid 18:1 (n-7),measurement,mass %,7,juvenile,5.9,validation,spawning,state_var,tissue_reserves_lipids,NA
Hagen et al. 2001,lipid metabolism of the antarctic krill euphausia superba and its ecological implications,observation,years,autumn,1985-1992,southeastern Weddell Sea & northern Lazarev Sea,fatty acid 18:2 (n-6),measurement,mass %,7,juvenile,2.2,validation,spawning,state_var,tissue_reserves_lipids,NA
Hagen et al. 2001,lipid metabolism of the antarctic krill euphausia superba and its ecological implications,observation,years,autumn,1985-1992,southeastern Weddell Sea & northern Lazarev Sea,fatty acid 18:3 (n-3),measurement,mass %,7,juvenile,2.2,validation,spawning,state_var,tissue_reserves_lipids,NA
Hagen et al. 2001,lipid metabolism of the antarctic krill euphausia superba and its ecological implications,observation,years,autumn,1985-1992,southeastern Weddell Sea & northern Lazarev Sea,fatty acid 18:4 (n-3),measurement,mass %,7,juvenile,9,validation,spawning,state_var,tissue_reserves_lipids,NA
Hagen et al. 2001,lipid metabolism of the antarctic krill euphausia superba and its ecological implications,observation,years,autumn,1985-1992,southeastern Weddell Sea & northern Lazarev Sea,fatty acid 20:1 (n-9),measurement,mass %,7,juvenile,1.5,validation,spawning,state_var,tissue_reserves_lipids,NA
Hagen et al. 2001,lipid metabolism of the antarctic krill euphausia superba and its ecological implications,observation,years,autumn,1985-1992,southeastern Weddell Sea & northern Lazarev Sea,fatty acid 20:4 (n-6),measurement,mass %,7,juvenile,0.4,validation,spawning,state_var,tissue_reserves_lipids,NA
Hagen et al. 2001,lipid metabolism of the antarctic krill euphausia superba and its ecological implications,observation,years,autumn,1985-1992,southeastern Weddell Sea & northern Lazarev Sea,fatty acid 20:5 (n-3),measurement,mass %,7,juvenile,12.2,validation,spawning,state_var,tissue_reserves_lipids,NA
Hagen et al. 2001,lipid metabolism of the antarctic krill euphausia superba and its ecological implications,observation,years,autumn,1985-1992,southeastern Weddell Sea & northern Lazarev Sea,fatty acid 22:6 (n-3),measurement,mass %,7,juvenile,10.5,validation,spawning,state_var,tissue_reserves_lipids,NA
Hagen et al. 2001,lipid metabolism of the antarctic krill euphausia superba and its ecological implications,observation,years,spring,1985-1992,southeastern Weddell Sea & northern Lazarev Sea,fatty acid 14:00,measurement,mass %,8,adult,6.8,validation,spawning,state_var,tissue_reserves_lipids,NA
Hagen et al. 2001,lipid metabolism of the antarctic krill euphausia superba and its ecological implications,observation,years,spring,1985-1992,southeastern Weddell Sea & northern Lazarev Sea,fatty acid 16:00,measurement,mass %,8,adult,20.6,validation,spawning,state_var,tissue_reserves_lipids,NA
Hagen et al. 2001,lipid metabolism of the antarctic krill euphausia superba and its ecological implications,observation,years,spring,1985-1992,southeastern Weddell Sea & northern Lazarev Sea,fatty acid 16:1 (n-7),measurement,mass %,8,adult,5.5,validation,spawning,state_var,tissue_reserves_lipids,NA
Hagen et al. 2001,lipid metabolism of the antarctic krill euphausia superba and its ecological implications,observation,years,spring,1985-1992,southeastern Weddell Sea & northern Lazarev Sea,fatty acid 18:0,measurement,mass %,8,adult,1.6,validation,spawning,state_var,tissue_reserves_lipids,NA
Hagen et al. 2001,lipid metabolism of the antarctic krill euphausia superba and its ecological implications,observation,years,spring,1985-1992,southeastern Weddell Sea & northern Lazarev Sea,fatty acid 18:1 (n-9),measurement,mass %,8,adult,13.3,validation,spawning,state_var,tissue_reserves_lipids,NA
Hagen et al. 2001,lipid metabolism of the antarctic krill euphausia superba and its ecological implications,observation,years,spring,1985-1992,southeastern Weddell Sea & northern Lazarev Sea,fatty acid 18:1 (n-7),measurement,mass %,8,adult,7.7,validation,spawning,state_var,tissue_reserves_lipids,NA
Hagen et al. 2001,lipid metabolism of the antarctic krill euphausia superba and its ecological implications,observation,years,spring,1985-1992,southeastern Weddell Sea & northern Lazarev Sea,fatty acid 18:2 (n-6),measurement,mass %,8,adult,2.4,validation,spawning,state_var,tissue_reserves_lipids,NA
Hagen et al. 2001,lipid metabolism of the antarctic krill euphausia superba and its ecological implications,observation,years,spring,1985-1992,southeastern Weddell Sea & northern Lazarev Sea,fatty acid 18:3 (n-3),measurement,mass %,8,adult,0.7,validation,spawning,state_var,tissue_reserves_lipids,NA
Hagen et al. 2001,lipid metabolism of the antarctic krill euphausia superba and its ecological implications,observation,years,spring,1985-1992,southeastern Weddell Sea & northern Lazarev Sea,fatty acid 18:4 (n-3),measurement,mass %,8,adult,2.4,validation,spawning,state_var,tissue_reserves_lipids,NA
Hagen et al. 2001,lipid metabolism of the antarctic krill euphausia superba and its ecological implications,observation,years,spring,1985-1992,southeastern Weddell Sea & northern Lazarev Sea,fatty acid 20:1 (n-9),measurement,mass %,8,adult,0.9,validation,spawning,state_var,tissue_reserves_lipids,NA
Hagen et al. 2001,lipid metabolism of the antarctic krill euphausia superba and its ecological implications,observation,years,spring,1985-1992,southeastern Weddell Sea & northern Lazarev Sea,fatty acid 20:4 (n-6),measurement,mass %,8,adult,1.2,validation,spawning,state_var,tissue_reserves_lipids,NA
Hagen et al. 2001,lipid metabolism of the antarctic krill euphausia superba and its ecological implications,observation,years,spring,1985-1992,southeastern Weddell Sea & northern Lazarev Sea,fatty acid 20:5 (n-3),measurement,mass %,8,adult,20.5,validation,spawning,state_var,tissue_reserves_lipids,NA
Hagen et al. 2001,lipid metabolism of the antarctic krill euphausia superba and its ecological implications,observation,years,spring,1985-1992,southeastern Weddell Sea & northern Lazarev Sea,fatty acid 22:6 (n-3),measurement,mass %,8,adult,13.1,validation,spawning,state_var,tissue_reserves_lipids,NA
Hagen et al. 2001,lipid metabolism of the antarctic krill euphausia superba and its ecological implications,observation,years,autumn,1985-1992,southeastern Weddell Sea & northern Lazarev Sea,fatty acid 14:00,measurement,mass %,5,adult,11.9,validation,spawning,state_var,tissue_reserves_lipids,NA
Hagen et al. 2001,lipid metabolism of the antarctic krill euphausia superba and its ecological implications,observation,years,autumn,1985-1992,southeastern Weddell Sea & northern Lazarev Sea,fatty acid 16:00,measurement,mass %,5,adult,20.9,validation,spawning,state_var,tissue_reserves_lipids,NA
Hagen et al. 2001,lipid metabolism of the antarctic krill euphausia superba and its ecological implications,observation,years,autumn,1985-1992,southeastern Weddell Sea & northern Lazarev Sea,fatty acid 16:1 (n-7),measurement,mass %,5,adult,5.6,validation,spawning,state_var,tissue_reserves_lipids,NA
Hagen et al. 2001,lipid metabolism of the antarctic krill euphausia superba and its ecological implications,observation,years,autumn,1985-1992,southeastern Weddell Sea & northern Lazarev Sea,fatty acid 18:0,measurement,mass %,5,adult,1.5,validation,spawning,state_var,tissue_reserves_lipids,NA
Hagen et al. 2001,lipid metabolism of the antarctic krill euphausia superba and its ecological implications,observation,years,autumn,1985-1992,southeastern Weddell Sea & northern Lazarev Sea,fatty acid 18:1 (n-9),measurement,mass %,5,adult,17,validation,spawning,state_var,tissue_reserves_lipids,NA
Hagen et al. 2001,lipid metabolism of the antarctic krill euphausia superba and its ecological implications,observation,years,autumn,1985-1992,southeastern Weddell Sea & northern Lazarev Sea,fatty acid 18:1 (n-7),measurement,mass %,5,adult,7,validation,spawning,state_var,tissue_reserves_lipids,NA
Hagen et al. 2001,lipid metabolism of the antarctic krill euphausia superba and its ecological implications,observation,years,autumn,1985-1992,southeastern Weddell Sea & northern Lazarev Sea,fatty acid 18:2 (n-6),measurement,mass %,5,adult,2.5,validation,spawning,state_var,tissue_reserves_lipids,NA
Hagen et al. 2001,lipid metabolism of the antarctic krill euphausia superba and its ecological implications,observation,years,autumn,1985-1992,southeastern Weddell Sea & northern Lazarev Sea,fatty acid 18:3 (n-3),measurement,mass %,5,adult,0.9,validation,spawning,state_var,tissue_reserves_lipids,NA
Hagen et al. 2001,lipid metabolism of the antarctic krill euphausia superba and its ecological implications,observation,years,autumn,1985-1992,southeastern Weddell Sea & northern Lazarev Sea,fatty acid 18:4 (n-3),measurement,mass %,5,adult,5.1,validation,spawning,state_var,tissue_reserves_lipids,NA
Hagen et al. 2001,lipid metabolism of the antarctic krill euphausia superba and its ecological implications,observation,years,autumn,1985-1992,southeastern Weddell Sea & northern Lazarev Sea,fatty acid 20:1 (n-9),measurement,mass %,5,adult,1.3,validation,spawning,state_var,tissue_reserves_lipids,NA
Hagen et al. 2001,lipid metabolism of the antarctic krill euphausia superba and its ecological implications,observation,years,autumn,1985-1992,southeastern Weddell Sea & northern Lazarev Sea,fatty acid 20:4 (n-6),measurement,mass %,5,adult,0.7,validation,spawning,state_var,tissue_reserves_lipids,NA
Hagen et al. 2001,lipid metabolism of the antarctic krill euphausia superba and its ecological implications,observation,years,autumn,1985-1992,southeastern Weddell Sea & northern Lazarev Sea,fatty acid 20:5 (n-3),measurement,mass %,5,adult,12.8,validation,spawning,state_var,tissue_reserves_lipids,NA
Hagen et al. 2001,lipid metabolism of the antarctic krill euphausia superba and its ecological implications,observation,years,autumn,1985-1992,southeastern Weddell Sea & northern Lazarev Sea,fatty acid 22:6 (n-3),measurement,mass %,5,adult,10.1,validation,spawning,state_var,tissue_reserves_lipids,NA
Hagen et al. 2001,lipid metabolism of the antarctic krill euphausia superba and its ecological implications,observation,years,spring,1985-1992,southeastern Weddell Sea & northern Lazarev Sea,fatty acid 14:00,measurement,mass %,5,adult,7.7,validation,spawning,state_var,tissue_reserves_lipids,NA
Hagen et al. 2001,lipid metabolism of the antarctic krill euphausia superba and its ecological implications,observation,years,spring,1985-1992,southeastern Weddell Sea & northern Lazarev Sea,fatty acid 16:00,measurement,mass %,5,adult,21.6,validation,spawning,state_var,tissue_reserves_lipids,NA
Hagen et al. 2001,lipid metabolism of the antarctic krill euphausia superba and its ecological implications,observation,years,spring,1985-1992,southeastern Weddell Sea & northern Lazarev Sea,fatty acid 16:1 (n-7),measurement,mass %,5,adult,6.2,validation,spawning,state_var,tissue_reserves_lipids,NA
Hagen et al. 2001,lipid metabolism of the antarctic krill euphausia superba and its ecological implications,observation,years,spring,1985-1992,southeastern Weddell Sea & northern Lazarev Sea,fatty acid 18:0,measurement,mass %,5,adult,1.8,validation,spawning,state_var,tissue_reserves_lipids,NA
Hagen et al. 2001,lipid metabolism of the antarctic krill euphausia superba and its ecological implications,observation,years,spring,1985-1992,southeastern Weddell Sea & northern Lazarev Sea,fatty acid 18:1 (n-9),measurement,mass %,5,adult,13.4,validation,spawning,state_var,tissue_reserves_lipids,NA
Hagen et al. 2001,lipid metabolism of the antarctic krill euphausia superba and its ecological implications,observation,years,spring,1985-1992,southeastern Weddell Sea & northern Lazarev Sea,fatty acid 18:1 (n-7),measurement,mass %,5,adult,7.5,validation,spawning,state_var,tissue_reserves_lipids,NA
Hagen et al. 2001,lipid metabolism of the antarctic krill euphausia superba and its ecological implications,observation,years,spring,1985-1992,southeastern Weddell Sea & northern Lazarev Sea,fatty acid 18:2 (n-6),measurement,mass %,5,adult,2.7,validation,spawning,state_var,tissue_reserves_lipids,NA
Hagen et al. 2001,lipid metabolism of the antarctic krill euphausia superba and its ecological implications,observation,years,spring,1985-1992,southeastern Weddell Sea & northern Lazarev Sea,fatty acid 18:3 (n-3),measurement,mass %,5,adult,0.6,validation,spawning,state_var,tissue_reserves_lipids,NA
Hagen et al. 2001,lipid metabolism of the antarctic krill euphausia superba and its ecological implications,observation,years,spring,1985-1992,southeastern Weddell Sea & northern Lazarev Sea,fatty acid 18:4 (n-3),measurement,mass %,5,adult,1.5,validation,spawning,state_var,tissue_reserves_lipids,NA
Hagen et al. 2001,lipid metabolism of the antarctic krill euphausia superba and its ecological implications,observation,years,spring,1985-1992,southeastern Weddell Sea & northern Lazarev Sea,fatty acid 20:1 (n-9),measurement,mass %,5,adult,0.8,validation,spawning,state_var,tissue_reserves_lipids,NA
Hagen et al. 2001,lipid metabolism of the antarctic krill euphausia superba and its ecological implications,observation,years,spring,1985-1992,southeastern Weddell Sea & northern Lazarev Sea,fatty acid 20:4 (n-6),measurement,mass %,5,adult,1.5,validation,spawning,state_var,tissue_reserves_lipids,NA
Hagen et al. 2001,lipid metabolism of the antarctic krill euphausia superba and its ecological implications,observation,years,spring,1985-1992,southeastern Weddell Sea & northern Lazarev Sea,fatty acid 20:5 (n-3),measurement,mass %,5,adult,19.1,validation,spawning,state_var,tissue_reserves_lipids,NA
Hagen et al. 2001,lipid metabolism of the antarctic krill euphausia superba and its ecological implications,observation,years,spring,1985-1992,southeastern Weddell Sea & northern Lazarev Sea,fatty acid 22:6 (n-3),measurement,mass %,5,adult,12.3,validation,spawning,state_var,tissue_reserves_lipids,NA
Hagen et al. 2001,lipid metabolism of the antarctic krill euphausia superba and its ecological implications,observation,years,autumn,1985-1992,southeastern Weddell Sea & northern Lazarev Sea,fatty acid 14:00,measurement,mass %,5,adult,13.3,validation,spawning,state_var,tissue_reserves_lipids,NA
Hagen et al. 2001,lipid metabolism of the antarctic krill euphausia superba and its ecological implications,observation,years,autumn,1985-1992,southeastern Weddell Sea & northern Lazarev Sea,fatty acid 16:00,measurement,mass %,5,adult,21.8,validation,spawning,state_var,tissue_reserves_lipids,NA
Hagen et al. 2001,lipid metabolism of the antarctic krill euphausia superba and its ecological implications,observation,years,autumn,1985-1992,southeastern Weddell Sea & northern Lazarev Sea,fatty acid 16:1 (n-7),measurement,mass %,5,adult,6.6,validation,spawning,state_var,tissue_reserves_lipids,NA
Hagen et al. 2001,lipid metabolism of the antarctic krill euphausia superba and its ecological implications,observation,years,autumn,1985-1992,southeastern Weddell Sea & northern Lazarev Sea,fatty acid 18:0,measurement,mass %,5,adult,1.5,validation,spawning,state_var,tissue_reserves_lipids,NA
Hagen et al. 2001,lipid metabolism of the antarctic krill euphausia superba and its ecological implications,observation,years,autumn,1985-1992,southeastern Weddell Sea & northern Lazarev Sea,fatty acid 18:1 (n-9),measurement,mass %,5,adult,16.1,validation,spawning,state_var,tissue_reserves_lipids,NA
Hagen et al. 2001,lipid metabolism of the antarctic krill euphausia superba and its ecological implications,observation,years,autumn,1985-1992,southeastern Weddell Sea & northern Lazarev Sea,fatty acid 18:1 (n-7),measurement,mass %,5,adult,6.6,validation,spawning,state_var,tissue_reserves_lipids,NA
Hagen et al. 2001,lipid metabolism of the antarctic krill euphausia superba and its ecological implications,observation,years,autumn,1985-1992,southeastern Weddell Sea & northern Lazarev Sea,fatty acid 18:2 (n-6),measurement,mass %,5,adult,2.5,validation,spawning,state_var,tissue_reserves_lipids,NA
Hagen et al. 2001,lipid metabolism of the antarctic krill euphausia superba and its ecological implications,observation,years,autumn,1985-1992,southeastern Weddell Sea & northern Lazarev Sea,fatty acid 18:3 (n-3),measurement,mass %,5,adult,0.8,validation,spawning,state_var,tissue_reserves_lipids,NA
Hagen et al. 2001,lipid metabolism of the antarctic krill euphausia superba and its ecological implications,observation,years,autumn,1985-1992,southeastern Weddell Sea & northern Lazarev Sea,fatty acid 18:4 (n-3),measurement,mass %,5,adult,4.1,validation,spawning,state_var,tissue_reserves_lipids,NA
Hagen et al. 2001,lipid metabolism of the antarctic krill euphausia superba and its ecological implications,observation,years,autumn,1985-1992,southeastern Weddell Sea & northern Lazarev Sea,fatty acid 20:1 (n-9),measurement,mass %,5,adult,1.2,validation,spawning,state_var,tissue_reserves_lipids,NA
Hagen et al. 2001,lipid metabolism of the antarctic krill euphausia superba and its ecological implications,observation,years,autumn,1985-1992,southeastern Weddell Sea & northern Lazarev Sea,fatty acid 20:4 (n-6),measurement,mass %,5,adult,0.6,validation,spawning,state_var,tissue_reserves_lipids,NA
Hagen et al. 2001,lipid metabolism of the antarctic krill euphausia superba and its ecological implications,observation,years,autumn,1985-1992,southeastern Weddell Sea & northern Lazarev Sea,fatty acid 20:5 (n-3),measurement,mass %,5,adult,12.9,validation,spawning,state_var,tissue_reserves_lipids,NA
Hagen et al. 2001,lipid metabolism of the antarctic krill euphausia superba and its ecological implications,observation,years,autumn,1985-1992,southeastern Weddell Sea & northern Lazarev Sea,fatty acid 22:6 (n-3),measurement,mass %,5,adult,8.7,validation,spawning,state_var,tissue_reserves_lipids,NA
Hagen et al. 2001,lipid metabolism of the antarctic krill euphausia superba and its ecological implications,observation,years,NA,1985-1992,southeastern Weddell Sea & northern Lazarev Sea,fatty acids 14:00 (mass %) of phospholipids (PL),measurement,mass %,NA,adult,5.5,validation,spawning,state_var,tissue_reserves_lipids,NA
Hagen et al. 2001,lipid metabolism of the antarctic krill euphausia superba and its ecological implications,observation,years,NA,1985-1992,southeastern Weddell Sea & northern Lazarev Sea,fatty acids 16:00 (mass %) of phospholipids (PL),measurement,mass %,NA,adult,19.7,validation,spawning,state_var,tissue_reserves_lipids,NA
Hagen et al. 2001,lipid metabolism of the antarctic krill euphausia superba and its ecological implications,observation,years,NA,1985-1992,southeastern Weddell Sea & northern Lazarev Sea,fatty acids 16:1 (n-7) (mass %) of phospholipids (PL),measurement,mass %,NA,adult,2.5,validation,spawning,state_var,tissue_reserves_lipids,NA
Hagen et al. 2001,lipid metabolism of the antarctic krill euphausia superba and its ecological implications,observation,years,NA,1985-1992,southeastern Weddell Sea & northern Lazarev Sea,fatty acids 18:0 (mass %) of phospholipids (PL),measurement,mass %,NA,adult,1.4,validation,spawning,state_var,tissue_reserves_lipids,NA
Hagen et al. 2001,lipid metabolism of the antarctic krill euphausia superba and its ecological implications,observation,years,NA,1985-1992,southeastern Weddell Sea & northern Lazarev Sea,fatty acids 18:1 (n-9) (mass %) of phospholipids (PL),measurement,mass %,NA,adult,9.8,validation,spawning,state_var,tissue_reserves_lipids,NA
Hagen et al. 2001,lipid metabolism of the antarctic krill euphausia superba and its ecological implications,observation,years,NA,1985-1992,southeastern Weddell Sea & northern Lazarev Sea,fatty acids 18:1 (n-7) (mass %) of phospholipids (PL),measurement,mass %,NA,adult,7,validation,spawning,state_var,tissue_reserves_lipids,NA
Hagen et al. 2001,lipid metabolism of the antarctic krill euphausia superba and its ecological implications,observation,years,NA,1985-1992,southeastern Weddell Sea & northern Lazarev Sea,fatty acids 18:2 (n-6) (mass %) of phospholipids (PL),measurement,mass %,NA,adult,2.6,validation,spawning,state_var,tissue_reserves_lipids,NA
Hagen et al. 2001,lipid metabolism of the antarctic krill euphausia superba and its ecological implications,observation,years,NA,1985-1992,southeastern Weddell Sea & northern Lazarev Sea,fatty acids 18:3 (n-3) (mass %) of phospholipids (PL),measurement,mass %,NA,adult,1.1,validation,spawning,state_var,tissue_reserves_lipids,NA
Hagen et al. 2001,lipid metabolism of the antarctic krill euphausia superba and its ecological implications,observation,years,NA,1985-1992,southeastern Weddell Sea & northern Lazarev Sea,fatty acids 18:4 (n-3) (mass %) of phospholipids (PL),measurement,mass %,NA,adult,4.9,validation,spawning,state_var,tissue_reserves_lipids,NA
Hagen et al. 2001,lipid metabolism of the antarctic krill euphausia superba and its ecological implications,observation,years,NA,1985-1992,southeastern Weddell Sea & northern Lazarev Sea,fatty acids 20:1 (n-9) (mass %) of phospholipids (PL),measurement,mass %,NA,adult,0.9,validation,spawning,state_var,tissue_reserves_lipids,NA
Hagen et al. 2001,lipid metabolism of the antarctic krill euphausia superba and its ecological implications,observation,years,NA,1985-1992,southeastern Weddell Sea & northern Lazarev Sea,fatty acids 20:4 (n-6) (mass %) of phospholipids (PL),measurement,mass %,NA,adult,1.2,validation,spawning,state_var,tissue_reserves_lipids,NA
Hagen et al. 2001,lipid metabolism of the antarctic krill euphausia superba and its ecological implications,observation,years,NA,1985-1992,southeastern Weddell Sea & northern Lazarev Sea,fatty acids 20:5 (n-3) (mass %) of phospholipids (PL),measurement,mass %,NA,adult,23.7,validation,spawning,state_var,tissue_reserves_lipids,NA
Hagen et al. 2001,lipid metabolism of the antarctic krill euphausia superba and its ecological implications,observation,years,NA,1985-1992,southeastern Weddell Sea & northern Lazarev Sea,fatty acids 22:6 (n-3) (mass %) of phospholipids (PL),measurement,mass %,NA,adult,18.5,validation,spawning,state_var,tissue_reserves_lipids,NA
Hagen et al. 2001,lipid metabolism of the antarctic krill euphausia superba and its ecological implications,observation,years,NA,1985-1992,southeastern Weddell Sea & northern Lazarev Sea,fatty acids 14:00 (mass %) of triacylglycerols (TAG),measurement,mass %,NA,adult,20.9,validation,spawning,state_var,tissue_reserves_lipids,NA
Hagen et al. 2001,lipid metabolism of the antarctic krill euphausia superba and its ecological implications,observation,years,NA,1985-1992,southeastern Weddell Sea & northern Lazarev Sea,fatty acids 16:00 (mass %) of triacylglycerols (TAG),measurement,mass %,NA,adult,23.1,validation,spawning,state_var,tissue_reserves_lipids,NA
Hagen et al. 2001,lipid metabolism of the antarctic krill euphausia superba and its ecological implications,observation,years,NA,1985-1992,southeastern Weddell Sea & northern Lazarev Sea,fatty acids 16:1 (n-7) (mass %) of triacylglycerols (TAG),measurement,mass %,NA,adult,8.5,validation,spawning,state_var,tissue_reserves_lipids,NA
Hagen et al. 2001,lipid metabolism of the antarctic krill euphausia superba and its ecological implications,observation,years,NA,1985-1992,southeastern Weddell Sea & northern Lazarev Sea,fatty acids 18:0 (mass %) of triacylglycerols (TAG),measurement,mass %,NA,adult,2.1,validation,spawning,state_var,tissue_reserves_lipids,NA
Hagen et al. 2001,lipid metabolism of the antarctic krill euphausia superba and its ecological implications,observation,years,NA,1985-1992,southeastern Weddell Sea & northern Lazarev Sea,fatty acids 18:1 (n-9) (mass %) of triacylglycerols (TAG),measurement,mass %,NA,adult,24.3,validation,spawning,state_var,tissue_reserves_lipids,NA
Hagen et al. 2001,lipid metabolism of the antarctic krill euphausia superba and its ecological implications,observation,years,NA,1985-1992,southeastern Weddell Sea & northern Lazarev Sea,fatty acids 18:1 (n-7) (mass %) of triacylglycerols (TAG),measurement,mass %,NA,adult,6.2,validation,spawning,state_var,tissue_reserves_lipids,NA
Hagen et al. 2001,lipid metabolism of the antarctic krill euphausia superba and its ecological implications,observation,years,NA,1985-1992,southeastern Weddell Sea & northern Lazarev Sea,fatty acids 18:2 (n-6) (mass %) of triacylglycerols (TAG),measurement,mass %,NA,adult,2.5,validation,spawning,state_var,tissue_reserves_lipids,NA
Hagen et al. 2001,lipid metabolism of the antarctic krill euphausia superba and its ecological implications,observation,years,NA,1985-1992,southeastern Weddell Sea & northern Lazarev Sea,fatty acids 18:3 (n-3) (mass %) of triacylglycerols (TAG),measurement,mass %,NA,adult,0.6,validation,spawning,state_var,tissue_reserves_lipids,NA
Hagen et al. 2001,lipid metabolism of the antarctic krill euphausia superba and its ecological implications,observation,years,NA,1985-1992,southeastern Weddell Sea & northern Lazarev Sea,fatty acids 18:4 (n-3) (mass %) of triacylglycerols (TAG),measurement,mass %,NA,adult,4.1,validation,spawning,state_var,tissue_reserves_lipids,NA
Hagen et al. 2001,lipid metabolism of the antarctic krill euphausia superba and its ecological implications,observation,years,NA,1985-1992,southeastern Weddell Sea & northern Lazarev Sea,fatty acids 20:1 (n-9) (mass %) of triacylglycerols (TAG),measurement,mass %,NA,adult,1.4,validation,spawning,state_var,tissue_reserves_lipids,NA
Hagen et al. 2001,lipid metabolism of the antarctic krill euphausia superba and its ecological implications,observation,years,NA,1985-1992,southeastern Weddell Sea & northern Lazarev Sea,fatty acids 20:4 (n-6) (mass %) of triacylglycerols (TAG),measurement,mass %,NA,adult,0,validation,spawning,state_var,tissue_reserves_lipids,NA
Hagen et al. 2001,lipid metabolism of the antarctic krill euphausia superba and its ecological implications,observation,years,NA,1985-1992,southeastern Weddell Sea & northern Lazarev Sea,fatty acids 20:5 (n-3) (mass %) of triacylglycerols (TAG),measurement,mass %,NA,adult,1.4,validation,spawning,state_var,tissue_reserves_lipids,NA
Hagen et al. 2001,lipid metabolism of the antarctic krill euphausia superba and its ecological implications,observation,years,NA,1985-1992,southeastern Weddell Sea & northern Lazarev Sea,fatty acids 22:6 (n-3) (mass %) of triacylglycerols (TAG),measurement,mass %,NA,adult,1.4,validation,spawning,state_var,tissue_reserves_lipids,NA
Hagen et al. 2001,lipid metabolism of the antarctic krill euphausia superba and its ecological implications,observation,years,NA,1985-1992,southeastern Weddell Sea & northern Lazarev Sea,fatty acids 14:00 (mass %) of phospholipids (PL),measurement,mass %,NA,adult,3.3,validation,spawning,state_var,tissue_reserves_lipids,NA
Hagen et al. 2001,lipid metabolism of the antarctic krill euphausia superba and its ecological implications,observation,years,NA,1985-1992,southeastern Weddell Sea & northern Lazarev Sea,fatty acids 16:00 (mass %) of phospholipids (PL),measurement,mass %,NA,adult,22.6,validation,spawning,state_var,tissue_reserves_lipids,NA
Hagen et al. 2001,lipid metabolism of the antarctic krill euphausia superba and its ecological implications,observation,years,NA,1985-1992,southeastern Weddell Sea & northern Lazarev Sea,fatty acids 16:1 (n-7) (mass %) of phospholipids (PL),measurement,mass %,NA,adult,1.9,validation,spawning,state_var,tissue_reserves_lipids,NA
Hagen et al. 2001,lipid metabolism of the antarctic krill euphausia superba and its ecological implications,observation,years,NA,1985-1992,southeastern Weddell Sea & northern Lazarev Sea,fatty acids 18:0 (mass %) of phospholipids (PL),measurement,mass %,NA,adult,1.2,validation,spawning,state_var,tissue_reserves_lipids,NA
Hagen et al. 2001,lipid metabolism of the antarctic krill euphausia superba and its ecological implications,observation,years,NA,1985-1992,southeastern Weddell Sea & northern Lazarev Sea,fatty acids 18:1 (n-9) (mass %) of phospholipids (PL),measurement,mass %,NA,adult,7.4,validation,spawning,state_var,tissue_reserves_lipids,NA
Hagen et al. 2001,lipid metabolism of the antarctic krill euphausia superba and its ecological implications,observation,years,NA,1985-1992,southeastern Weddell Sea & northern Lazarev Sea,fatty acids 18:1 (n-7) (mass %) of phospholipids (PL),measurement,mass %,NA,adult,7.2,validation,spawning,state_var,tissue_reserves_lipids,NA
Hagen et al. 2001,lipid metabolism of the antarctic krill euphausia superba and its ecological implications,observation,years,NA,1985-1992,southeastern Weddell Sea & northern Lazarev Sea,fatty acids 18:2 (n-6) (mass %) of phospholipids (PL),measurement,mass %,NA,adult,2.2,validation,spawning,state_var,tissue_reserves_lipids,NA
Hagen et al. 2001,lipid metabolism of the antarctic krill euphausia superba and its ecological implications,observation,years,NA,1985-1992,southeastern Weddell Sea & northern Lazarev Sea,fatty acids 18:3 (n-3) (mass %) of phospholipids (PL),measurement,mass %,NA,adult,1.3,validation,spawning,state_var,tissue_reserves_lipids,NA
Hagen et al. 2001,lipid metabolism of the antarctic krill euphausia superba and its ecological implications,observation,years,NA,1985-1992,southeastern Weddell Sea & northern Lazarev Sea,fatty acids 18:4 (n-3) (mass %) of phospholipids (PL),measurement,mass %,NA,adult,8,validation,spawning,state_var,tissue_reserves_lipids,NA
Hagen et al. 2001,lipid metabolism of the antarctic krill euphausia superba and its ecological implications,observation,years,NA,1985-1992,southeastern Weddell Sea & northern Lazarev Sea,fatty acids 20:1 (n-9) (mass %) of phospholipids (PL),measurement,mass %,NA,adult,1.1,validation,spawning,state_var,tissue_reserves_lipids,NA
Hagen et al. 2001,lipid metabolism of the antarctic krill euphausia superba and its ecological implications,observation,years,NA,1985-1992,southeastern Weddell Sea & northern Lazarev Sea,fatty acids 20:4 (n-6) (mass %) of phospholipids (PL),measurement,mass %,NA,adult,0.6,validation,spawning,state_var,tissue_reserves_lipids,NA
Hagen et al. 2001,lipid metabolism of the antarctic krill euphausia superba and its ecological implications,observation,years,NA,1985-1992,southeastern Weddell Sea & northern Lazarev Sea,fatty acids 20:5 (n-3) (mass %) of phospholipids (PL),measurement,mass %,NA,adult,24.6,validation,spawning,state_var,tissue_reserves_lipids,NA
Hagen et al. 2001,lipid metabolism of the antarctic krill euphausia superba and its ecological implications,observation,years,NA,1985-1992,southeastern Weddell Sea & northern Lazarev Sea,fatty acids 22:6 (n-3) (mass %) of phospholipids (PL),measurement,mass %,NA,adult,17.5,validation,spawning,state_var,tissue_reserves_lipids,NA
Hagen et al. 2001,lipid metabolism of the antarctic krill euphausia superba and its ecological implications,observation,years,NA,1985-1992,southeastern Weddell Sea & northern Lazarev Sea,fatty acids 14:00 (mass %) of triacylglycerols (TAG),measurement,mass %,NA,adult,16.6,validation,spawning,state_var,tissue_reserves_lipids,NA
Hagen et al. 2001,lipid metabolism of the antarctic krill euphausia superba and its ecological implications,observation,years,NA,1985-1992,southeastern Weddell Sea & northern Lazarev Sea,fatty acids 16:00 (mass %) of triacylglycerols (TAG),measurement,mass %,NA,adult,24.6,validation,spawning,state_var,tissue_reserves_lipids,NA
Hagen et al. 2001,lipid metabolism of the antarctic krill euphausia superba and its ecological implications,observation,years,NA,1985-1992,southeastern Weddell Sea & northern Lazarev Sea,fatty acids 16:1 (n-7) (mass %) of triacylglycerols (TAG),measurement,mass %,NA,adult,9.3,validation,spawning,state_var,tissue_reserves_lipids,NA
Hagen et al. 2001,lipid metabolism of the antarctic krill euphausia superba and its ecological implications,observation,years,NA,1985-1992,southeastern Weddell Sea & northern Lazarev Sea,fatty acids 18:0 (mass %) of triacylglycerols (TAG),measurement,mass %,NA,adult,2,validation,spawning,state_var,tissue_reserves_lipids,NA
Hagen et al. 2001,lipid metabolism of the antarctic krill euphausia superba and its ecological implications,observation,years,NA,1985-1992,southeastern Weddell Sea & northern Lazarev Sea,fatty acids 18:1 (n-9) (mass %) of triacylglycerols (TAG),measurement,mass %,NA,adult,25.3,validation,spawning,state_var,tissue_reserves_lipids,NA
Hagen et al. 2001,lipid metabolism of the antarctic krill euphausia superba and its ecological implications,observation,years,NA,1985-1992,southeastern Weddell Sea & northern Lazarev Sea,fatty acids 18:1 (n-7) (mass %) of triacylglycerols (TAG),measurement,mass %,NA,adult,6.8,validation,spawning,state_var,tissue_reserves_lipids,NA
Hagen et al. 2001,lipid metabolism of the antarctic krill euphausia superba and its ecological implications,observation,years,NA,1985-1992,southeastern Weddell Sea & northern Lazarev Sea,fatty acids 18:2 (n-6) (mass %) of triacylglycerols (TAG),measurement,mass %,NA,adult,2.4,validation,spawning,state_var,tissue_reserves_lipids,NA
Hagen et al. 2001,lipid metabolism of the antarctic krill euphausia superba and its ecological implications,observation,years,NA,1985-1992,southeastern Weddell Sea & northern Lazarev Sea,fatty acids 18:3 (n-3) (mass %) of triacylglycerols (TAG),measurement,mass %,NA,adult,0.7,validation,spawning,state_var,tissue_reserves_lipids,NA
Hagen et al. 2001,lipid metabolism of the antarctic krill euphausia superba and its ecological implications,observation,years,NA,1985-1992,southeastern Weddell Sea & northern Lazarev Sea,fatty acids 18:4 (n-3) (mass %) of triacylglycerols (TAG),measurement,mass %,NA,adult,5.8,validation,spawning,state_var,tissue_reserves_lipids,NA
Hagen et al. 2001,lipid metabolism of the antarctic krill euphausia superba and its ecological implications,observation,years,NA,1985-1992,southeastern Weddell Sea & northern Lazarev Sea,fatty acids 20:1 (n-9) (mass %) of triacylglycerols (TAG),measurement,mass %,NA,adult,1.7,validation,spawning,state_var,tissue_reserves_lipids,NA
Hagen et al. 2001,lipid metabolism of the antarctic krill euphausia superba and its ecological implications,observation,years,NA,1985-1992,southeastern Weddell Sea & northern Lazarev Sea,fatty acids 20:4 (n-6) (mass %) of triacylglycerols (TAG),measurement,mass %,NA,adult,0,validation,spawning,state_var,tissue_reserves_lipids,NA
Hagen et al. 2001,lipid metabolism of the antarctic krill euphausia superba and its ecological implications,observation,years,NA,1985-1992,southeastern Weddell Sea & northern Lazarev Sea,fatty acids 20:5 (n-3) (mass %) of triacylglycerols (TAG),measurement,mass %,NA,adult,0.8,validation,spawning,state_var,tissue_reserves_lipids,NA
Hagen et al. 2001,lipid metabolism of the antarctic krill euphausia superba and its ecological implications,observation,years,NA,1985-1992,southeastern Weddell Sea & northern Lazarev Sea,fatty acids 22:6 (n-3) (mass %) of triacylglycerols (TAG),measurement,mass %,NA,adult,0.8,validation,spawning,state_var,tissue_reserves_lipids,NA
Farber Lorda et al. 2009,"elemental composition, biochemical composition and caloric value of antarctic krill. implications in energetics and carbon balances",observation,months,autumn,1981,southern part of Indian Ocean,protein composition (%),measurement,%,15,adult,55.42,"parameter, validation",spawning,state_var,tissue_reserves_proteins,NA
Farber Lorda et al. 2009,"elemental composition, biochemical composition and caloric value of antarctic krill. implications in energetics and carbon balances",observation,months,autumn,1981,southern part of Indian Ocean,lipid composition (%),measurement,%,15,adult,20.11,"parameter, validation",spawning,state_var,tissue_reserves_lipids,NA
Farber Lorda et al. 2009,"elemental composition, biochemical composition and caloric value of antarctic krill. implications in energetics and carbon balances",observation,months,autumn,1981,southern part of Indian Ocean,protein composition (%),measurement,%,7,adult,60.651,"parameter, validation",spawning,state_var,tissue_reserves_proteins,NA
Farber Lorda et al. 2009,"elemental composition, biochemical composition and caloric value of antarctic krill. implications in energetics and carbon balances",observation,months,autumn,1981,southern part of Indian Ocean,lipid composition (%),measurement,%,7,adult,13.19,"parameter, validation",spawning,state_var,tissue_reserves_lipids,NA
Farber Lorda et al. 2009,"elemental composition, biochemical composition and caloric value of antarctic krill. implications in energetics and carbon balances",observation,months,autumn,1981,southern part of Indian Ocean,C composition (%),measurement,%,7,adult,47.52,"parameter, validation",spawning,state_var,tissue_reserves_carbs,NA
Farber Lorda et al. 2009,"elemental composition, biochemical composition and caloric value of antarctic krill. implications in energetics and carbon balances",observation,months,autumn,1981,southern part of Indian Ocean,C:J regression index,regression,regression index,NA,NA,0.957,correlation,spawning,state_var,tissue_reserves_carbs,NA
Farber Lorda et al. 2009,"elemental composition, biochemical composition and caloric value of antarctic krill. implications in energetics and carbon balances",observation,months,autumn,1981,southern part of Indian Ocean,lipid:J regression index,regression,regression index,NA,NA,0.77,correlation,spawning,state_var,tissue_reserves_lipids,NA
Farber Lorda et al. 2009,"elemental composition, biochemical composition and caloric value of antarctic krill. implications in energetics and carbon balances",observation,months,autumn,1981,southern part of Indian Ocean,protein:J regression index,regression,regression index,NA,NA,0.747,correlation,spawning,state_var,tissue_reserves_proteins,NA
Farber Lorda et al. 2009,"elemental composition, biochemical composition and caloric value of antarctic krill. implications in energetics and carbon balances",observation,months,autumn,1981,southern part of Indian Ocean,lipid:C regression index,regression,regression index,NA,NA,0.867,correlation,spawning,state_var,tissue_reserves_lipids,NA
Farber Lorda et al. 2009,"elemental composition, biochemical composition and caloric value of antarctic krill. implications in energetics and carbon balances",observation,months,autumn,1981,southern part of Indian Ocean,lipid:C regression index,regression,regression index,NA,NA,0.867,correlation,spawning,state_var,tissue_reserves_carbs,NA
Farber Lorda et al. 2009,"elemental composition, biochemical composition and caloric value of antarctic krill. implications in energetics and carbon balances",observation,months,autumn,1981,southern part of Indian Ocean,protein:C regression index,regression,regression index,NA,NA,0.893,correlation,spawning,state_var,tissue_reserves_proteins,NA
Farber Lorda et al. 2009,"elemental composition, biochemical composition and caloric value of antarctic krill. implications in energetics and carbon balances",observation,months,autumn,1981,southern part of Indian Ocean,protein:C regression index,regression,regression index,NA,NA,0.893,correlation,spawning,state_var,tissue_reserves_carbs,NA
Farber Lorda et al. 2009,"elemental composition, biochemical composition and caloric value of antarctic krill. implications in energetics and carbon balances",observation,months,autumn,1981,southern part of Indian Ocean,length:C regression index,regression,regression index,NA,NA,0.725,correlation,spawning,state_var,tissue_reserves_carbs,NA
Farber Lorda et al. 2009,"elemental composition, biochemical composition and caloric value of antarctic krill. implications in energetics and carbon balances",observation,months,autumn,1981,southern part of Indian Ocean,WW:C regression index,regression,regression index,NA,NA,0.842,correlation,spawning,state_var,tissue_reserves_carbs,NA
Farber Lorda et al. 2009,"elemental composition, biochemical composition and caloric value of antarctic krill. implications in energetics and carbon balances",observation,months,autumn,1981,southern part of Indian Ocean,lipid:N regression index,regression,regression index,NA,NA,0.477,correlation,spawning,state_var,tissue_reserves_lipids,NA
Farber Lorda et al. 2009,"elemental composition, biochemical composition and caloric value of antarctic krill. implications in energetics and carbon balances",observation,months,autumn,1981,southern part of Indian Ocean,protein:N regression index,regression,regression index,NA,NA,0.893,correlation,spawning,state_var,tissue_reserves_proteins,NA
Farber Lorda et al. 2009,"elemental composition, biochemical composition and caloric value of antarctic krill. implications in energetics and carbon balances",observation,months,autumn,1981,southern part of Indian Ocean,protein:lipid regression index,regression,regression index,NA,NA,0.608,correlation,spawning,state_var,tissue_reserves_proteins,NA
Farber Lorda et al. 2009,"elemental composition, biochemical composition and caloric value of antarctic krill. implications in energetics and carbon balances",observation,months,autumn,1981,southern part of Indian Ocean,protein:lipid regression index,regression,regression index,NA,NA,0.608,correlation,spawning,state_var,tissue_reserves_lipids,NA
Farber Lorda et al. 2009,"elemental composition, biochemical composition and caloric value of antarctic krill. implications in energetics and carbon balances",observation,months,autumn,1981,southern part of Indian Ocean,length:lipid regression index,regression,regression index,NA,NA,0.474,correlation,spawning,state_var,tissue_reserves_lipids,NA
Farber Lorda et al. 2009,"elemental composition, biochemical composition and caloric value of antarctic krill. implications in energetics and carbon balances",observation,months,autumn,1981,southern part of Indian Ocean,WW:lipid regression index,regression,regression index,NA,NA,0.585,correlation,spawning,state_var,tissue_reserves_lipids,NA
Farber Lorda et al. 2009,"elemental composition, biochemical composition and caloric value of antarctic krill. implications in energetics and carbon balances",observation,months,autumn,1981,southern part of Indian Ocean,DW:lipid regression index,regression,regression index,NA,NA,0.782,correlation,spawning,state_var,tissue_reserves_lipids,NA
Farber Lorda et al. 2009,"elemental composition, biochemical composition and caloric value of antarctic krill. implications in energetics and carbon balances",observation,months,autumn,1981,southern part of Indian Ocean,length:protein regression index,regression,regression index,NA,NA,0.835,correlation,spawning,state_var,tissue_reserves_proteins,NA
Farber Lorda et al. 2009,"elemental composition, biochemical composition and caloric value of antarctic krill. implications in energetics and carbon balances",observation,months,autumn,1981,southern part of Indian Ocean,WW:protein regression index,regression,regression index,NA,NA,0.913,correlation,spawning,state_var,tissue_reserves_proteins,NA
Farber Lorda et al. 2009,"elemental composition, biochemical composition and caloric value of antarctic krill. implications in energetics and carbon balances",observation,months,autumn,1981,southern part of Indian Ocean,DW:protein regression index,regression,regression index,NA,NA,0.901,correlation,spawning,state_var,tissue_reserves_proteins,NA
Farber Lorda et al. 2009,"elemental composition, biochemical composition and caloric value of antarctic krill. implications in energetics and carbon balances",observation,months,autumn,1981,southern part of Indian Ocean,J (corrected for N):C regression - intercept,linear regression (Y = a + bX),regression intercept,NA,NA,-142,parameter,spawning,state_var,tissue_reserves_carbs,NA
Farber Lorda et al. 2009,"elemental composition, biochemical composition and caloric value of antarctic krill. implications in energetics and carbon balances",observation,months,autumn,1981,southern part of Indian Ocean,J (corrected for N):C regression - slope,linear regression (Y = a + bX),regression slope,NA,NA,46.7,parameter,spawning,state_var,tissue_reserves_carbs,NA
Farber Lorda et al. 2009,"elemental composition, biochemical composition and caloric value of antarctic krill. implications in energetics and carbon balances",observation,months,autumn,1981,southern part of Indian Ocean,J (corrected for N):lipid regression - intercept,linear regression (Y = a + bX),regression intercept,NA,NA,1850,parameter,spawning,state_var,tissue_reserves_lipids,NA
Farber Lorda et al. 2009,"elemental composition, biochemical composition and caloric value of antarctic krill. implications in energetics and carbon balances",observation,months,autumn,1981,southern part of Indian Ocean,J (corrected for N):lipid regression - slope,linear regression (Y = a + bX),regression slope,NA,NA,79.2,parameter,spawning,state_var,tissue_reserves_lipids,NA
Farber Lorda et al. 2009,"elemental composition, biochemical composition and caloric value of antarctic krill. implications in energetics and carbon balances",observation,months,autumn,1981,southern part of Indian Ocean,J (corrected for N):protein regression - intercept,linear regression (Y = a + bX),regression intercept,NA,NA,620.3,parameter,spawning,state_var,tissue_reserves_proteins,NA
Farber Lorda et al. 2009,"elemental composition, biochemical composition and caloric value of antarctic krill. implications in energetics and carbon balances",observation,months,autumn,1981,southern part of Indian Ocean,J (corrected for N):protein regression - slope,linear regression (Y = a + bX),regression slope,NA,NA,33.2,parameter,spawning,state_var,tissue_reserves_proteins,NA
Farber Lorda et al. 2009,"elemental composition, biochemical composition and caloric value of antarctic krill. implications in energetics and carbon balances",observation,months,autumn,1981,southern part of Indian Ocean,J:C regression - intercept,linear regression (Y = a + bX),regression intercept,NA,NA,-32.7,parameter,spawning,state_var,tissue_reserves_carbs,NA
Farber Lorda et al. 2009,"elemental composition, biochemical composition and caloric value of antarctic krill. implications in energetics and carbon balances",observation,months,autumn,1981,southern part of Indian Ocean,J:C regression - slope,linear regression (Y = a + bX),regression slope,NA,NA,49.8,parameter,spawning,state_var,tissue_reserves_carbs,NA
Farber Lorda et al. 2009,"elemental composition, biochemical composition and caloric value of antarctic krill. implications in energetics and carbon balances",observation,months,autumn,1981,southern part of Indian Ocean,J:lipid regression - intercept,linear regression (Y = a + bX),regression intercept,NA,NA,2142.4,parameter,spawning,state_var,tissue_reserves_lipids,NA
Farber Lorda et al. 2009,"elemental composition, biochemical composition and caloric value of antarctic krill. implications in energetics and carbon balances",observation,months,autumn,1981,southern part of Indian Ocean,J:lipid regression - slope,linear regression (Y = a + bX),regression slope,NA,NA,82.7,parameter,spawning,state_var,tissue_reserves_lipids,NA
Farber Lorda et al. 2009,"elemental composition, biochemical composition and caloric value of antarctic krill. implications in energetics and carbon balances",observation,months,autumn,1981,southern part of Indian Ocean,J:protein regression - intercept,linear regression (Y = a + bX),regression intercept,NA,NA,699.8,parameter,spawning,state_var,tissue_reserves_proteins,NA
Farber Lorda et al. 2009,"elemental composition, biochemical composition and caloric value of antarctic krill. implications in energetics and carbon balances",observation,months,autumn,1981,southern part of Indian Ocean,J:protein regression - slope,linear regression (Y = a + bX),regression slope,NA,NA,36.2,parameter,spawning,state_var,tissue_reserves_proteins,NA
Farber Lorda et al. 2009,"elemental composition, biochemical composition and caloric value of antarctic krill. implications in energetics and carbon balances",observation,months,autumn,1981,southern part of Indian Ocean,C:DW regression - intercept,linear regression (Y = a + bX),regression intercept,NA,NA,-2.65,parameter,spawning,state_var,tissue_reserves_carbs,NA
Farber Lorda et al. 2009,"elemental composition, biochemical composition and caloric value of antarctic krill. implications in energetics and carbon balances",observation,months,autumn,1981,southern part of Indian Ocean,C:DW regression - slope,linear regression (Y = a + bX),regression slope,NA,NA,0.516,parameter,spawning,state_var,tissue_reserves_carbs,NA
Farber Lorda et al. 2009,"elemental composition, biochemical composition and caloric value of antarctic krill. implications in energetics and carbon balances",observation,months,autumn,1981,southern part of Indian Ocean,protein:DW regression - intercept,linear regression (Y = a + bX),regression intercept,NA,NA,-6.07,parameter,spawning,state_var,tissue_reserves_proteins,NA
Farber Lorda et al. 2009,"elemental composition, biochemical composition and caloric value of antarctic krill. implications in energetics and carbon balances",observation,months,autumn,1981,southern part of Indian Ocean,protein:DW regression - slope,linear regression (Y = a + bX),regression slope,NA,NA,0.613,parameter,spawning,state_var,tissue_reserves_proteins,NA
Kawaguchi et al. (2006),"modelling growth of antarctic krill. i. growth trends with sex, length, season, and region",hybrid,months,summer,1993-2003,Indian Sector,dailyGrowthRate40mmDecFemale,fittedSplineModel,mm d-1,1620 (sum of all stages),adult,0.126,"parameter, validation",spawning,function,ingestion,temperature
Kawaguchi et al. (2006),"modelling growth of antarctic krill. i. growth trends with sex, length, season, and region",hybrid,months,summer,1993-2003,Indian Sector,dailyGrowthRate40mmDecFemale,fittedSplineModel,mm d-1,1620 (sum of all stages),adult,0.126,"parameter, validation",spawning,function,assimilation,temperature
Kawaguchi et al. (2006),"modelling growth of antarctic krill. i. growth trends with sex, length, season, and region",hybrid,months,summer,1993-2003,Indian Sector,dailyGrowthRate40mmDecFemale,fittedSplineModel,mm d-1,1620 (sum of all stages),adult,0.126,"parameter, validation",spawning,function,maintenance _respiration,temperature
Kawaguchi et al. (2006),"modelling growth of antarctic krill. i. growth trends with sex, length, season, and region",hybrid,months,summer,1993-2003,Indian Sector,dailyGrowthRate40mmDecFemale,fittedSplineModel,mm d-1,1620 (sum of all stages),adult,0.126,"parameter, validation",spawning,function,ingestion,photoperiod
Kawaguchi et al. (2006),"modelling growth of antarctic krill. i. growth trends with sex, length, season, and region",hybrid,months,summer,1993-2003,Indian Sector,dailyGrowthRate40mmDecFemale,fittedSplineModel,mm d-1,1620 (sum of all stages),adult,0.126,"parameter, validation",spawning,function,maintenance _respiration,photoperiod
Kawaguchi et al. (2006),"modelling growth of antarctic krill. i. growth trends with sex, length, season, and region",hybrid,months,summer,1993-2003,Indian Sector,dailyGrowthRate40mmDecFemale,fittedSplineModel,mm d-1,1620 (sum of all stages),adult,0.126,"parameter, validation",spawning,function,assimilation,photoperiod
Kawaguchi et al. (2006),"modelling growth of antarctic krill. i. growth trends with sex, length, season, and region",hybrid,months,summer,1993-2003,Indian Sector,dailyGrowthRate40mmJanFemale,fittedSplineModel,mm d-1,1620 (sum of all stages),adult,0.063,"parameter, validation",spawning,function,ingestion,temperature
Kawaguchi et al. (2006),"modelling growth of antarctic krill. i. growth trends with sex, length, season, and region",hybrid,months,summer,1993-2003,Indian Sector,dailyGrowthRate40mmJanFemale,fittedSplineModel,mm d-1,1620 (sum of all stages),adult,0.063,"parameter, validation",spawning,function,assimilation,temperature
Kawaguchi et al. (2006),"modelling growth of antarctic krill. i. growth trends with sex, length, season, and region",hybrid,months,summer,1993-2003,Indian Sector,dailyGrowthRate40mmJanFemale,fittedSplineModel,mm d-1,1620 (sum of all stages),adult,0.063,"parameter, validation",spawning,function,maintenance _respiration,temperature
Kawaguchi et al. (2006),"modelling growth of antarctic krill. i. growth trends with sex, length, season, and region",hybrid,months,summer,1993-2003,Indian Sector,dailyGrowthRate40mmJanFemale,fittedSplineModel,mm d-1,1620 (sum of all stages),adult,0.063,"parameter, validation",spawning,function,ingestion,photoperiod
Kawaguchi et al. (2006),"modelling growth of antarctic krill. i. growth trends with sex, length, season, and region",hybrid,months,summer,1993-2003,Indian Sector,dailyGrowthRate40mmJanFemale,fittedSplineModel,mm d-1,1620 (sum of all stages),adult,0.063,"parameter, validation",spawning,function,maintenance _respiration,photoperiod
Kawaguchi et al. (2006),"modelling growth of antarctic krill. i. growth trends with sex, length, season, and region",hybrid,months,summer,1993-2003,Indian Sector,dailyGrowthRate40mmJanFemale,fittedSplineModel,mm d-1,1620 (sum of all stages),adult,0.063,"parameter, validation",spawning,function,assimilation,photoperiod
Kawaguchi et al. (2006),"modelling growth of antarctic krill. i. growth trends with sex, length, season, and region",hybrid,months,summer,1993-2003,Indian Sector,dailyGrowthRate40mmFebFemale,fittedSplineModel,mm d-1,1620 (sum of all stages),adult,0.05,"parameter, validation",spawning,function,ingestion,temperature
Kawaguchi et al. (2006),"modelling growth of antarctic krill. i. growth trends with sex, length, season, and region",hybrid,months,summer,1993-2003,Indian Sector,dailyGrowthRate40mmFebFemale,fittedSplineModel,mm d-1,1620 (sum of all stages),adult,0.05,"parameter, validation",spawning,function,assimilation,temperature
Kawaguchi et al. (2006),"modelling growth of antarctic krill. i. growth trends with sex, length, season, and region",hybrid,months,summer,1993-2003,Indian Sector,dailyGrowthRate40mmFebFemale,fittedSplineModel,mm d-1,1620 (sum of all stages),adult,0.05,"parameter, validation",spawning,function,maintenance _respiration,temperature
Kawaguchi et al. (2006),"modelling growth of antarctic krill. i. growth trends with sex, length, season, and region",hybrid,months,summer,1993-2003,Indian Sector,dailyGrowthRate40mmFebFemale,fittedSplineModel,mm d-1,1620 (sum of all stages),adult,0.05,"parameter, validation",spawning,function,ingestion,photoperiod
Kawaguchi et al. (2006),"modelling growth of antarctic krill. i. growth trends with sex, length, season, and region",hybrid,months,summer,1993-2003,Indian Sector,dailyGrowthRate40mmFebFemale,fittedSplineModel,mm d-1,1620 (sum of all stages),adult,0.05,"parameter, validation",spawning,function,maintenance _respiration,photoperiod
Kawaguchi et al. (2006),"modelling growth of antarctic krill. i. growth trends with sex, length, season, and region",hybrid,months,summer,1993-2003,Indian Sector,dailyGrowthRate40mmFebFemale,fittedSplineModel,mm d-1,1620 (sum of all stages),adult,0.05,"parameter, validation",spawning,function,assimilation,photoperiod
Kawaguchi et al. (2006),"modelling growth of antarctic krill. i. growth trends with sex, length, season, and region",hybrid,months,autumn,1993-2003,Indian Sector,dailyGrowthRate40mmMarFemale,fittedSplineModel,mm d-1,1620 (sum of all stages),adult,0.03,"parameter, validation",spawning,function,ingestion,temperature
Kawaguchi et al. (2006),"modelling growth of antarctic krill. i. growth trends with sex, length, season, and region",hybrid,months,autumn,1993-2003,Indian Sector,dailyGrowthRate40mmMarFemale,fittedSplineModel,mm d-1,1620 (sum of all stages),adult,0.03,"parameter, validation",spawning,function,assimilation,temperature
Kawaguchi et al. (2006),"modelling growth of antarctic krill. i. growth trends with sex, length, season, and region",hybrid,months,autumn,1993-2003,Indian Sector,dailyGrowthRate40mmMarFemale,fittedSplineModel,mm d-1,1620 (sum of all stages),adult,0.03,"parameter, validation",spawning,function,maintenance _respiration,temperature
Kawaguchi et al. (2006),"modelling growth of antarctic krill. i. growth trends with sex, length, season, and region",hybrid,months,autumn,1993-2003,Indian Sector,dailyGrowthRate40mmMarFemale,fittedSplineModel,mm d-1,1620 (sum of all stages),adult,0.03,"parameter, validation",spawning,function,ingestion,photoperiod
Kawaguchi et al. (2006),"modelling growth of antarctic krill. i. growth trends with sex, length, season, and region",hybrid,months,autumn,1993-2003,Indian Sector,dailyGrowthRate40mmMarFemale,fittedSplineModel,mm d-1,1620 (sum of all stages),adult,0.03,"parameter, validation",spawning,function,maintenance _respiration,photoperiod
Kawaguchi et al. (2006),"modelling growth of antarctic krill. i. growth trends with sex, length, season, and region",hybrid,months,autumn,1993-2003,Indian Sector,dailyGrowthRate40mmMarFemale,fittedSplineModel,mm d-1,1620 (sum of all stages),adult,0.03,"parameter, validation",spawning,function,assimilation,photoperiod
Kawaguchi et al. (2006),"modelling growth of antarctic krill. i. growth trends with sex, length, season, and region",hybrid,months,autumn,1993-2003,Indian Sector,dailyGrowthRate40mmAprFemale,fittedSplineModel,mm d-1,1620 (sum of all stages),adult,-0.003,"parameter, validation",spawning,function,ingestion,temperature
Kawaguchi et al. (2006),"modelling growth of antarctic krill. i. growth trends with sex, length, season, and region",hybrid,months,autumn,1993-2003,Indian Sector,dailyGrowthRate40mmAprFemale,fittedSplineModel,mm d-1,1620 (sum of all stages),adult,-0.003,"parameter, validation",spawning,function,assimilation,temperature
Kawaguchi et al. (2006),"modelling growth of antarctic krill. i. growth trends with sex, length, season, and region",hybrid,months,autumn,1993-2003,Indian Sector,dailyGrowthRate40mmAprFemale,fittedSplineModel,mm d-1,1620 (sum of all stages),adult,-0.003,"parameter, validation",spawning,function,maintenance _respiration,temperature
Kawaguchi et al. (2006),"modelling growth of antarctic krill. i. growth trends with sex, length, season, and region",hybrid,months,autumn,1993-2003,Indian Sector,dailyGrowthRate40mmAprFemale,fittedSplineModel,mm d-1,1620 (sum of all stages),adult,-0.003,"parameter, validation",spawning,function,ingestion,photoperiod
Kawaguchi et al. (2006),"modelling growth of antarctic krill. i. growth trends with sex, length, season, and region",hybrid,months,autumn,1993-2003,Indian Sector,dailyGrowthRate40mmAprFemale,fittedSplineModel,mm d-1,1620 (sum of all stages),adult,-0.003,"parameter, validation",spawning,function,maintenance _respiration,photoperiod
Kawaguchi et al. (2006),"modelling growth of antarctic krill. i. growth trends with sex, length, season, and region",hybrid,months,autumn,1993-2003,Indian Sector,dailyGrowthRate40mmAprFemale,fittedSplineModel,mm d-1,1620 (sum of all stages),adult,-0.003,"parameter, validation",spawning,function,assimilation,photoperiod
Kawaguchi et al. (2006),"modelling growth of antarctic krill. i. growth trends with sex, length, season, and region",hybrid,months,summer,1993-2003,Indian Sector,dailyGrowthRate50mmDecMale,fittedSplineModel,mm d-1,1620 (sum of all stages),adult,0.05,"parameter, validation",spawning,function,ingestion,temperature
Kawaguchi et al. (2006),"modelling growth of antarctic krill. i. growth trends with sex, length, season, and region",hybrid,months,summer,1993-2003,Indian Sector,dailyGrowthRate50mmDecMale,fittedSplineModel,mm d-1,1620 (sum of all stages),adult,0.05,"parameter, validation",spawning,function,assimilation,temperature
Kawaguchi et al. (2006),"modelling growth of antarctic krill. i. growth trends with sex, length, season, and region",hybrid,months,summer,1993-2003,Indian Sector,dailyGrowthRate50mmDecMale,fittedSplineModel,mm d-1,1620 (sum of all stages),adult,0.05,"parameter, validation",spawning,function,maintenance _respiration,temperature
Kawaguchi et al. (2006),"modelling growth of antarctic krill. i. growth trends with sex, length, season, and region",hybrid,months,summer,1993-2003,Indian Sector,dailyGrowthRate50mmDecMale,fittedSplineModel,mm d-1,1620 (sum of all stages),adult,0.05,"parameter, validation",spawning,function,ingestion,photoperiod
Kawaguchi et al. (2006),"modelling growth of antarctic krill. i. growth trends with sex, length, season, and region",hybrid,months,summer,1993-2003,Indian Sector,dailyGrowthRate50mmDecMale,fittedSplineModel,mm d-1,1620 (sum of all stages),adult,0.05,"parameter, validation",spawning,function,maintenance _respiration,photoperiod
Kawaguchi et al. (2006),"modelling growth of antarctic krill. i. growth trends with sex, length, season, and region",hybrid,months,summer,1993-2003,Indian Sector,dailyGrowthRate50mmDecMale,fittedSplineModel,mm d-1,1620 (sum of all stages),adult,0.05,"parameter, validation",spawning,function,assimilation,photoperiod
Kawaguchi et al. (2006),"modelling growth of antarctic krill. i. growth trends with sex, length, season, and region",hybrid,months,summer,1993-2003,Indian Sector,dailyGrowthRate50mmJanMale,fittedSplineModel,mm d-1,1620 (sum of all stages),adult,0.089,"parameter, validation",spawning,function,ingestion,temperature
Kawaguchi et al. (2006),"modelling growth of antarctic krill. i. growth trends with sex, length, season, and region",hybrid,months,summer,1993-2003,Indian Sector,dailyGrowthRate50mmJanMale,fittedSplineModel,mm d-1,1620 (sum of all stages),adult,0.089,"parameter, validation",spawning,function,assimilation,temperature
Kawaguchi et al. (2006),"modelling growth of antarctic krill. i. growth trends with sex, length, season, and region",hybrid,months,summer,1993-2003,Indian Sector,dailyGrowthRate50mmJanMale,fittedSplineModel,mm d-1,1620 (sum of all stages),adult,0.089,"parameter, validation",spawning,function,maintenance _respiration,temperature
Kawaguchi et al. (2006),"modelling growth of antarctic krill. i. growth trends with sex, length, season, and region",hybrid,months,summer,1993-2003,Indian Sector,dailyGrowthRate50mmJanMale,fittedSplineModel,mm d-1,1620 (sum of all stages),adult,0.089,"parameter, validation",spawning,function,ingestion,photoperiod
Kawaguchi et al. (2006),"modelling growth of antarctic krill. i. growth trends with sex, length, season, and region",hybrid,months,summer,1993-2003,Indian Sector,dailyGrowthRate50mmJanMale,fittedSplineModel,mm d-1,1620 (sum of all stages),adult,0.089,"parameter, validation",spawning,function,maintenance _respiration,photoperiod
Kawaguchi et al. (2006),"modelling growth of antarctic krill. i. growth trends with sex, length, season, and region",hybrid,months,summer,1993-2003,Indian Sector,dailyGrowthRate50mmJanMale,fittedSplineModel,mm d-1,1620 (sum of all stages),adult,0.089,"parameter, validation",spawning,function,assimilation,photoperiod
Kawaguchi et al. (2006),"modelling growth of antarctic krill. i. growth trends with sex, length, season, and region",hybrid,months,summer,1993-2003,Indian Sector,dailyGrowthRate50mmFebMale,fittedSplineModel,mm d-1,1620 (sum of all stages),adult,0.071,"parameter, validation",spawning,function,ingestion,temperature
Kawaguchi et al. (2006),"modelling growth of antarctic krill. i. growth trends with sex, length, season, and region",hybrid,months,summer,1993-2003,Indian Sector,dailyGrowthRate50mmFebMale,fittedSplineModel,mm d-1,1620 (sum of all stages),adult,0.071,"parameter, validation",spawning,function,assimilation,temperature
Kawaguchi et al. (2006),"modelling growth of antarctic krill. i. growth trends with sex, length, season, and region",hybrid,months,summer,1993-2003,Indian Sector,dailyGrowthRate50mmFebMale,fittedSplineModel,mm d-1,1620 (sum of all stages),adult,0.071,"parameter, validation",spawning,function,maintenance _respiration,temperature
Kawaguchi et al. (2006),"modelling growth of antarctic krill. i. growth trends with sex, length, season, and region",hybrid,months,summer,1993-2003,Indian Sector,dailyGrowthRate50mmFebMale,fittedSplineModel,mm d-1,1620 (sum of all stages),adult,0.071,"parameter, validation",spawning,function,ingestion,photoperiod
Kawaguchi et al. (2006),"modelling growth of antarctic krill. i. growth trends with sex, length, season, and region",hybrid,months,summer,1993-2003,Indian Sector,dailyGrowthRate50mmFebMale,fittedSplineModel,mm d-1,1620 (sum of all stages),adult,0.071,"parameter, validation",spawning,function,maintenance _respiration,photoperiod
Kawaguchi et al. (2006),"modelling growth of antarctic krill. i. growth trends with sex, length, season, and region",hybrid,months,summer,1993-2003,Indian Sector,dailyGrowthRate50mmFebMale,fittedSplineModel,mm d-1,1620 (sum of all stages),adult,0.071,"parameter, validation",spawning,function,assimilation,photoperiod
Kawaguchi et al. (2006),"modelling growth of antarctic krill. i. growth trends with sex, length, season, and region",hybrid,months,autumn,1993-2003,Indian Sector,dailyGrowthRate50mmMarMale,fittedSplineModel,mm d-1,1620 (sum of all stages),adult,0.025,"parameter, validation",spawning,function,ingestion,temperature
Kawaguchi et al. (2006),"modelling growth of antarctic krill. i. growth trends with sex, length, season, and region",hybrid,months,autumn,1993-2003,Indian Sector,dailyGrowthRate50mmMarMale,fittedSplineModel,mm d-1,1620 (sum of all stages),adult,0.025,"parameter, validation",spawning,function,assimilation,temperature
Kawaguchi et al. (2006),"modelling growth of antarctic krill. i. growth trends with sex, length, season, and region",hybrid,months,autumn,1993-2003,Indian Sector,dailyGrowthRate50mmMarMale,fittedSplineModel,mm d-1,1620 (sum of all stages),adult,0.025,"parameter, validation",spawning,function,maintenance _respiration,temperature
Kawaguchi et al. (2006),"modelling growth of antarctic krill. i. growth trends with sex, length, season, and region",hybrid,months,autumn,1993-2003,Indian Sector,dailyGrowthRate50mmMarMale,fittedSplineModel,mm d-1,1620 (sum of all stages),adult,0.025,"parameter, validation",spawning,function,ingestion,photoperiod
Kawaguchi et al. (2006),"modelling growth of antarctic krill. i. growth trends with sex, length, season, and region",hybrid,months,autumn,1993-2003,Indian Sector,dailyGrowthRate50mmMarMale,fittedSplineModel,mm d-1,1620 (sum of all stages),adult,0.025,"parameter, validation",spawning,function,maintenance _respiration,photoperiod
Kawaguchi et al. (2006),"modelling growth of antarctic krill. i. growth trends with sex, length, season, and region",hybrid,months,autumn,1993-2003,Indian Sector,dailyGrowthRate50mmMarMale,fittedSplineModel,mm d-1,1620 (sum of all stages),adult,0.025,"parameter, validation",spawning,function,assimilation,photoperiod
Kawaguchi et al. (2006),"modelling growth of antarctic krill. i. growth trends with sex, length, season, and region",hybrid,months,autumn,1993-2003,Indian Sector,dailyGrowthRate50mmAprMale,fittedSplineModel,mm d-1,1620 (sum of all stages),adult,0.01,"parameter, validation",spawning,function,ingestion,temperature
Kawaguchi et al. (2006),"modelling growth of antarctic krill. i. growth trends with sex, length, season, and region",hybrid,months,autumn,1993-2003,Indian Sector,dailyGrowthRate50mmAprMale,fittedSplineModel,mm d-1,1620 (sum of all stages),adult,0.01,"parameter, validation",spawning,function,assimilation,temperature
Kawaguchi et al. (2006),"modelling growth of antarctic krill. i. growth trends with sex, length, season, and region",hybrid,months,autumn,1993-2003,Indian Sector,dailyGrowthRate50mmAprMale,fittedSplineModel,mm d-1,1620 (sum of all stages),adult,0.01,"parameter, validation",spawning,function,maintenance _respiration,temperature
Kawaguchi et al. (2006),"modelling growth of antarctic krill. i. growth trends with sex, length, season, and region",hybrid,months,autumn,1993-2003,Indian Sector,dailyGrowthRate50mmAprMale,fittedSplineModel,mm d-1,1620 (sum of all stages),adult,0.01,"parameter, validation",spawning,function,ingestion,photoperiod
Kawaguchi et al. (2006),"modelling growth of antarctic krill. i. growth trends with sex, length, season, and region",hybrid,months,autumn,1993-2003,Indian Sector,dailyGrowthRate50mmAprMale,fittedSplineModel,mm d-1,1620 (sum of all stages),adult,0.01,"parameter, validation",spawning,function,maintenance _respiration,photoperiod
Kawaguchi et al. (2006),"modelling growth of antarctic krill. i. growth trends with sex, length, season, and region",hybrid,months,autumn,1993-2003,Indian Sector,dailyGrowthRate50mmAprMale,fittedSplineModel,mm d-1,1620 (sum of all stages),adult,0.01,"parameter, validation",spawning,function,assimilation,photoperiod
Kawaguchi et al. (2006),"modelling growth of antarctic krill. i. growth trends with sex, length, season, and region",hybrid,months,summer,1993-2003,Indian Sector,dailyGrowthRate50mmDecFemale,fittedSplineModel,mm d-1,1620 (sum of all stages),adult,0.083,"parameter, validation",spawning,function,ingestion,temperature
Kawaguchi et al. (2006),"modelling growth of antarctic krill. i. growth trends with sex, length, season, and region",hybrid,months,summer,1993-2003,Indian Sector,dailyGrowthRate50mmDecFemale,fittedSplineModel,mm d-1,1620 (sum of all stages),adult,0.083,"parameter, validation",spawning,function,assimilation,temperature
Kawaguchi et al. (2006),"modelling growth of antarctic krill. i. growth trends with sex, length, season, and region",hybrid,months,summer,1993-2003,Indian Sector,dailyGrowthRate50mmDecFemale,fittedSplineModel,mm d-1,1620 (sum of all stages),adult,0.083,"parameter, validation",spawning,function,maintenance _respiration,temperature
Kawaguchi et al. (2006),"modelling growth of antarctic krill. i. growth trends with sex, length, season, and region",hybrid,months,summer,1993-2003,Indian Sector,dailyGrowthRate50mmDecFemale,fittedSplineModel,mm d-1,1620 (sum of all stages),adult,0.083,"parameter, validation",spawning,function,ingestion,photoperiod
Kawaguchi et al. (2006),"modelling growth of antarctic krill. i. growth trends with sex, length, season, and region",hybrid,months,summer,1993-2003,Indian Sector,dailyGrowthRate50mmDecFemale,fittedSplineModel,mm d-1,1620 (sum of all stages),adult,0.083,"parameter, validation",spawning,function,maintenance _respiration,photoperiod
Kawaguchi et al. (2006),"modelling growth of antarctic krill. i. growth trends with sex, length, season, and region",hybrid,months,summer,1993-2003,Indian Sector,dailyGrowthRate50mmDecFemale,fittedSplineModel,mm d-1,1620 (sum of all stages),adult,0.083,"parameter, validation",spawning,function,assimilation,photoperiod
Kawaguchi et al. (2006),"modelling growth of antarctic krill. i. growth trends with sex, length, season, and region",hybrid,months,summer,1993-2003,Indian Sector,dailyGrowthRate50mmJanFemale,fittedSplineModel,mm d-1,1620 (sum of all stages),adult,0.015,"parameter, validation",spawning,function,ingestion,temperature
Kawaguchi et al. (2006),"modelling growth of antarctic krill. i. growth trends with sex, length, season, and region",hybrid,months,summer,1993-2003,Indian Sector,dailyGrowthRate50mmJanFemale,fittedSplineModel,mm d-1,1620 (sum of all stages),adult,0.015,"parameter, validation",spawning,function,assimilation,temperature
Kawaguchi et al. (2006),"modelling growth of antarctic krill. i. growth trends with sex, length, season, and region",hybrid,months,summer,1993-2003,Indian Sector,dailyGrowthRate50mmJanFemale,fittedSplineModel,mm d-1,1620 (sum of all stages),adult,0.015,"parameter, validation",spawning,function,maintenance _respiration,temperature
Kawaguchi et al. (2006),"modelling growth of antarctic krill. i. growth trends with sex, length, season, and region",hybrid,months,summer,1993-2003,Indian Sector,dailyGrowthRate50mmJanFemale,fittedSplineModel,mm d-1,1620 (sum of all stages),adult,0.015,"parameter, validation",spawning,function,ingestion,photoperiod
Kawaguchi et al. (2006),"modelling growth of antarctic krill. i. growth trends with sex, length, season, and region",hybrid,months,summer,1993-2003,Indian Sector,dailyGrowthRate50mmJanFemale,fittedSplineModel,mm d-1,1620 (sum of all stages),adult,0.015,"parameter, validation",spawning,function,maintenance _respiration,photoperiod
Kawaguchi et al. (2006),"modelling growth of antarctic krill. i. growth trends with sex, length, season, and region",hybrid,months,summer,1993-2003,Indian Sector,dailyGrowthRate50mmJanFemale,fittedSplineModel,mm d-1,1620 (sum of all stages),adult,0.015,"parameter, validation",spawning,function,assimilation,photoperiod
Kawaguchi et al. (2006),"modelling growth of antarctic krill. i. growth trends with sex, length, season, and region",hybrid,months,summer,1993-2003,Indian Sector,dailyGrowthRate50mmFebFemale,fittedSplineModel,mm d-1,1620 (sum of all stages),adult,0.015,"parameter, validation",spawning,function,ingestion,temperature
Kawaguchi et al. (2006),"modelling growth of antarctic krill. i. growth trends with sex, length, season, and region",hybrid,months,summer,1993-2003,Indian Sector,dailyGrowthRate50mmFebFemale,fittedSplineModel,mm d-1,1620 (sum of all stages),adult,0.015,"parameter, validation",spawning,function,assimilation,temperature
Kawaguchi et al. (2006),"modelling growth of antarctic krill. i. growth trends with sex, length, season, and region",hybrid,months,summer,1993-2003,Indian Sector,dailyGrowthRate50mmFebFemale,fittedSplineModel,mm d-1,1620 (sum of all stages),adult,0.015,"parameter, validation",spawning,function,maintenance _respiration,temperature
Kawaguchi et al. (2006),"modelling growth of antarctic krill. i. growth trends with sex, length, season, and region",hybrid,months,summer,1993-2003,Indian Sector,dailyGrowthRate50mmFebFemale,fittedSplineModel,mm d-1,1620 (sum of all stages),adult,0.015,"parameter, validation",spawning,function,ingestion,photoperiod
Kawaguchi et al. (2006),"modelling growth of antarctic krill. i. growth trends with sex, length, season, and region",hybrid,months,summer,1993-2003,Indian Sector,dailyGrowthRate50mmFebFemale,fittedSplineModel,mm d-1,1620 (sum of all stages),adult,0.015,"parameter, validation",spawning,function,maintenance _respiration,photoperiod
Kawaguchi et al. (2006),"modelling growth of antarctic krill. i. growth trends with sex, length, season, and region",hybrid,months,summer,1993-2003,Indian Sector,dailyGrowthRate50mmFebFemale,fittedSplineModel,mm d-1,1620 (sum of all stages),adult,0.015,"parameter, validation",spawning,function,assimilation,photoperiod
Kawaguchi et al. (2006),"modelling growth of antarctic krill. i. growth trends with sex, length, season, and region",hybrid,months,autumn,1993-2003,Indian Sector,dailyGrowthRate50mmMarFemale,fittedSplineModel,mm d-1,1620 (sum of all stages),adult,-0.006,"parameter, validation",spawning,function,ingestion,temperature
Kawaguchi et al. (2006),"modelling growth of antarctic krill. i. growth trends with sex, length, season, and region",hybrid,months,autumn,1993-2003,Indian Sector,dailyGrowthRate50mmMarFemale,fittedSplineModel,mm d-1,1620 (sum of all stages),adult,-0.006,"parameter, validation",spawning,function,assimilation,temperature
Kawaguchi et al. (2006),"modelling growth of antarctic krill. i. growth trends with sex, length, season, and region",hybrid,months,autumn,1993-2003,Indian Sector,dailyGrowthRate50mmMarFemale,fittedSplineModel,mm d-1,1620 (sum of all stages),adult,-0.006,"parameter, validation",spawning,function,maintenance _respiration,temperature
Kawaguchi et al. (2006),"modelling growth of antarctic krill. i. growth trends with sex, length, season, and region",hybrid,months,autumn,1993-2003,Indian Sector,dailyGrowthRate50mmMarFemale,fittedSplineModel,mm d-1,1620 (sum of all stages),adult,-0.006,"parameter, validation",spawning,function,ingestion,photoperiod
Kawaguchi et al. (2006),"modelling growth of antarctic krill. i. growth trends with sex, length, season, and region",hybrid,months,autumn,1993-2003,Indian Sector,dailyGrowthRate50mmMarFemale,fittedSplineModel,mm d-1,1620 (sum of all stages),adult,-0.006,"parameter, validation",spawning,function,maintenance _respiration,photoperiod
Kawaguchi et al. (2006),"modelling growth of antarctic krill. i. growth trends with sex, length, season, and region",hybrid,months,autumn,1993-2003,Indian Sector,dailyGrowthRate50mmMarFemale,fittedSplineModel,mm d-1,1620 (sum of all stages),adult,-0.006,"parameter, validation",spawning,function,assimilation,photoperiod
Kawaguchi et al. (2006),"modelling growth of antarctic krill. i. growth trends with sex, length, season, and region",hybrid,months,autumn,1993-2003,Indian Sector,dailyGrowthRate50mmAprFemale,fittedSplineModel,mm d-1,1620 (sum of all stages),adult,-0.014,"parameter, validation",spawning,function,ingestion,temperature
Kawaguchi et al. (2006),"modelling growth of antarctic krill. i. growth trends with sex, length, season, and region",hybrid,months,autumn,1993-2003,Indian Sector,dailyGrowthRate50mmAprFemale,fittedSplineModel,mm d-1,1620 (sum of all stages),adult,-0.014,"parameter, validation",spawning,function,assimilation,temperature
Kawaguchi et al. (2006),"modelling growth of antarctic krill. i. growth trends with sex, length, season, and region",hybrid,months,autumn,1993-2003,Indian Sector,dailyGrowthRate50mmAprFemale,fittedSplineModel,mm d-1,1620 (sum of all stages),adult,-0.014,"parameter, validation",spawning,function,maintenance _respiration,temperature
Kawaguchi et al. (2006),"modelling growth of antarctic krill. i. growth trends with sex, length, season, and region",hybrid,months,autumn,1993-2003,Indian Sector,dailyGrowthRate50mmAprFemale,fittedSplineModel,mm d-1,1620 (sum of all stages),adult,-0.014,"parameter, validation",spawning,function,ingestion,photoperiod
Kawaguchi et al. (2006),"modelling growth of antarctic krill. i. growth trends with sex, length, season, and region",hybrid,months,autumn,1993-2003,Indian Sector,dailyGrowthRate50mmAprFemale,fittedSplineModel,mm d-1,1620 (sum of all stages),adult,-0.014,"parameter, validation",spawning,function,maintenance _respiration,photoperiod
Kawaguchi et al. (2006),"modelling growth of antarctic krill. i. growth trends with sex, length, season, and region",hybrid,months,autumn,1993-2003,Indian Sector,dailyGrowthRate50mmAprFemale,fittedSplineModel,mm d-1,1620 (sum of all stages),adult,-0.014,"parameter, validation",spawning,function,assimilation,photoperiod
Schmidt et al. (2014),"Feeding and overwintering of antarctic krill across its major habitats: the role of sea ice cover, water depth, and phytoplankton abundance",hybrid,years,summer,2005,Lazarev Sea,fatty acid 16:4(n-1) (diatom indicating FA),measurement,µg / [mg dry mass],NA,NA,0.05,validation,spawning,state_var,tissue_reserves_lipids,NA
Schmidt et al. (2014),"Feeding and overwintering of antarctic krill across its major habitats: the role of sea ice cover, water depth, and phytoplankton abundance",hybrid,years,summer,2005,Lazarev Sea,fatty acid 16:4(n-1) (diatom indicating FA),measurement,µg / [mg dry mass],NA,NA,0.05,validation,spawning,function,assimilation,fattyacidcompositionfood
Schmidt et al. (2014),"Feeding and overwintering of antarctic krill across its major habitats: the role of sea ice cover, water depth, and phytoplankton abundance",hybrid,years,autumn,2004,Lazarev Sea,fatty acid 16:4(n-1) (diatom indicating FA),measurement,µg / [mg dry mass],NA,NA,0.2,validation,spawning,state_var,tissue_reserves_lipids,NA
Schmidt et al. (2014),"Feeding and overwintering of antarctic krill across its major habitats: the role of sea ice cover, water depth, and phytoplankton abundance",hybrid,years,autumn,2004,Lazarev Sea,fatty acid 16:4(n-1) (diatom indicating FA),measurement,µg / [mg dry mass],NA,NA,0.2,validation,spawning,function,assimilation,fattyacidcompositionfood
Schmidt et al. (2014),"Feeding and overwintering of antarctic krill across its major habitats: the role of sea ice cover, water depth, and phytoplankton abundance",hybrid,years,summer,2002-2006,South Georgia,fatty acid 16:4(n-1) (diatom indicating FA),measurement,µg / [mg dry mass],NA,NA,0.4,validation,spawning,state_var,tissue_reserves_lipids,NA
Schmidt et al. (2014),"Feeding and overwintering of antarctic krill across its major habitats: the role of sea ice cover, water depth, and phytoplankton abundance",hybrid,years,summer,2002-2006,South Georgia,fatty acid 16:4(n-1) (diatom indicating FA),measurement,µg / [mg dry mass],NA,NA,0.4,validation,spawning,function,assimilation,fattyacidcompositionfood
Schmidt et al. (2014),"Feeding and overwintering of antarctic krill across its major habitats: the role of sea ice cover, water depth, and phytoplankton abundance",hybrid,years,autumn,"2004, 2007",South Georgia,fatty acid 16:4(n-1) (diatom indicating FA),measurement,µg / [mg dry mass],NA,NA,0.5,validation,spawning,state_var,tissue_reserves_lipids,NA
Schmidt et al. (2014),"Feeding and overwintering of antarctic krill across its major habitats: the role of sea ice cover, water depth, and phytoplankton abundance",hybrid,years,autumn,"2004, 2007",South Georgia,fatty acid 16:4(n-1) (diatom indicating FA),measurement,µg / [mg dry mass],NA,NA,0.5,validation,spawning,function,assimilation,fattyacidcompositionfood
Schmidt et al. (2014),"Feeding and overwintering of antarctic krill across its major habitats: the role of sea ice cover, water depth, and phytoplankton abundance",hybrid,years,summer,2006,Scotia Sea,fatty acid 16:4(n-1) (diatom indicating FA),measurement,µg / [mg dry mass],NA,NA,0.1,validation,spawning,state_var,tissue_reserves_lipids,NA
Schmidt et al. (2014),"Feeding and overwintering of antarctic krill across its major habitats: the role of sea ice cover, water depth, and phytoplankton abundance",hybrid,years,summer,2006,Scotia Sea,fatty acid 16:4(n-1) (diatom indicating FA),measurement,µg / [mg dry mass],NA,NA,0.1,validation,spawning,function,assimilation,fattyacidcompositionfood
Schmidt et al. (2014),"Feeding and overwintering of antarctic krill across its major habitats: the role of sea ice cover, water depth, and phytoplankton abundance",hybrid,years,summer,2003,Scotia Sea,fatty acid 16:4(n-1) (diatom indicating FA),measurement,µg / [mg dry mass],NA,NA,0.5,validation,spawning,state_var,tissue_reserves_lipids,NA
Schmidt et al. (2014),"Feeding and overwintering of antarctic krill across its major habitats: the role of sea ice cover, water depth, and phytoplankton abundance",hybrid,years,summer,2003,Scotia Sea,fatty acid 16:4(n-1) (diatom indicating FA),measurement,µg / [mg dry mass],NA,NA,0.5,validation,spawning,function,assimilation,fattyacidcompositionfood
Schmidt et al. (2014),"Feeding and overwintering of antarctic krill across its major habitats: the role of sea ice cover, water depth, and phytoplankton abundance",hybrid,years,summer,2005,Lazarev Sea,fatty acid 18:4(n-3) (flagellate indicating FA),measurement,µg / [mg dry mass],NA,NA,0.2,validation,spawning,state_var,tissue_reserves_lipids,NA
Schmidt et al. (2014),"Feeding and overwintering of antarctic krill across its major habitats: the role of sea ice cover, water depth, and phytoplankton abundance",hybrid,years,summer,2005,Lazarev Sea,fatty acid 18:4(n-3) (flagellate indicating FA),measurement,µg / [mg dry mass],NA,NA,0.2,validation,spawning,function,assimilation,fattyacidcompositionfood
Schmidt et al. (2014),"Feeding and overwintering of antarctic krill across its major habitats: the role of sea ice cover, water depth, and phytoplankton abundance",hybrid,years,autumn,2004,Lazarev Sea,fatty acid 18:4(n-3) (flagellate indicating FA),measurement,µg / [mg dry mass],NA,NA,2.2,validation,spawning,state_var,tissue_reserves_lipids,NA
Schmidt et al. (2014),"Feeding and overwintering of antarctic krill across its major habitats: the role of sea ice cover, water depth, and phytoplankton abundance",hybrid,years,autumn,2004,Lazarev Sea,fatty acid 18:4(n-3) (flagellate indicating FA),measurement,µg / [mg dry mass],NA,NA,2.2,validation,spawning,function,assimilation,fattyacidcompositionfood
Schmidt et al. (2014),"Feeding and overwintering of antarctic krill across its major habitats: the role of sea ice cover, water depth, and phytoplankton abundance",hybrid,years,summer,2002-2006,South Georgia,fatty acid 18:4(n-3) (flagellate indicating FA),measurement,µg / [mg dry mass],NA,NA,1.1,validation,spawning,state_var,tissue_reserves_lipids,NA
Schmidt et al. (2014),"Feeding and overwintering of antarctic krill across its major habitats: the role of sea ice cover, water depth, and phytoplankton abundance",hybrid,years,summer,2002-2006,South Georgia,fatty acid 18:4(n-3) (flagellate indicating FA),measurement,µg / [mg dry mass],NA,NA,1.1,validation,spawning,function,assimilation,fattyacidcompositionfood
Schmidt et al. (2014),"Feeding and overwintering of antarctic krill across its major habitats: the role of sea ice cover, water depth, and phytoplankton abundance",hybrid,years,autumn,"2004, 2007",South Georgia,fatty acid 18:4(n-3) (flagellate indicating FA),measurement,µg / [mg dry mass],NA,NA,1.7,validation,spawning,state_var,tissue_reserves_lipids,NA
Schmidt et al. (2014),"Feeding and overwintering of antarctic krill across its major habitats: the role of sea ice cover, water depth, and phytoplankton abundance",hybrid,years,autumn,"2004, 2007",South Georgia,fatty acid 18:4(n-3) (flagellate indicating FA),measurement,µg / [mg dry mass],NA,NA,1.7,validation,spawning,function,assimilation,fattyacidcompositionfood
Schmidt et al. (2014),"Feeding and overwintering of antarctic krill across its major habitats: the role of sea ice cover, water depth, and phytoplankton abundance",hybrid,years,summer,2006,Scotia Sea,fatty acid 18:4(n-3) (flagellate indicating FA),measurement,µg / [mg dry mass],NA,NA,0.5,validation,spawning,state_var,tissue_reserves_lipids,NA
Schmidt et al. (2014),"Feeding and overwintering of antarctic krill across its major habitats: the role of sea ice cover, water depth, and phytoplankton abundance",hybrid,years,summer,2006,Scotia Sea,fatty acid 18:4(n-3) (flagellate indicating FA),measurement,µg / [mg dry mass],NA,NA,0.5,validation,spawning,function,assimilation,fattyacidcompositionfood
Schmidt et al. (2014),"Feeding and overwintering of antarctic krill across its major habitats: the role of sea ice cover, water depth, and phytoplankton abundance",hybrid,years,summer,2003,Scotia Sea,fatty acid 18:4(n-3) (flagellate indicating FA),measurement,µg / [mg dry mass],NA,NA,2.2,validation,spawning,state_var,tissue_reserves_lipids,NA
Schmidt et al. (2014),"Feeding and overwintering of antarctic krill across its major habitats: the role of sea ice cover, water depth, and phytoplankton abundance",hybrid,years,summer,2003,Scotia Sea,fatty acid 18:4(n-3) (flagellate indicating FA),measurement,µg / [mg dry mass],NA,NA,2.2,validation,spawning,function,assimilation,fattyacidcompositionfood
Schmidt et al. (2014),"Feeding and overwintering of antarctic krill across its major habitats: the role of sea ice cover, water depth, and phytoplankton abundance",hybrid,years,summer,2005,Lazarev Sea,fatty acid 20:1+22:1 isomers (copepod indicating FA),measurement,µg / [mg dry mass],NA,NA,0.2,validation,spawning,state_var,tissue_reserves_lipids,NA
Schmidt et al. (2014),"Feeding and overwintering of antarctic krill across its major habitats: the role of sea ice cover, water depth, and phytoplankton abundance",hybrid,years,summer,2005,Lazarev Sea,fatty acid 20:1+22:1 isomers (copepod indicating FA),measurement,µg / [mg dry mass],NA,NA,0.2,validation,spawning,function,assimilation,POC
Schmidt et al. (2014),"Feeding and overwintering of antarctic krill across its major habitats: the role of sea ice cover, water depth, and phytoplankton abundance",hybrid,years,autumn,2004,Lazarev Sea,fatty acid 20:1+22:1 isomers (copepod indicating FA),measurement,µg / [mg dry mass],NA,NA,1.4,validation,spawning,state_var,tissue_reserves_lipids,NA
Schmidt et al. (2014),"Feeding and overwintering of antarctic krill across its major habitats: the role of sea ice cover, water depth, and phytoplankton abundance",hybrid,years,autumn,2004,Lazarev Sea,fatty acid 20:1+22:1 isomers (copepod indicating FA),measurement,µg / [mg dry mass],NA,NA,1.4,validation,spawning,function,assimilation,POC
Schmidt et al. (2014),"Feeding and overwintering of antarctic krill across its major habitats: the role of sea ice cover, water depth, and phytoplankton abundance",hybrid,years,summer,2002-2006,South Georgia,fatty acid 20:1+22:1 isomers (copepod indicating FA),measurement,µg / [mg dry mass],NA,NA,1.3,validation,spawning,state_var,tissue_reserves_lipids,NA
Schmidt et al. (2014),"Feeding and overwintering of antarctic krill across its major habitats: the role of sea ice cover, water depth, and phytoplankton abundance",hybrid,years,summer,2002-2006,South Georgia,fatty acid 20:1+22:1 isomers (copepod indicating FA),measurement,µg / [mg dry mass],NA,NA,1.3,validation,spawning,function,assimilation,POC
Schmidt et al. (2014),"Feeding and overwintering of antarctic krill across its major habitats: the role of sea ice cover, water depth, and phytoplankton abundance",hybrid,years,autumn,"2004, 2007",South Georgia,fatty acid 20:1+22:1 isomers (copepod indicating FA),measurement,µg / [mg dry mass],NA,NA,1.2,validation,spawning,state_var,tissue_reserves_lipids,NA
Schmidt et al. (2014),"Feeding and overwintering of antarctic krill across its major habitats: the role of sea ice cover, water depth, and phytoplankton abundance",hybrid,years,autumn,"2004, 2007",South Georgia,fatty acid 20:1+22:1 isomers (copepod indicating FA),measurement,µg / [mg dry mass],NA,NA,1.2,validation,spawning,function,assimilation,POC
Schmidt et al. (2014),"Feeding and overwintering of antarctic krill across its major habitats: the role of sea ice cover, water depth, and phytoplankton abundance",hybrid,years,summer,2006,Scotia Sea,fatty acid 20:1+22:1 isomers (copepod indicating FA),measurement,µg / [mg dry mass],NA,NA,0.4,validation,spawning,state_var,tissue_reserves_lipids,NA
Schmidt et al. (2014),"Feeding and overwintering of antarctic krill across its major habitats: the role of sea ice cover, water depth, and phytoplankton abundance",hybrid,years,summer,2006,Scotia Sea,fatty acid 20:1+22:1 isomers (copepod indicating FA),measurement,µg / [mg dry mass],NA,NA,0.4,validation,spawning,function,assimilation,POC
Schmidt et al. (2014),"Feeding and overwintering of antarctic krill across its major habitats: the role of sea ice cover, water depth, and phytoplankton abundance",hybrid,years,summer,2003,Scotia Sea,fatty acid 20:1+22:1 isomers (copepod indicating FA),measurement,µg / [mg dry mass],NA,NA,1.2,validation,spawning,state_var,tissue_reserves_lipids,NA
Schmidt et al. (2014),"Feeding and overwintering of antarctic krill across its major habitats: the role of sea ice cover, water depth, and phytoplankton abundance",hybrid,years,summer,2003,Scotia Sea,fatty acid 20:1+22:1 isomers (copepod indicating FA),measurement,µg / [mg dry mass],NA,NA,1.2,validation,spawning,function,assimilation,POC
Schmidt et al. (2014),"Feeding and overwintering of antarctic krill across its major habitats: the role of sea ice cover, water depth, and phytoplankton abundance",hybrid,years,summer,2005,Lazarev Sea,polyunsaturated fatty acids,measurement,µg / [mg dry mass],NA,NA,7.7,"parameter, validation",spawning,state_var,tissue_reserves_lipids,NA
Schmidt et al. (2014),"Feeding and overwintering of antarctic krill across its major habitats: the role of sea ice cover, water depth, and phytoplankton abundance",hybrid,years,autumn,2004,Lazarev Sea,polyunsaturated fatty acids,measurement,µg / [mg dry mass],NA,NA,25.6,"parameter, validation",spawning,state_var,tissue_reserves_lipids,NA
Schmidt et al. (2014),"Feeding and overwintering of antarctic krill across its major habitats: the role of sea ice cover, water depth, and phytoplankton abundance",hybrid,years,summer,2002-2006,South Georgia,polyunsaturated fatty acids,measurement,µg / [mg dry mass],NA,NA,20.5,"parameter, validation",spawning,state_var,tissue_reserves_lipids,NA
Schmidt et al. (2014),"Feeding and overwintering of antarctic krill across its major habitats: the role of sea ice cover, water depth, and phytoplankton abundance",hybrid,years,autumn,"2004, 2007",South Georgia,polyunsaturated fatty acids,measurement,µg / [mg dry mass],NA,NA,23.4,"parameter, validation",spawning,state_var,tissue_reserves_lipids,NA
Schmidt et al. (2014),"Feeding and overwintering of antarctic krill across its major habitats: the role of sea ice cover, water depth, and phytoplankton abundance",hybrid,years,summer,2006,Scotia Sea,polyunsaturated fatty acids,measurement,µg / [mg dry mass],NA,NA,13.5,"parameter, validation",spawning,state_var,tissue_reserves_lipids,NA
Schmidt et al. (2014),"Feeding and overwintering of antarctic krill across its major habitats: the role of sea ice cover, water depth, and phytoplankton abundance",hybrid,years,summer,2003,Scotia Sea,polyunsaturated fatty acids,measurement,µg / [mg dry mass],NA,NA,18.4,"parameter, validation",spawning,state_var,tissue_reserves_lipids,NA
Schmidt et al. (2014),"Feeding and overwintering of antarctic krill across its major habitats: the role of sea ice cover, water depth, and phytoplankton abundance",hybrid,years,summer,NA,Lazarev Sea,algae in krill stomach,measurement,%,30,NA,75,correlation,spawning,function,assimilation,chlorophyll
Schmidt et al. (2014),"Feeding and overwintering of antarctic krill across its major habitats: the role of sea ice cover, water depth, and phytoplankton abundance",hybrid,years,summer,NA,Lazarev Sea,algae in krill stomach,measurement,%,30,NA,75,correlation,spawning,function,ingestion,chlorophyll
Schmidt et al. (2014),"Feeding and overwintering of antarctic krill across its major habitats: the role of sea ice cover, water depth, and phytoplankton abundance",hybrid,years,summer,NA,South Georgia,algae in krill stomach,measurement,%,144,NA,64,correlation,spawning,function,assimilation,chlorophyll
Schmidt et al. (2014),"Feeding and overwintering of antarctic krill across its major habitats: the role of sea ice cover, water depth, and phytoplankton abundance",hybrid,years,summer,NA,South Georgia,algae in krill stomach,measurement,%,144,NA,64,correlation,spawning,function,ingestion,chlorophyll
Schmidt et al. (2014),"Feeding and overwintering of antarctic krill across its major habitats: the role of sea ice cover, water depth, and phytoplankton abundance",hybrid,years,summer,NA,Scotia Sea,algae in krill stomach,measurement,%,48,NA,84,correlation,spawning,function,assimilation,chlorophyll
Schmidt et al. (2014),"Feeding and overwintering of antarctic krill across its major habitats: the role of sea ice cover, water depth, and phytoplankton abundance",hybrid,years,summer,NA,Scotia Sea,algae in krill stomach,measurement,%,48,NA,84,correlation,spawning,function,ingestion,chlorophyll
Schmidt et al. (2014),"Feeding and overwintering of antarctic krill across its major habitats: the role of sea ice cover, water depth, and phytoplankton abundance",hybrid,years,summer,NA,Lazarev Sea,protozoan in krill stomach,measurement,%,30,NA,11,correlation,spawning,function,ingestion,POC
Schmidt et al. (2014),"Feeding and overwintering of antarctic krill across its major habitats: the role of sea ice cover, water depth, and phytoplankton abundance",hybrid,years,summer,NA,Lazarev Sea,protozoan in krill stomach,measurement,%,30,NA,11,correlation,spawning,function,assimilation,POC
Schmidt et al. (2014),"Feeding and overwintering of antarctic krill across its major habitats: the role of sea ice cover, water depth, and phytoplankton abundance",hybrid,years,summer,NA,South Georgia,protozoan in krill stomach,measurement,%,144,NA,88,correlation,spawning,function,ingestion,POC
Schmidt et al. (2014),"Feeding and overwintering of antarctic krill across its major habitats: the role of sea ice cover, water depth, and phytoplankton abundance",hybrid,years,summer,NA,South Georgia,protozoan in krill stomach,measurement,%,144,NA,88,correlation,spawning,function,assimilation,POC
Schmidt et al. (2014),"Feeding and overwintering of antarctic krill across its major habitats: the role of sea ice cover, water depth, and phytoplankton abundance",hybrid,years,summer,NA,Scotia Sea,protozoan in krill stomach,measurement,%,48,NA,13,correlation,spawning,function,ingestion,POC
Schmidt et al. (2014),"Feeding and overwintering of antarctic krill across its major habitats: the role of sea ice cover, water depth, and phytoplankton abundance",hybrid,years,summer,NA,Scotia Sea,protozoan in krill stomach,measurement,%,48,NA,13,correlation,spawning,function,assimilation,POC
Schmidt et al. (2014),"Feeding and overwintering of antarctic krill across its major habitats: the role of sea ice cover, water depth, and phytoplankton abundance",hybrid,years,summer,NA,Lazarev Sea,metazoan in krill stomach,measurement,%,30,NA,14,correlation,spawning,function,ingestion,POC
Schmidt et al. (2014),"Feeding and overwintering of antarctic krill across its major habitats: the role of sea ice cover, water depth, and phytoplankton abundance",hybrid,years,summer,NA,Lazarev Sea,metazoan in krill stomach,measurement,%,30,NA,14,correlation,spawning,function,assimilation,POC
Schmidt et al. (2014),"Feeding and overwintering of antarctic krill across its major habitats: the role of sea ice cover, water depth, and phytoplankton abundance",hybrid,years,summer,NA,South Georgia,metazoan in krill stomach,measurement,%,144,NA,14,correlation,spawning,function,ingestion,POC
Schmidt et al. (2014),"Feeding and overwintering of antarctic krill across its major habitats: the role of sea ice cover, water depth, and phytoplankton abundance",hybrid,years,summer,NA,South Georgia,metazoan in krill stomach,measurement,%,144,NA,14,correlation,spawning,function,assimilation,POC
Schmidt et al. (2014),"Feeding and overwintering of antarctic krill across its major habitats: the role of sea ice cover, water depth, and phytoplankton abundance",hybrid,years,summer,NA,Scotia Sea,metazoan in krill stomach,measurement,%,48,NA,3,correlation,spawning,function,ingestion,POC
Schmidt et al. (2014),"Feeding and overwintering of antarctic krill across its major habitats: the role of sea ice cover, water depth, and phytoplankton abundance",hybrid,years,summer,NA,Scotia Sea,metazoan in krill stomach,measurement,%,48,NA,3,correlation,spawning,function,assimilation,POC
Jager & Ravagnan (2015),Parameterising a generic model for the dynamic energy budget of antarctic krill euphausia superba,model,days,NA,NA,NA,yield of assimilates on food (carbon based),literature,mg C mg^-1 C,NA,adult,0.8,parameter,spawning,function,assimilation,POC
Walsh et al. (2020),flexibility in antarctic krill euphausia superba decouples diet and recruitment from overwinter sea-ice conditions in the northern antarctic peninsula,observation,years,spring,2013-2016,Antarctic Peninsula,Mean post-larvae percent lipid 2013,Pooled samples for lipid and fatty acid analysis,percent,30,adult,22.5,"parameter, validation",spawning,state_var,tissue_reserves_lipids,NA
Walsh et al. (2020),flexibility in antarctic krill euphausia superba decouples diet and recruitment from overwinter sea-ice conditions in the northern antarctic peninsula,observation,years,spring,2013-2016,Antarctic Peninsula,Mean post-larvae percent lipid 2014,Pooled samples for lipid and fatty acid analysis,percent,21,adult,14.8,"parameter, validation",spawning,state_var,tissue_reserves_lipids,NA
Walsh et al. (2020),flexibility in antarctic krill euphausia superba decouples diet and recruitment from overwinter sea-ice conditions in the northern antarctic peninsula,observation,years,spring,2013-2016,Antarctic Peninsula,Mean post-larvae percent lipid 2015,Pooled samples for lipid and fatty acid analysis,percent,23,adult,24.7,"parameter, validation",spawning,state_var,tissue_reserves_lipids,NA
Walsh et al. (2020),flexibility in antarctic krill euphausia superba decouples diet and recruitment from overwinter sea-ice conditions in the northern antarctic peninsula,observation,years,spring,2013-2016,Antarctic Peninsula,Mean post-larvae percent lipid 2016,Pooled samples for lipid and fatty acid analysis,percent,25,adult,27.1,"parameter, validation",spawning,state_var,tissue_reserves_lipids,NA
Jager & Ravagnan (2015),Parameterising a generic model for the dynamic energy budget of antarctic krill euphausia superba,model,days,NA,NA,NA,yield of structure on assimilates,literature,mg mg-1,NA,adult,0.8,parameter,spawning,function,assimilation,POC
Jager & Ravagnan (2015),Parameterising a generic model for the dynamic energy budget of antarctic krill euphausia superba,model,days,NA,NA,NA,yield of assimilates on structure (starvation),literature,mg mg-1,NA,adult,0.8,parameter,spawning,function,assimilation,POC
Jager & Ravagnan (2015),Parameterising a generic model for the dynamic energy budget of antarctic krill euphausia superba,model,days,NA,NA,NA,yield of storage buffer on assimilates,literature,mg mg-1,NA,adult,0.95,parameter,spawning,function,assimilation,POC
Jager & Ravagnan (2015),Parameterising a generic model for the dynamic energy budget of antarctic krill euphausia superba,model,days,NA,NA,NA,maximum area-specific assimilation flux,"growth curve, literature",mg mm−2 d−1,NA,adult,0.044,"parameter, validation",spawning,function,assimilation,POC
Meyer et al. (2002),"seasonal differences in citrate synthase and digestive enzyme activity in larval and postlarval antarctic krill, euphausia superba",observation,months,summer,2000,Lazarev Sea,Respiration carbon loss,Net sampling,% body C d-3,7,adult,1.5,parameter,spawning,function,maintenance _respiration,temperature
Meyer et al. (2002),"seasonal differences in citrate synthase and digestive enzyme activity in larval and postlarval antarctic krill, euphausia superba",observation,months,autumn,1999,Lazarev Sea,Respiration carbon loss,Net sampling,% body C d-5,5,adult,0.5,parameter,spawning,function,maintenance _respiration,temperature
Meyer et al. (2002),"seasonal differences in citrate synthase and digestive enzyme activity in larval and postlarval antarctic krill, euphausia superba",observation,months,summer,2000,Lazarev Sea,Respiration rate,Net sampling,uL O2 mg-1 DM h-1,7,adult,0.58,parameter,spawning,function,maintenance _respiration,temperature
Meyer et al. (2002),"seasonal differences in citrate synthase and digestive enzyme activity in larval and postlarval antarctic krill, euphausia superba",observation,months,autumn,1999,Lazarev Sea,Respiration rate,Net sampling,uL O2 mg-1 DM h-1,5,adult,0.2,parameter,spawning,function,maintenance _respiration,temperature
Schmidt et al. (2006),"protozoans as a food source for antarctic krill, euphausia superba: complementary insights from stomach content, fatty acids, and stable isotopes",observation,months,summer,2003,Scotia Sea,Mean percent lipid in muscle Station 1,Measurement,percent dry mass,5,adult,13.62,"parameter, validation",spawning,state_var,tissue_reserves_lipids,NA
Schmidt et al. (2006),"protozoans as a food source for antarctic krill, euphausia superba: complementary insights from stomach content, fatty acids, and stable isotopes",observation,months,summer,2003,Scotia Sea,Mean percent lipid in muscle Station 2,Measurement,percent dry mass,8,adult,14.8,"parameter, validation",spawning,state_var,tissue_reserves_lipids,NA
Schmidt et al. (2006),"protozoans as a food source for antarctic krill, euphausia superba: complementary insights from stomach content, fatty acids, and stable isotopes",observation,months,summer,2003,Scotia Sea,Mean percent lipid in muscle Station 3,Measurement,percent dry mass,4,adult,8.4,"parameter, validation",spawning,state_var,tissue_reserves_lipids,NA
Schmidt et al. (2006),"protozoans as a food source for antarctic krill, euphausia superba: complementary insights from stomach content, fatty acids, and stable isotopes",observation,months,summer,2003,Scotia Sea,Mean percent lipid in muscle Station 4,Measurement,percent dry mass,3,adult,5.5,"parameter, validation",spawning,state_var,tissue_reserves_lipids,NA
Schmidt et al. (2006),"protozoans as a food source for antarctic krill, euphausia superba: complementary insights from stomach content, fatty acids, and stable isotopes",observation,months,summer,2003,Scotia Sea,Mean percent lipid in muscle Station 5,Measurement,percent dry mass,2,adult,6.35,"parameter, validation",spawning,state_var,tissue_reserves_lipids,NA
Ryabov et al. (2017),competition-induced starvation drives large-scale population cycles in antarctic krill,hybrid,years,summer,1993-2013,Western Antarctic Peninsula,Reproductive age,bioenergetic model,years,NA,NA,2,"parameter, validation",spawning,state_var,gonads_development,NA
Ryabov et al. (2017),competition-induced starvation drives large-scale population cycles in antarctic krill,hybrid,years,summer,1993-2013,Western Antarctic Peninsula,Minimal length for reproduction,bioenergetic model,mm,NA,NA,35,"parameter, validation",spawning,state_var,gonads_development,NA
Ryabov et al. (2017),competition-induced starvation drives large-scale population cycles in antarctic krill,hybrid,years,summer,1993-2013,Western Antarctic Peninsula,Length at which 50% of female reproduce,observation,mm,NA,NA,43,"parameter, validation",spawning,state_var,gonads_development,NA
Ryabov et al. (2017),competition-induced starvation drives large-scale population cycles in antarctic krill,hybrid,years,summer,1993-2013,Western Antarctic Peninsula,Half-saturation constant for growth rate and ingestion rage,observation,mg C/m3,NA,NA,25,parameter,spawning,function,ingestion,POC
Ryabov et al. (2017),competition-induced starvation drives large-scale population cycles in antarctic krill,hybrid,years,summer,1993-2013,Western Antarctic Peninsula,Maximal ingestion rate,observation,(% body C/d-1),NA,NA,10,parameter,spawning,function,ingestion,POC
Ryabov et al. (2017),competition-induced starvation drives large-scale population cycles in antarctic krill,hybrid,years,summer,1993-2013,Western Antarctic Peninsula,Assimilation efficiency of consumed carbon into dry weight,observation,"mg DW /mg consumed C
Assimilation",NA,NA,1.04,parameter,spawning,function,assimilation,POC
Steinke et al. (2021),Environmental drivers of the physiological condition of mature female Antarctic krill during the spawning season: Implications for recruitment,hybrid,years,summer,1993-2008,Western Antarctic Peninsula,average egg batch size for females,measurement,number of eggs,NA,adult,3890,"parameter, validation",spawning,state_var,gonads_size,NA
O'Brien et al. (2011),aspects of krill growth and condition during late winter-early spring off east antarctica (110-130 degrees),observation,days,spring,2007,East Antarctica,total lipid,measurement,µg/sample,NA,adult,62.8-238.3,"parameter, validation",spawning,state_var,tissue_reserves_lipids,NA
O'Brien et al. (2011),aspects of krill growth and condition during late winter-early spring off east antarctica (110-130 degrees),observation,days,spring,2007,East Antarctica,saturated fatty acids,measurement,% of total fatty acids,NA,adult,38.1-77.2,"parameter, validation",spawning,state_var,tissue_reserves_lipids,NA
O'Brien et al. (2011),aspects of krill growth and condition during late winter-early spring off east antarctica (110-130 degrees),observation,days,spring,2007,East Antarctica,monounsaturated fatty acids,measurement,% of total fatty acids,NA,adult,12.6-52.5,"parameter, validation",spawning,state_var,tissue_reserves_lipids,NA
O'Brien et al. (2011),aspects of krill growth and condition during late winter-early spring off east antarctica (110-130 degrees),observation,days,spring,2007,East Antarctica,poly unsaturated fatty acids,measurement,% of total fatty acids,NA,adult,6-32,"parameter, validation",spawning,state_var,tissue_reserves_lipids,NA
Jager & Ravagnan (2015),Parameterising a generic model for the dynamic energy budget of antarctic krill euphausia superba,model,days,NA,NA,NA,volume-specific somatic maintenance flux,"growth curve, literature",mg mm−3 d−1,NA,adult,0.0032,"parameter, validation",spawning,function,assimilation,POC
"Groeneveld, J. et al. (2015)",how biological clocks and changing environmental conditions determine local population growth and species distribution in antarctic krill (euphausia superba): a conceptual model,model,years,NA,NA,NA,maximumBodyLength,mechanistic model,mm,NA,adults,70,parameter,spawning,state_var,tissue_reserves_carbs,NA
"Groeneveld, J. et al. (2015)",how biological clocks and changing environmental conditions determine local population growth and species distribution in antarctic krill (euphausia superba): a conceptual model,model,years,NA,NA,NA,maximumBodyLength,mechanistic model,mm,NA,adults,70,parameter,spawning,state_var,tissue_reserves_proteins,NA
"Groeneveld, J. et al. (2015)",how biological clocks and changing environmental conditions determine local population growth and species distribution in antarctic krill (euphausia superba): a conceptual model,model,years,NA,NA,NA,maximumBodyLength,mechanistic model,mm,NA,adults,70,parameter,spawning,state_var,tissue_reserves_lipids,NA
"Groeneveld, J. et al. (2015)",how biological clocks and changing environmental conditions determine local population growth and species distribution in antarctic krill (euphausia superba): a conceptual model,model,years,NA,NA,NA,minimumBodyLengthAdults,mechanistic model,mm,NA,adults,30,parameter,spawning,state_var,gonads_development,NA
"Groeneveld, J. et al. (2015)",how biological clocks and changing environmental conditions determine local population growth and species distribution in antarctic krill (euphausia superba): a conceptual model,model,years,NA,NA,NA,spawningThreshold,mechanistic model,NA,NA,adults,0.1,parameter,spawning,state_var,gonads_development,NA
"Groeneveld, J. et al. (2015)",how biological clocks and changing environmental conditions determine local population growth and species distribution in antarctic krill (euphausia superba): a conceptual model,model,years,NA,NA,NA,spawningThreshold,mechanistic model,NA,NA,adults,0.1,parameter,spawning,function,spawning,chlorophyll
Kohlbach et al. (2017),ice algae-produced carbon is critical for overwintering of antarctic krill euphausia superba,hybrid,days,spring,2013,Weddell-Scotia Confluence Zone,bulk carbon stable isotope composition,measurement,δ 13C,20,larvae,-24.8,"parameter, validation",spawning,state_var,tissue_reserves_carbs,NA
"nicol s., kitchener j., king r., hosie g., de la mare w.k. (2000)",population structure and condition of antarctic krill (euphausia superba) off east antarctica (80-150 °e) during the austral summer of 1995/1996,observation,months,"summer, autumn",1995-1996,Indian Sector of the SO,instantaneous growth rate,measurement,% body length per moult,22,krill males,4.3,parameter,spawning,state_var,tissue_reserves_carbs,NA
"nicol s., kitchener j., king r., hosie g., de la mare w.k. (2000)",population structure and condition of antarctic krill (euphausia superba) off east antarctica (80-150 °e) during the austral summer of 1995/1996,observation,months,"summer, autumn",1995-1996,Indian Sector of the SO,instantaneous growth rate,measurement,% body length per moult,22,krill males,4.3,parameter,spawning,state_var,tissue_reserves_proteins,NA
"nicol s., kitchener j., king r., hosie g., de la mare w.k. (2000)",population structure and condition of antarctic krill (euphausia superba) off east antarctica (80-150 °e) during the austral summer of 1995/1996,observation,months,"summer, autumn",1995-1996,Indian Sector of the SO,instantaneous growth rate,measurement,% body length per moult,22,krill males,4.3,parameter,spawning,state_var,tissue_reserves_lipids,NA
"nicol s., kitchener j., king r., hosie g., de la mare w.k. (2000)",population structure and condition of antarctic krill (euphausia superba) off east antarctica (80-150 °e) during the austral summer of 1995/1996,observation,months,"summer, autumn",1995-1996,Indian Sector of the SO,instantaneous growth rate,measurement,% body length per moult,22,krill females,2.2,parameter,spawning,state_var,tissue_reserves_carbs,NA
"nicol s., kitchener j., king r., hosie g., de la mare w.k. (2000)",population structure and condition of antarctic krill (euphausia superba) off east antarctica (80-150 °e) during the austral summer of 1995/1996,observation,months,"summer, autumn",1995-1996,Indian Sector of the SO,instantaneous growth rate,measurement,% body length per moult,22,krill females,2.2,parameter,spawning,state_var,tissue_reserves_proteins,NA
"nicol s., kitchener j., king r., hosie g., de la mare w.k. (2000)",population structure and condition of antarctic krill (euphausia superba) off east antarctica (80-150 °e) during the austral summer of 1995/1996,observation,months,"summer, autumn",1995-1996,Indian Sector of the SO,instantaneous growth rate,measurement,% body length per moult,22,krill females,2.2,parameter,spawning,state_var,tissue_reserves_lipids,NA
"Hofmann, E. F. and Lascara, C. M. (2000)",modeling the growth dynamics of antarctic krill euphausia superba,model,years,"summer, autumn, winter, spring",NA,Antarctic Peninsula,lengthToWetWeightWW0,reference,mm mgWW-1,500,adults,0.0016,"parameter, validation",spawning,state_var,tissue_reserves_carbs,NA
"Hofmann, E. F. and Lascara, C. M. (2000)",modeling the growth dynamics of antarctic krill euphausia superba,model,years,"summer, autumn, winter, spring",NA,Antarctic Peninsula,lengthToWetWeightWW0,reference,mm mgWW-1,500,adults,0.0016,"parameter, validation",spawning,state_var,tissue_reserves_proteins,NA
"Hofmann, E. F. and Lascara, C. M. (2000)",modeling the growth dynamics of antarctic krill euphausia superba,model,years,"summer, autumn, winter, spring",NA,Antarctic Peninsula,lengthToWetWeightWW0,reference,mm mgWW-1,500,adults,0.0016,"parameter, validation",spawning,state_var,tissue_reserves_lipids,NA
"Hofmann, E. F. and Lascara, C. M. (2000)",modeling the growth dynamics of antarctic krill euphausia superba,model,years,"summer, autumn, winter, spring",NA,Antarctic Peninsula,lengthToWetWeightLExponent,reference,NA,500,adults,3.423,"parameter, validation",spawning,state_var,tissue_reserves_carbs,NA
"Hofmann, E. F. and Lascara, C. M. (2000)",modeling the growth dynamics of antarctic krill euphausia superba,model,years,"summer, autumn, winter, spring",NA,Antarctic Peninsula,lengthToWetWeightLExponent,reference,NA,500,adults,3.423,"parameter, validation",spawning,state_var,tissue_reserves_proteins,NA
"Hofmann, E. F. and Lascara, C. M. (2000)",modeling the growth dynamics of antarctic krill euphausia superba,model,years,"summer, autumn, winter, spring",NA,Antarctic Peninsula,lengthToWetWeightLExponent,reference,NA,500,adults,3.423,"parameter, validation",spawning,state_var,tissue_reserves_lipids,NA
"Hofmann, E. F. and Lascara, C. M. (2000)",modeling the growth dynamics of antarctic krill euphausia superba,model,years,"summer, autumn, winter, spring",NA,Antarctic Peninsula,dryWeightToFiltrationRateFR0,reference,m3 d-1 mgDW-1,8,"juveniles, adults",0.00343,"parameter, validation",spawning,function,ingestion,temperature
"Hofmann, E. F. and Lascara, C. M. (2000)",modeling the growth dynamics of antarctic krill euphausia superba,model,years,"summer, autumn, winter, spring",NA,Antarctic Peninsula,dryWeightToFiltrationRateExponent,reference,NA,8,"juveniles, adults",0.514,"parameter, validation",spawning,function,ingestion,temperature
Tarling et al. (2009),egg-release behaviour in antarctic krill,observation,days,summer,2005,South Georgia,overy length at start of spawning,experimental observation,mm,1,adult,26.8,"parameter, validation",spawning,state_var,gonads_size,NA
Tarling et al. (2009),egg-release behaviour in antarctic krill,observation,days,summer,2005,South Georgia,ovary length at end of spawning,experimental observation,mm,1,adult,12.9,"parameter, validation",spawning,state_var,gonads_size,NA
Tarling et al. (2009),egg-release behaviour in antarctic krill,observation,days,summer,2005,South Georgia,% reduction in ovary length during spawning,experimental observation,%,1,adult,52,"parameter, validation",spawning,state_var,gonads_size,NA
Tarling et al. (2009),egg-release behaviour in antarctic krill,observation,days,summer,2005,South Georgia,ovary height at start of spawning,experimental observation,mm,1,adult,10.7,"parameter, validation",spawning,state_var,gonads_size,NA
Tarling et al. (2009),egg-release behaviour in antarctic krill,observation,days,summer,2005,South Georgia,ovary height at end of spawning,experimental observation,mm,1,adult,7.5,"parameter, validation",spawning,state_var,gonads_size,NA
Tarling et al. (2009),egg-release behaviour in antarctic krill,observation,days,summer,2005,South Georgia,% reduction in ovary height during spawning,experimental observation,%,1,adult,30,"parameter, validation",spawning,state_var,gonads_size,NA
Tarling et al. (2009),egg-release behaviour in antarctic krill,observation,days,summer,2005,South Georgia,number of eggs released during spawning,experimental observation,number,1,adult,2344,"parameter, validation",spawning,state_var,gonads_size,NA
Tarling et al. (2009),egg-release behaviour in antarctic krill,observation,days,summer,2005,South Georgia,% eggs released in batches of 1,experimental observation,%,1,adult,86,"parameter, validation",spawning,state_var,gonads_size,NA
Tarling et al. (2009),egg-release behaviour in antarctic krill,observation,days,summer,2005,South Georgia,% eggs released in batches of 2,experimental observation,%,1,adult,11,"parameter, validation",spawning,state_var,gonads_size,NA
Tarling et al. (2009),egg-release behaviour in antarctic krill,observation,days,summer,2005,South Georgia,% eggs released in batches of 3,experimental observation,%,1,adult,3,"parameter, validation",spawning,state_var,gonads_size,NA
Tarling et al. (2009),egg-release behaviour in antarctic krill,observation,days,summer,2005,South Georgia,% eggs released in batches of 4,experimental observation,%,1,adult,0,"parameter, validation",spawning,state_var,gonads_size,NA
Tarling et al. (2009),egg-release behaviour in antarctic krill,observation,days,summer,2005,South Georgia,overy length at start of spawning,experimental observation,mm,1,adult,29.3,"parameter, validation",spawning,state_var,gonads_size,NA
Tarling et al. (2009),egg-release behaviour in antarctic krill,observation,days,summer,2005,South Georgia,ovary length at end of spawning,experimental observation,mm,1,adult,12.8,"parameter, validation",spawning,state_var,gonads_size,NA
Tarling et al. (2009),egg-release behaviour in antarctic krill,observation,days,summer,2005,South Georgia,% reduction in ovary length during spawning,experimental observation,%,1,adult,54,"parameter, validation",spawning,state_var,gonads_size,NA
Tarling et al. (2009),egg-release behaviour in antarctic krill,observation,days,summer,2005,South Georgia,ovary height at start of spawning,experimental observation,mm,1,adult,13.3,"parameter, validation",spawning,state_var,gonads_size,NA
Tarling et al. (2009),egg-release behaviour in antarctic krill,observation,days,summer,2005,South Georgia,ovary height at end of spawning,experimental observation,mm,1,adult,7.5,"parameter, validation",spawning,state_var,gonads_size,NA
Tarling et al. (2009),egg-release behaviour in antarctic krill,observation,days,summer,2005,South Georgia,% reduction in ovary height during spawning,experimental observation,%,1,adult,41,"parameter, validation",spawning,state_var,gonads_size,NA
Tarling et al. (2009),egg-release behaviour in antarctic krill,observation,days,summer,2005,South Georgia,number of eggs released during spawning,experimental observation,number,1,adult,4049,"parameter, validation",spawning,state_var,gonads_size,NA
Tarling et al. (2009),egg-release behaviour in antarctic krill,observation,days,summer,2005,South Georgia,% eggs released in batches of 1,experimental observation,%,1,adult,80,"parameter, validation",spawning,state_var,gonads_size,NA
Tarling et al. (2009),egg-release behaviour in antarctic krill,observation,days,summer,2005,South Georgia,% eggs released in batches of 2,experimental observation,%,1,adult,12,"parameter, validation",spawning,state_var,gonads_size,NA
Tarling et al. (2009),egg-release behaviour in antarctic krill,observation,days,summer,2005,South Georgia,% eggs released in batches of 3,experimental observation,%,1,adult,7,"parameter, validation",spawning,state_var,gonads_size,NA
Tarling et al. (2009),egg-release behaviour in antarctic krill,observation,days,summer,2005,South Georgia,% eggs released in batches of 4,experimental observation,%,1,adult,1,"parameter, validation",spawning,state_var,gonads_size,NA
Tarling et al. (2009),egg-release behaviour in antarctic krill,observation,days,summer,2005,South Georgia,overy length at start of spawning,experimental observation,mm,1,adult,22.5,"parameter, validation",spawning,state_var,gonads_size,NA
Tarling et al. (2009),egg-release behaviour in antarctic krill,observation,days,summer,2005,South Georgia,ovary length at end of spawning,experimental observation,mm,1,adult,20.4,"parameter, validation",spawning,state_var,gonads_size,NA
Tarling et al. (2009),egg-release behaviour in antarctic krill,observation,days,summer,2005,South Georgia,% reduction in ovary length during spawning,experimental observation,%,1,adult,9,"parameter, validation",spawning,state_var,gonads_size,NA
Tarling et al. (2009),egg-release behaviour in antarctic krill,observation,days,summer,2005,South Georgia,ovary height at start of spawning,experimental observation,mm,1,adult,10.5,"parameter, validation",spawning,state_var,gonads_size,NA
Tarling et al. (2009),egg-release behaviour in antarctic krill,observation,days,summer,2005,South Georgia,ovary height at end of spawning,experimental observation,mm,1,adult,6,"parameter, validation",spawning,state_var,gonads_size,NA
Tarling et al. (2009),egg-release behaviour in antarctic krill,observation,days,summer,2005,South Georgia,% reduction in ovary height during spawning,experimental observation,%,1,adult,43,"parameter, validation",spawning,state_var,gonads_size,NA
Tarling et al. (2009),egg-release behaviour in antarctic krill,observation,days,summer,2005,South Georgia,number of eggs released during spawning,experimental observation,number,1,adult,1672,"parameter, validation",spawning,state_var,gonads_size,NA
Tarling et al. (2009),egg-release behaviour in antarctic krill,observation,days,summer,2005,South Georgia,% eggs released in batches of 1,experimental observation,%,1,adult,71,"parameter, validation",spawning,state_var,gonads_size,NA
Tarling et al. (2009),egg-release behaviour in antarctic krill,observation,days,summer,2005,South Georgia,% eggs released in batches of 2,experimental observation,%,1,adult,13,"parameter, validation",spawning,state_var,gonads_size,NA
Tarling et al. (2009),egg-release behaviour in antarctic krill,observation,days,summer,2005,South Georgia,% eggs released in batches of 3,experimental observation,%,1,adult,12,"parameter, validation",spawning,state_var,gonads_size,NA
Tarling et al. (2009),egg-release behaviour in antarctic krill,observation,days,summer,2005,South Georgia,% eggs released in batches of 4,experimental observation,%,1,adult,4,"parameter, validation",spawning,state_var,gonads_size,NA
Tarling et al. (2009),egg-release behaviour in antarctic krill,observation,days,summer,2005,South Georgia,start rate of egg release (Krill A),experimental observation,egg release min-1,1,adult,10,"parameter, validation",spawning,function,spawning,photoperiod
Tarling et al. (2009),egg-release behaviour in antarctic krill,observation,days,summer,2005,South Georgia,peak rate of egg release (Krill A),experimental observation,egg release min-1,1,adult,26,"parameter, validation",spawning,function,spawning,photoperiod
Tarling et al. (2009),egg-release behaviour in antarctic krill,observation,days,summer,2005,South Georgia,start rate of egg release (Krill B),experimental observation,egg release min-1,1,adult,20,"parameter, validation",spawning,function,spawning,photoperiod
Tarling et al. (2009),egg-release behaviour in antarctic krill,observation,days,summer,2005,South Georgia,peak rate of egg release (Krill B),experimental observation,egg release min-1,1,adult,36,"parameter, validation",spawning,function,spawning,photoperiod
Tarling et al. (2009),egg-release behaviour in antarctic krill,observation,days,summer,2005,South Georgia,start rate of egg release (Krill C),experimental observation,egg release min-1,1,adult,5,"parameter, validation",spawning,function,spawning,photoperiod
Tarling et al. (2009),egg-release behaviour in antarctic krill,observation,days,summer,2005,South Georgia,peak rate of egg release (Krill C),experimental observation,egg release min-1,1,adult,21,"parameter, validation",spawning,function,spawning,photoperiod
Ju & Harvey (2004),lipids as markers of nutritional condition and diet in the antarctic krill euphausia superba and euphausia crystallorophias during austral winter,hybrid,months,winter,2001-2001,Marguerite Bay,total saturate fatty acid composition in stomach contents,Principle component analysis,%,10,adult,32.4,"parameter, validation",spawning,function,assimilation,fattyacidcompositionfood
Ju & Harvey (2004),lipids as markers of nutritional condition and diet in the antarctic krill euphausia superba and euphausia crystallorophias during austral winter,hybrid,months,winter,2001-2001,Marguerite Bay,total monounsaturated fatty acid composition in stomach contents,Principle component analysis,%,10,adult,36.1,"parameter, validation",spawning,function,assimilation,fattyacidcompositionfood
Ju & Harvey (2004),lipids as markers of nutritional condition and diet in the antarctic krill euphausia superba and euphausia crystallorophias during austral winter,hybrid,months,winter,2001-2001,Marguerite Bay,total polyunsaturated fatty acid composition in stomach contents,Principle component analysis,%,10,adult,28.7,"parameter, validation",spawning,function,assimilation,fattyacidcompositionfood
Ju & Harvey (2004),lipids as markers of nutritional condition and diet in the antarctic krill euphausia superba and euphausia crystallorophias during austral winter,hybrid,months,winter,2001-2001,Marguerite Bay,total branched fatty acid composition in stomach contents,Principle component analysis,%,10,adult,2.8,"parameter, validation",spawning,function,assimilation,fattyacidcompositionfood
Ju & Harvey (2004),lipids as markers of nutritional condition and diet in the antarctic krill euphausia superba and euphausia crystallorophias during austral winter,hybrid,months,winter,2001-2001,Marguerite Bay,total fatty acid composition in stomach contents,Principle component analysis,mg g^-1/ind. dry weight,10,adult,0.2,"parameter, validation",spawning,function,assimilation,fattyacidcompositionfood
Ju & Harvey (2004),lipids as markers of nutritional condition and diet in the antarctic krill euphausia superba and euphausia crystallorophias during austral winter,hybrid,months,winter,2001-2001,Western Antarctic Peninsula,total alcohol composition of neutral lipid,Principle component analysis,mg/g dry weight,10,adult,0.05,"parameter, validation",spawning,state_var,tissue_reserves_lipids,NA
Ju & Harvey (2004),lipids as markers of nutritional condition and diet in the antarctic krill euphausia superba and euphausia crystallorophias during austral winter,hybrid,months,winter,2001-2001,Western Antarctic Peninsula,total phytol alcohol composition of neutral lipid,Principle component analysis,mg/g dry weight,10,adult,0.51,"parameter, validation",spawning,state_var,tissue_reserves_lipids,NA
Ju & Harvey (2004),lipids as markers of nutritional condition and diet in the antarctic krill euphausia superba and euphausia crystallorophias during austral winter,hybrid,months,winter,2001-2001,Western Antarctic Peninsula,total sterol composition of neutral lipid,Principle component analysis,mg/g dry weight,10,adult,2.88,"parameter, validation",spawning,state_var,tissue_reserves_lipids,NA
Ju & Harvey (2004),lipids as markers of nutritional condition and diet in the antarctic krill euphausia superba and euphausia crystallorophias during austral winter,hybrid,months,winter,2001-2001,Western Antarctic Peninsula,total alcohol composition in stomach contents,Principle component analysis,mg g^-1/ind. dry weight,10,adult,38.1,"parameter, validation",spawning,state_var,tissue_reserves_lipids,NA
Ju & Harvey (2004),lipids as markers of nutritional condition and diet in the antarctic krill euphausia superba and euphausia crystallorophias during austral winter,hybrid,months,winter,2001-2001,Western Antarctic Peninsula,total phytol alcohol composition in stomach contents,Principle component analysis,mg g^-1/ind. dry weight,10,adult,1.25,"parameter, validation",spawning,state_var,tissue_reserves_lipids,NA
Ju & Harvey (2004),lipids as markers of nutritional condition and diet in the antarctic krill euphausia superba and euphausia crystallorophias during austral winter,hybrid,months,winter,2001-2001,Western Antarctic Peninsula,total sterol composition in stomach contents,Principle component analysis,mg g^-1/ind. dry weight,10,adult,3.27,"parameter, validation",spawning,state_var,tissue_reserves_lipids,NA
"Hofmann, E. F. and Lascara, C. M. (2000)",modeling the growth dynamics of antarctic krill euphausia superba,model,years,"summer, autumn, winter, spring",NA,Antarctic Peninsula,dryWeightToRespirationRateRR0,reference,muL h-1 mgDW-1,NA,larvae,0.686,"parameter, validation",spawning,function,maintenance _respiration,temperature
"Hofmann, E. F. and Lascara, C. M. (2000)",modeling the growth dynamics of antarctic krill euphausia superba,model,years,"summer, autumn, winter, spring",NA,Antarctic Peninsula,dryWeightToRespirationRateExponent,reference,NA,NA,larvae,1.031,"parameter, validation",spawning,function,maintenance _respiration,temperature
Nicol et al. (1995),The energetic cost of egg production in Antarctic krill (Euphausia superba Dana),observation,months,summer,1991-1991,Prydz Bay,average clutch size (eggs),measurement,n,NA,NA,1914,"parameter, validation",spawning,state_var,gonads_size,NA
Nicol et al. (1995),The energetic cost of egg production in Antarctic krill (Euphausia superba Dana),observation,months,summer,1991-1991,Prydz Bay,range clutch size (eggs),measurement,n,NA,NA,171-4845,"parameter, validation",spawning,state_var,gonads_size,NA
Nicol et al. (1995),The energetic cost of egg production in Antarctic krill (Euphausia superba Dana),observation,months,summer,1991-1991,Prydz Bay,energy content spent female,measurement,Joule mg-1,NA,NA,21.38,"parameter, validation",spawning,state_var,tissue_reserves_carbs,NA
Nicol et al. (1995),The energetic cost of egg production in Antarctic krill (Euphausia superba Dana),observation,months,summer,1991-1991,Prydz Bay,energy content spent female,measurement,Joule mg-1,NA,NA,21.38,"parameter, validation",spawning,state_var,tissue_reserves_proteins,NA
Nicol et al. (1995),The energetic cost of egg production in Antarctic krill (Euphausia superba Dana),observation,months,summer,1991-1991,Prydz Bay,energy content spent female,measurement,Joule mg-1,NA,NA,21.38,"parameter, validation",spawning,state_var,tissue_reserves_lipids,NA
Nicol et al. (1995),The energetic cost of egg production in Antarctic krill (Euphausia superba Dana),observation,months,summer,1991-1991,Prydz Bay,energy content gravid female,measurement,Joule mg-1,NA,NA,23.11,"parameter, validation",spawning,state_var,tissue_reserves_carbs,NA
Nicol et al. (1995),The energetic cost of egg production in Antarctic krill (Euphausia superba Dana),observation,months,summer,1991-1991,Prydz Bay,energy content gravid female,measurement,Joule mg-1,NA,NA,23.11,"parameter, validation",spawning,state_var,tissue_reserves_proteins,NA
Nicol et al. (1995),The energetic cost of egg production in Antarctic krill (Euphausia superba Dana),observation,months,summer,1991-1991,Prydz Bay,energy content gravid female,measurement,Joule mg-1,NA,NA,23.11,"parameter, validation",spawning,state_var,tissue_reserves_lipids,NA
Ross and Quetin (1983),Spawning frequency and fecundity of the Antarctic krill Euphausia superba,observation,months,summer,1981-1982,Elephant Island,spawning frequency,measurement,% d-1,48,adult,15.3,"parameter, validation",spawning,function,spawning,temperature
Ross and Quetin (1983),Spawning frequency and fecundity of the Antarctic krill Euphausia superba,observation,months,summer,1981-1982,Elephant Island,spawning frequency,measurement,% d-1,48,adult,15.3,"parameter, validation",spawning,function,spawning,photoperiod
Ross and Quetin (1983),Spawning frequency and fecundity of the Antarctic krill Euphausia superba,observation,months,summer,1981-1982,Elephant Island,spawning frequency,measurement,% d-1,46,adult,15.8,"parameter, validation",spawning,function,spawning,temperature
Ross and Quetin (1983),Spawning frequency and fecundity of the Antarctic krill Euphausia superba,observation,months,summer,1981-1982,Elephant Island,spawning frequency,measurement,% d-1,46,adult,15.8,"parameter, validation",spawning,function,spawning,photoperiod
Ross and Quetin (1983),Spawning frequency and fecundity of the Antarctic krill Euphausia superba,observation,months,summer,1981-1982,Elephant Island,spawning frequency,measurement,% d-1,48,adult,8.8,"parameter, validation",spawning,function,spawning,temperature
Ross and Quetin (1983),Spawning frequency and fecundity of the Antarctic krill Euphausia superba,observation,months,summer,1981-1982,Elephant Island,spawning frequency,measurement,% d-1,48,adult,8.8,"parameter, validation",spawning,function,spawning,photoperiod
Ross and Quetin (1983),Spawning frequency and fecundity of the Antarctic krill Euphausia superba,observation,months,summer,1981-1982,Elephant Island,spawning frequency,measurement,% d-1,37,adult,16.7,"parameter, validation",spawning,function,spawning,temperature
Ross and Quetin (1983),Spawning frequency and fecundity of the Antarctic krill Euphausia superba,observation,months,summer,1981-1982,Elephant Island,spawning frequency,measurement,% d-1,37,adult,16.7,"parameter, validation",spawning,function,spawning,photoperiod
Ross and Quetin (1983),Spawning frequency and fecundity of the Antarctic krill Euphausia superba,observation,months,summer,1981-1982,South Shetland Islands,spawning frequency,measurement,% d-1,88,adult,11.4,"parameter, validation",spawning,function,spawning,temperature
Ross and Quetin (1983),Spawning frequency and fecundity of the Antarctic krill Euphausia superba,observation,months,summer,1981-1982,South Shetland Islands,spawning frequency,measurement,% d-1,88,adult,11.4,"parameter, validation",spawning,function,spawning,photoperiod
Ross and Quetin (1983),Spawning frequency and fecundity of the Antarctic krill Euphausia superba,observation,months,summer,1981-1982,South Shetland Islands,spawning frequency,measurement,% d-1,52,adult,14.1,"parameter, validation",spawning,function,spawning,temperature
Ross and Quetin (1983),Spawning frequency and fecundity of the Antarctic krill Euphausia superba,observation,months,summer,1981-1982,South Shetland Islands,spawning frequency,measurement,% d-1,52,adult,14.1,"parameter, validation",spawning,function,spawning,photoperiod
Ross and Quetin (1983),Spawning frequency and fecundity of the Antarctic krill Euphausia superba,observation,months,summer,1981-1982,South Shetland Islands,spawning frequency,measurement,% d-1,39,adult,17.9,"parameter, validation",spawning,function,spawning,temperature
Ross and Quetin (1983),Spawning frequency and fecundity of the Antarctic krill Euphausia superba,observation,months,summer,1981-1982,South Shetland Islands,spawning frequency,measurement,% d-1,39,adult,17.9,"parameter, validation",spawning,function,spawning,photoperiod
Ross and Quetin (1983),Spawning frequency and fecundity of the Antarctic krill Euphausia superba,observation,months,summer,1981-1982,South Shetland Islands,spawning frequency,measurement,% d-1,33,adult,19.1,"parameter, validation",spawning,function,spawning,temperature
Ross and Quetin (1983),Spawning frequency and fecundity of the Antarctic krill Euphausia superba,observation,months,summer,1981-1982,South Shetland Islands,spawning frequency,measurement,% d-1,33,adult,19.1,"parameter, validation",spawning,function,spawning,photoperiod
Ross and Quetin (1983),Spawning frequency and fecundity of the Antarctic krill Euphausia superba,observation,months,summer,1981-1982,Elephant Island,brood interval,measurement,d,48,adult,6.7,"parameter, validation",spawning,function,spawning,temperature
Ross and Quetin (1983),Spawning frequency and fecundity of the Antarctic krill Euphausia superba,observation,months,summer,1981-1982,Elephant Island,brood interval,measurement,d,48,adult,6.7,"parameter, validation",spawning,function,spawning,photoperiod
Ross and Quetin (1983),Spawning frequency and fecundity of the Antarctic krill Euphausia superba,observation,months,summer,1981-1982,Elephant Island,brood interval,measurement,d,46,adult,9,"parameter, validation",spawning,function,spawning,temperature
Ross and Quetin (1983),Spawning frequency and fecundity of the Antarctic krill Euphausia superba,observation,months,summer,1981-1982,Elephant Island,brood interval,measurement,d,46,adult,9,"parameter, validation",spawning,function,spawning,photoperiod
Ross and Quetin (1983),Spawning frequency and fecundity of the Antarctic krill Euphausia superba,observation,months,summer,1981-1982,Elephant Island,brood interval,measurement,d,48,adult,11.4,"parameter, validation",spawning,function,spawning,temperature
Ross and Quetin (1983),Spawning frequency and fecundity of the Antarctic krill Euphausia superba,observation,months,summer,1981-1982,Elephant Island,brood interval,measurement,d,48,adult,11.4,"parameter, validation",spawning,function,spawning,photoperiod
Ross and Quetin (1983),Spawning frequency and fecundity of the Antarctic krill Euphausia superba,observation,months,summer,1981-1982,Elephant Island,brood interval,measurement,d,37,adult,9.1,"parameter, validation",spawning,function,spawning,temperature
Ross and Quetin (1983),Spawning frequency and fecundity of the Antarctic krill Euphausia superba,observation,months,summer,1981-1982,Elephant Island,brood interval,measurement,d,37,adult,9.1,"parameter, validation",spawning,function,spawning,photoperiod
Ross and Quetin (1983),Spawning frequency and fecundity of the Antarctic krill Euphausia superba,observation,months,summer,1981-1982,South Shetland Islands,brood interval,measurement,d,88,adult,9.7,"parameter, validation",spawning,function,spawning,temperature
Ross and Quetin (1983),Spawning frequency and fecundity of the Antarctic krill Euphausia superba,observation,months,summer,1981-1982,South Shetland Islands,brood interval,measurement,d,88,adult,9.7,"parameter, validation",spawning,function,spawning,photoperiod
Ross and Quetin (1983),Spawning frequency and fecundity of the Antarctic krill Euphausia superba,observation,months,summer,1981-1982,South Shetland Islands,brood interval,measurement,d,52,adult,7.7,"parameter, validation",spawning,function,spawning,temperature
Ross and Quetin (1983),Spawning frequency and fecundity of the Antarctic krill Euphausia superba,observation,months,summer,1981-1982,South Shetland Islands,brood interval,measurement,d,52,adult,7.7,"parameter, validation",spawning,function,spawning,photoperiod
Ross and Quetin (1983),Spawning frequency and fecundity of the Antarctic krill Euphausia superba,observation,months,summer,1981-1982,South Shetland Islands,brood interval,measurement,d,39,adult,5.9,"parameter, validation",spawning,function,spawning,temperature
Ross and Quetin (1983),Spawning frequency and fecundity of the Antarctic krill Euphausia superba,observation,months,summer,1981-1982,South Shetland Islands,brood interval,measurement,d,39,adult,5.9,"parameter, validation",spawning,function,spawning,photoperiod
Ross and Quetin (1983),Spawning frequency and fecundity of the Antarctic krill Euphausia superba,observation,months,summer,1981-1982,South Shetland Islands,brood interval,measurement,d,33,adult,5.3,"parameter, validation",spawning,function,spawning,temperature
Ross and Quetin (1983),Spawning frequency and fecundity of the Antarctic krill Euphausia superba,observation,months,summer,1981-1982,South Shetland Islands,brood interval,measurement,d,33,adult,5.3,"parameter, validation",spawning,function,spawning,photoperiod
Ross and Quetin (1983),Spawning frequency and fecundity of the Antarctic krill Euphausia superba,observation,months,summer,1981-1982,South Shetland Islands,egg production rate,measurement,eggs female-1 day-1,88,adult,186,"parameter, validation",spawning,function,spawning,temperature
Ross and Quetin (1983),Spawning frequency and fecundity of the Antarctic krill Euphausia superba,observation,months,summer,1981-1982,South Shetland Islands,egg production rate,measurement,eggs female-1 day-1,88,adult,186,"parameter, validation",spawning,function,spawning,photoperiod
Ross and Quetin (1983),Spawning frequency and fecundity of the Antarctic krill Euphausia superba,observation,months,summer,1981-1982,South Shetland Islands,egg production rate,measurement,eggs female-1 day-1,52,adult,359.5,"parameter, validation",spawning,function,spawning,temperature
Ross and Quetin (1983),Spawning frequency and fecundity of the Antarctic krill Euphausia superba,observation,months,summer,1981-1982,South Shetland Islands,egg production rate,measurement,eggs female-1 day-1,52,adult,359.5,"parameter, validation",spawning,function,spawning,photoperiod
Ross and Quetin (1983),Spawning frequency and fecundity of the Antarctic krill Euphausia superba,observation,months,summer,1981-1982,South Shetland Islands,egg production rate,measurement,eggs female-1 day-1,39,adult,733,"parameter, validation",spawning,function,spawning,temperature
Ross and Quetin (1983),Spawning frequency and fecundity of the Antarctic krill Euphausia superba,observation,months,summer,1981-1982,South Shetland Islands,egg production rate,measurement,eggs female-1 day-1,39,adult,733,"parameter, validation",spawning,function,spawning,photoperiod
Ross and Quetin (1983),Spawning frequency and fecundity of the Antarctic krill Euphausia superba,observation,months,summer,1981-1982,South Shetland Islands,egg production rate,measurement,eggs female-1 day-1,33,adult,369,"parameter, validation",spawning,function,spawning,temperature
Ross and Quetin (1983),Spawning frequency and fecundity of the Antarctic krill Euphausia superba,observation,months,summer,1981-1982,South Shetland Islands,egg production rate,measurement,eggs female-1 day-1,33,adult,369,"parameter, validation",spawning,function,spawning,photoperiod
Ross and Quetin (1983),Spawning frequency and fecundity of the Antarctic krill Euphausia superba,observation,months,summer,1981-1982,South Shetland Islands,number eggs per spawning,measurement,eggs spawning-1,NA,adult,500-8000,"parameter, validation",spawning,state_var,gonads_size,NA
Ross and Quetin (1983),Spawning frequency and fecundity of the Antarctic krill Euphausia superba,observation,months,summer,1981-1982,South Shetland Islands,slope - number eggs per spawning (E) by total length (mm),linear regression,NA,NA,adult,223.7,"parameter, validation",spawning,state_var,gonads_size,NA
Ross and Quetin (1983),Spawning frequency and fecundity of the Antarctic krill Euphausia superba,observation,months,summer,1981-1982,South Shetland Islands,intercept - number eggs per spawning (E) by total length (mm),linear regression,NA,NA,adult,-7597.4,"parameter, validation",spawning,state_var,gonads_size,NA
Ross and Quetin (1983),Spawning frequency and fecundity of the Antarctic krill Euphausia superba,observation,months,summer,1981-1982,South Shetland Islands,"slope - brood volume or batch volume (BV, µm3 x 10^10) by total length (mm)",linear regression,NA,NA,adult,2.6,"parameter, validation",spawning,state_var,gonads_size,NA
Ross and Quetin (1983),Spawning frequency and fecundity of the Antarctic krill Euphausia superba,observation,months,summer,1981-1982,South Shetland Islands,"intercept - brood volume or batch volume (BV, µm3 x 10^10) by total length (mm)",linear regression,NA,NA,adult,-89.01,"parameter, validation",spawning,state_var,gonads_size,NA
Quetin and Ross (2001),Environmental variability and its impact on the reproductive cycle of Antarctic krill,observation,months,summer,1993,Western Antarctic Peninsula,"exponent - wet weight (WWt, g) by total length (mm)",exponential regression,NA,92,adult,3.283,"parameter, validation",spawning,state_var,tissue_reserves_carbs,NA
Quetin and Ross (2001),Environmental variability and its impact on the reproductive cycle of Antarctic krill,observation,months,summer,1993,Western Antarctic Peninsula,"exponent - wet weight (WWt, g) by total length (mm)",exponential regression,NA,92,adult,3.283,"parameter, validation",spawning,state_var,tissue_reserves_proteins,NA
Quetin and Ross (2001),Environmental variability and its impact on the reproductive cycle of Antarctic krill,observation,months,summer,1993,Western Antarctic Peninsula,"exponent - wet weight (WWt, g) by total length (mm)",exponential regression,NA,92,adult,3.283,"parameter, validation",spawning,state_var,tissue_reserves_lipids,NA
Quetin and Ross (2001),Environmental variability and its impact on the reproductive cycle of Antarctic krill,observation,months,summer,1993,Western Antarctic Peninsula,"constant - wet weight (WWt, g) by total length (mm)",exponential regression,NA,92,adult,0.00000295,"parameter, validation",spawning,state_var,tissue_reserves_carbs,NA
Quetin and Ross (2001),Environmental variability and its impact on the reproductive cycle of Antarctic krill,observation,months,summer,1993,Western Antarctic Peninsula,"constant - wet weight (WWt, g) by total length (mm)",exponential regression,NA,92,adult,0.00000295,"parameter, validation",spawning,state_var,tissue_reserves_proteins,NA
Quetin and Ross (2001),Environmental variability and its impact on the reproductive cycle of Antarctic krill,observation,months,summer,1993,Western Antarctic Peninsula,"constant - wet weight (WWt, g) by total length (mm)",exponential regression,NA,92,adult,0.00000295,"parameter, validation",spawning,state_var,tissue_reserves_lipids,NA
Quetin and Ross (2001),Environmental variability and its impact on the reproductive cycle of Antarctic krill,observation,months,summer,1994,Western Antarctic Peninsula,"exponent - wet weight (WWt, g) by total length (mm)",exponential regression,NA,140,adult,3.191,"parameter, validation",spawning,state_var,tissue_reserves_carbs,NA
Quetin and Ross (2001),Environmental variability and its impact on the reproductive cycle of Antarctic krill,observation,months,summer,1994,Western Antarctic Peninsula,"exponent - wet weight (WWt, g) by total length (mm)",exponential regression,NA,140,adult,3.191,"parameter, validation",spawning,state_var,tissue_reserves_proteins,NA
Quetin and Ross (2001),Environmental variability and its impact on the reproductive cycle of Antarctic krill,observation,months,summer,1994,Western Antarctic Peninsula,"exponent - wet weight (WWt, g) by total length (mm)",exponential regression,NA,140,adult,3.191,"parameter, validation",spawning,state_var,tissue_reserves_lipids,NA
Quetin and Ross (2001),Environmental variability and its impact on the reproductive cycle of Antarctic krill,observation,months,summer,1994,Western Antarctic Peninsula,"constant - wet weight (WWt, g) by total length (mm)",exponential regression,NA,140,adult,0.0000041,"parameter, validation",spawning,state_var,tissue_reserves_carbs,NA
Quetin and Ross (2001),Environmental variability and its impact on the reproductive cycle of Antarctic krill,observation,months,summer,1994,Western Antarctic Peninsula,"constant - wet weight (WWt, g) by total length (mm)",exponential regression,NA,140,adult,0.0000041,"parameter, validation",spawning,state_var,tissue_reserves_proteins,NA
Quetin and Ross (2001),Environmental variability and its impact on the reproductive cycle of Antarctic krill,observation,months,summer,1994,Western Antarctic Peninsula,"constant - wet weight (WWt, g) by total length (mm)",exponential regression,NA,140,adult,0.0000041,"parameter, validation",spawning,state_var,tissue_reserves_lipids,NA
Quetin and Ross (2001),Environmental variability and its impact on the reproductive cycle of Antarctic krill,observation,months,summer,1995,Western Antarctic Peninsula,"exponent - wet weight (WWt, g) by total length (mm)",exponential regression,NA,103,adult,3.641,"parameter, validation",spawning,state_var,tissue_reserves_carbs,NA
Quetin and Ross (2001),Environmental variability and its impact on the reproductive cycle of Antarctic krill,observation,months,summer,1995,Western Antarctic Peninsula,"exponent - wet weight (WWt, g) by total length (mm)",exponential regression,NA,103,adult,3.641,"parameter, validation",spawning,state_var,tissue_reserves_proteins,NA
Quetin and Ross (2001),Environmental variability and its impact on the reproductive cycle of Antarctic krill,observation,months,summer,1995,Western Antarctic Peninsula,"exponent - wet weight (WWt, g) by total length (mm)",exponential regression,NA,103,adult,3.641,"parameter, validation",spawning,state_var,tissue_reserves_lipids,NA
Quetin and Ross (2001),Environmental variability and its impact on the reproductive cycle of Antarctic krill,observation,months,summer,1995,Western Antarctic Peninsula,"constant - wet weight (WWt, g) by total length (mm)",exponential regression,NA,103,adult,0.00000086,"parameter, validation",spawning,state_var,tissue_reserves_carbs,NA
Quetin and Ross (2001),Environmental variability and its impact on the reproductive cycle of Antarctic krill,observation,months,summer,1995,Western Antarctic Peninsula,"constant - wet weight (WWt, g) by total length (mm)",exponential regression,NA,103,adult,0.00000086,"parameter, validation",spawning,state_var,tissue_reserves_proteins,NA
Quetin and Ross (2001),Environmental variability and its impact on the reproductive cycle of Antarctic krill,observation,months,summer,1995,Western Antarctic Peninsula,"constant - wet weight (WWt, g) by total length (mm)",exponential regression,NA,103,adult,0.00000086,"parameter, validation",spawning,state_var,tissue_reserves_lipids,NA
Quetin and Ross (2001),Environmental variability and its impact on the reproductive cycle of Antarctic krill,observation,months,summer,1996,Western Antarctic Peninsula,"exponent - wet weight (WWt, g) by total length (mm)",exponential regression,NA,163,adult,3.7,"parameter, validation",spawning,state_var,tissue_reserves_carbs,NA
Quetin and Ross (2001),Environmental variability and its impact on the reproductive cycle of Antarctic krill,observation,months,summer,1996,Western Antarctic Peninsula,"exponent - wet weight (WWt, g) by total length (mm)",exponential regression,NA,163,adult,3.7,"parameter, validation",spawning,state_var,tissue_reserves_proteins,NA
Quetin and Ross (2001),Environmental variability and its impact on the reproductive cycle of Antarctic krill,observation,months,summer,1996,Western Antarctic Peninsula,"exponent - wet weight (WWt, g) by total length (mm)",exponential regression,NA,163,adult,3.7,"parameter, validation",spawning,state_var,tissue_reserves_lipids,NA
Quetin and Ross (2001),Environmental variability and its impact on the reproductive cycle of Antarctic krill,observation,months,summer,1996,Western Antarctic Peninsula,"constant - wet weight (WWt, g) by total length (mm)",exponential regression,NA,163,adult,0.00000066,"parameter, validation",spawning,state_var,tissue_reserves_carbs,NA
Quetin and Ross (2001),Environmental variability and its impact on the reproductive cycle of Antarctic krill,observation,months,summer,1996,Western Antarctic Peninsula,"constant - wet weight (WWt, g) by total length (mm)",exponential regression,NA,163,adult,0.00000066,"parameter, validation",spawning,state_var,tissue_reserves_proteins,NA
Quetin and Ross (2001),Environmental variability and its impact on the reproductive cycle of Antarctic krill,observation,months,summer,1996,Western Antarctic Peninsula,"constant - wet weight (WWt, g) by total length (mm)",exponential regression,NA,163,adult,0.00000066,"parameter, validation",spawning,state_var,tissue_reserves_lipids,NA
Quetin and Ross (2001),Environmental variability and its impact on the reproductive cycle of Antarctic krill,observation,months,summer,1997,Western Antarctic Peninsula,"exponent - wet weight (WWt, g) by total length (mm)",exponential regression,NA,41,adult,3.098,"parameter, validation",spawning,state_var,tissue_reserves_carbs,NA
Quetin and Ross (2001),Environmental variability and its impact on the reproductive cycle of Antarctic krill,observation,months,summer,1997,Western Antarctic Peninsula,"exponent - wet weight (WWt, g) by total length (mm)",exponential regression,NA,41,adult,3.098,"parameter, validation",spawning,state_var,tissue_reserves_proteins,NA
Quetin and Ross (2001),Environmental variability and its impact on the reproductive cycle of Antarctic krill,observation,months,summer,1997,Western Antarctic Peninsula,"exponent - wet weight (WWt, g) by total length (mm)",exponential regression,NA,41,adult,3.098,"parameter, validation",spawning,state_var,tissue_reserves_lipids,NA
Quetin and Ross (2001),Environmental variability and its impact on the reproductive cycle of Antarctic krill,observation,months,summer,1997,Western Antarctic Peninsula,"constant - wet weight (WWt, g) by total length (mm)",exponential regression,NA,41,adult,0.00000592,"parameter, validation",spawning,state_var,tissue_reserves_carbs,NA
Quetin and Ross (2001),Environmental variability and its impact on the reproductive cycle of Antarctic krill,observation,months,summer,1997,Western Antarctic Peninsula,"constant - wet weight (WWt, g) by total length (mm)",exponential regression,NA,41,adult,0.00000592,"parameter, validation",spawning,state_var,tissue_reserves_proteins,NA
Quetin and Ross (2001),Environmental variability and its impact on the reproductive cycle of Antarctic krill,observation,months,summer,1997,Western Antarctic Peninsula,"constant - wet weight (WWt, g) by total length (mm)",exponential regression,NA,41,adult,0.00000592,"parameter, validation",spawning,state_var,tissue_reserves_lipids,NA
Quetin and Ross (2001),Environmental variability and its impact on the reproductive cycle of Antarctic krill,observation,months,summer,1999,Western Antarctic Peninsula,"exponent - wet weight (WWt, g) by total length (mm)",exponential regression,NA,171,adult,3.54,"parameter, validation",spawning,state_var,tissue_reserves_carbs,NA
Quetin and Ross (2001),Environmental variability and its impact on the reproductive cycle of Antarctic krill,observation,months,summer,1999,Western Antarctic Peninsula,"exponent - wet weight (WWt, g) by total length (mm)",exponential regression,NA,171,adult,3.54,"parameter, validation",spawning,state_var,tissue_reserves_proteins,NA
Quetin and Ross (2001),Environmental variability and its impact on the reproductive cycle of Antarctic krill,observation,months,summer,1999,Western Antarctic Peninsula,"exponent - wet weight (WWt, g) by total length (mm)",exponential regression,NA,171,adult,3.54,"parameter, validation",spawning,state_var,tissue_reserves_lipids,NA
Quetin and Ross (2001),Environmental variability and its impact on the reproductive cycle of Antarctic krill,observation,months,summer,1999,Western Antarctic Peninsula,"constant - wet weight (WWt, g) by total length (mm)",exponential regression,NA,171,adult,0.00000106,"parameter, validation",spawning,state_var,tissue_reserves_carbs,NA
Quetin and Ross (2001),Environmental variability and its impact on the reproductive cycle of Antarctic krill,observation,months,summer,1999,Western Antarctic Peninsula,"constant - wet weight (WWt, g) by total length (mm)",exponential regression,NA,171,adult,0.00000106,"parameter, validation",spawning,state_var,tissue_reserves_proteins,NA
Quetin and Ross (2001),Environmental variability and its impact on the reproductive cycle of Antarctic krill,observation,months,summer,1999,Western Antarctic Peninsula,"constant - wet weight (WWt, g) by total length (mm)",exponential regression,NA,171,adult,0.00000106,"parameter, validation",spawning,state_var,tissue_reserves_lipids,NA
Quetin and Ross (2001),Environmental variability and its impact on the reproductive cycle of Antarctic krill,observation,years,summer,1993,Western Antarctic Peninsula,oocyte development index,measurement,NA,NA,adult,0.31,"parameter, validation",spawning,state_var,gonads_development,NA
Quetin and Ross (2001),Environmental variability and its impact on the reproductive cycle of Antarctic krill,observation,years,summer,1994,Western Antarctic Peninsula,oocyte development index,measurement,NA,NA,adult,0.71,"parameter, validation",spawning,state_var,gonads_development,NA
Quetin and Ross (2001),Environmental variability and its impact on the reproductive cycle of Antarctic krill,observation,years,summer,1995,Western Antarctic Peninsula,oocyte development index,measurement,NA,NA,adult,0.75,"parameter, validation",spawning,state_var,gonads_development,NA
Quetin and Ross (2001),Environmental variability and its impact on the reproductive cycle of Antarctic krill,observation,years,summer,1996,Western Antarctic Peninsula,oocyte development index,measurement,NA,NA,adult,0.96,"parameter, validation",spawning,state_var,gonads_development,NA
Quetin and Ross (2001),Environmental variability and its impact on the reproductive cycle of Antarctic krill,observation,years,summer,1997,Western Antarctic Peninsula,oocyte development index,measurement,NA,NA,adult,0.06,"parameter, validation",spawning,state_var,gonads_development,NA
Quetin and Ross (2001),Environmental variability and its impact on the reproductive cycle of Antarctic krill,observation,years,summer,1998,Western Antarctic Peninsula,oocyte development index,measurement,NA,NA,adult,0.57,"parameter, validation",spawning,state_var,gonads_development,NA
Quetin and Ross (2001),Environmental variability and its impact on the reproductive cycle of Antarctic krill,observation,years,summer,1999,Western Antarctic Peninsula,oocyte development index,measurement,NA,NA,adult,0.19,"parameter, validation",spawning,state_var,gonads_development,NA
Quetin and Ross (2001),Environmental variability and its impact on the reproductive cycle of Antarctic krill,observation,years,summer,1993,Western Antarctic Peninsula,weight-specific bath volume,measurement,ml g-1,NA,adult,0.5,"parameter, validation",spawning,state_var,gonads_size,NA
Quetin and Ross (2001),Environmental variability and its impact on the reproductive cycle of Antarctic krill,observation,years,summer,1994,Western Antarctic Peninsula,weight-specific bath volume,measurement,ml g-1,NA,adult,0.48,"parameter, validation",spawning,state_var,gonads_size,NA
Quetin and Ross (2001),Environmental variability and its impact on the reproductive cycle of Antarctic krill,observation,years,summer,1995,Western Antarctic Peninsula,weight-specific bath volume,measurement,ml g-1,NA,adult,1.02,"parameter, validation",spawning,state_var,gonads_size,NA
Quetin and Ross (2001),Environmental variability and its impact on the reproductive cycle of Antarctic krill,observation,years,summer,1996,Western Antarctic Peninsula,weight-specific bath volume,measurement,ml g-1,NA,adult,1.1,"parameter, validation",spawning,state_var,gonads_size,NA
Quetin and Ross (2001),Environmental variability and its impact on the reproductive cycle of Antarctic krill,observation,years,summer,1997,Western Antarctic Peninsula,weight-specific bath volume,measurement,ml g-1,NA,adult,0.85,"parameter, validation",spawning,state_var,gonads_size,NA
Quetin and Ross (2001),Environmental variability and its impact on the reproductive cycle of Antarctic krill,observation,years,summer,1998,Western Antarctic Peninsula,weight-specific bath volume,measurement,ml g-1,NA,adult,1.12,"parameter, validation",spawning,state_var,gonads_size,NA
Quetin and Ross (2001),Environmental variability and its impact on the reproductive cycle of Antarctic krill,observation,years,summer,1999,Western Antarctic Peninsula,weight-specific bath volume,measurement,ml g-1,NA,adult,0.89,"parameter, validation",spawning,state_var,gonads_size,NA
Quetin and Ross (2001),Environmental variability and its impact on the reproductive cycle of Antarctic krill,observation,years,summer,1993-1999,Western Antarctic Peninsula,slope - intensity of reproduction with oocyte development index,correlation,NA,NA,adult,-32.5,correlation,spawning,state_var,gonads_development,NA
Quetin and Ross (2001),Environmental variability and its impact on the reproductive cycle of Antarctic krill,observation,years,summer,1993-1999,Western Antarctic Peninsula,intercept - intensity of reproduction with oocyte development index,correlation,NA,NA,adult,36.6,correlation,spawning,state_var,gonads_development,NA
Quetin and Ross (2001),Environmental variability and its impact on the reproductive cycle of Antarctic krill,observation,years,summer,1993-1999,Western Antarctic Peninsula,weight-specific bath volume,anova,NA,329,adult,"F=11.54, P=0.0000",correlation,spawning,state_var,gonads_size,NA
Quetin and Ross (2001),Environmental variability and its impact on the reproductive cycle of Antarctic krill,observation,years,summer,1993-1999,Western Antarctic Peninsula,slope - weight-specific bath volume with embryo diameter,correlation,NA,7,adult,0.0112,"parameter, validation",spawning,state_var,gonads_size,NA
Quetin and Ross (2001),Environmental variability and its impact on the reproductive cycle of Antarctic krill,observation,years,summer,1993-1999,Western Antarctic Peninsula,intercept - weight-specific bath volume with embryo diameter,correlation,NA,7,adult,-5.956,"parameter, validation",spawning,state_var,gonads_size,NA
Quetin and Ross (2001),Environmental variability and its impact on the reproductive cycle of Antarctic krill,observation,years,summer,1993-1999,Western Antarctic Peninsula,correlation of oocyte development index and intensity of reproduction,correlation,NA,NA,adult,0.334,correlation,spawning,state_var,gonads_development,NA
Quetin and Ross (2001),Environmental variability and its impact on the reproductive cycle of Antarctic krill,observation,years,summer,1993-1999,Western Antarctic Peninsula,correlation of oocyte development index and weight-specific batch vol,correlation,NA,NA,adult,0.291,correlation,spawning,state_var,gonads_development,NA
Quetin and Ross (2001),Environmental variability and its impact on the reproductive cycle of Antarctic krill,observation,years,summer,1993-1999,Western Antarctic Peninsula,correlation of oocyte development index and embryo diameter,correlation,NA,NA,adult,0.361,correlation,spawning,state_var,gonads_development,NA
Quetin and Ross (2001),Environmental variability and its impact on the reproductive cycle of Antarctic krill,observation,years,summer,1993-1999,Western Antarctic Peninsula,correlation of oocyte development index and annual primary production,correlation,NA,NA,adult,0.581,correlation,spawning,state_var,gonads_development,NA
Quetin and Ross (2001),Environmental variability and its impact on the reproductive cycle of Antarctic krill,observation,years,summer,1993-1999,Western Antarctic Peninsula,correlation of oocyte development index and spring sea ice extent,correlation,NA,NA,adult,0.725,correlation,spawning,state_var,gonads_development,NA
Quetin and Ross (2001),Environmental variability and its impact on the reproductive cycle of Antarctic krill,observation,years,summer,1993-1999,Western Antarctic Peninsula,correlation of oocyte development index and salp abundances,correlation,NA,NA,adult,-0.488,correlation,spawning,state_var,gonads_development,NA
Quetin and Ross (2001),Environmental variability and its impact on the reproductive cycle of Antarctic krill,observation,years,summer,1993-1999,Western Antarctic Peninsula,correlation of weight-specific batch vol and embryo diameter,correlation,NA,NA,adult,0.858,correlation,spawning,state_var,gonads_size,NA
Quetin and Ross (2001),Environmental variability and its impact on the reproductive cycle of Antarctic krill,observation,years,summer,1993-1999,Western Antarctic Peninsula,correlation of weight-specific batch vol and annual PP,correlation,NA,NA,adult,0.499,correlation,spawning,state_var,gonads_size,NA
Quetin and Ross (2001),Environmental variability and its impact on the reproductive cycle of Antarctic krill,observation,years,summer,1993-1999,Western Antarctic Peninsula,correlation of weight-specific batch vol and spring sea ice,correlation,NA,NA,adult,0.305,correlation,spawning,state_var,gonads_size,NA
Quetin and Ross (2001),Environmental variability and its impact on the reproductive cycle of Antarctic krill,observation,years,summer,1993-1999,Western Antarctic Peninsula,correlation of weight-specific batch vol and salp abundance,correlation,NA,NA,adult,0.313,correlation,spawning,state_var,gonads_size,NA
Quetin and Ross (2001),Environmental variability and its impact on the reproductive cycle of Antarctic krill,observation,years,summer,1993-1999,Western Antarctic Peninsula,correlation of embryo diameter and annual PP,correlation,NA,NA,adult,0.525,correlation,spawning,state_var,gonads_size,NA
Quetin and Ross (2001),Environmental variability and its impact on the reproductive cycle of Antarctic krill,observation,years,summer,1993-1999,Western Antarctic Peninsula,correlation of embryo diameter and spring sea ice,correlation,NA,NA,adult,0.209,correlation,spawning,state_var,gonads_size,NA
Quetin and Ross (2001),Environmental variability and its impact on the reproductive cycle of Antarctic krill,observation,years,summer,1993-1999,Western Antarctic Peninsula,correlation of embryo diameter and salp abundance,correlation,NA,NA,adult,0.074,correlation,spawning,state_var,gonads_size,NA
Ross & Quetin (1982),Euphausia superba: Fecundity and physiological ecology of its eggs and larvae,observation,days,summer,1982,"Elephant Island and South Shetland Islands, Antarctic Peninsula",average brood interval,measurement,days,NA,NA,5-7,"parameter, validation",spawning,function,spawning,temperature
Ross & Quetin (1982),Euphausia superba: Fecundity and physiological ecology of its eggs and larvae,observation,days,summer,1982,"Elephant Island and South Shetland Islands, Antarctic Peninsula",average brood interval,measurement,days,NA,NA,5-7,"parameter, validation",spawning,function,spawning,photoperiod
Ross & Quetin (1982),Euphausia superba: Fecundity and physiological ecology of its eggs and larvae,observation,days,summer,1982,"Elephant Island and South Shetland Islands, Antarctic Peninsula",median brood size,measurement,days,NA,egg,2000,"parameter, validation",spawning,state_var,gonads_size,NA
Ross & Quetin (1982),Euphausia superba: Fecundity and physiological ecology of its eggs and larvae,observation,days,summer,1982,"Elephant Island and South Shetland Islands, Antarctic Peninsula",eggs/female/spawning season,estimate,number of eggs,NA,adult,20000,"parameter, validation",spawning,state_var,gonads_size,NA
Spiridonov (1995),spatial and temporal variability in reproductive timing of antarctic krill (euphausia superba dana),observation,years,"summer, autumn",1976-1987,Circumpolar,earliest month of spawning start,krill sample staging and literature synthesis,month of year,NA,egg,11,"parameter, validation",spawning,function,spawning,photoperiod
Spiridonov (1995),spatial and temporal variability in reproductive timing of antarctic krill (euphausia superba dana),observation,years,"summer, autumn",1976-1987,Circumpolar,latest month of spawning start,krill sample staging and literature synthesis,month of year,NA,egg,1,"parameter, validation",spawning,function,spawning,photoperiod
Spiridonov (1995),spatial and temporal variability in reproductive timing of antarctic krill (euphausia superba dana),observation,years,"summer, autumn",1976-1987,Circumpolar,minimum duration of spawning,krill sample staging and literature synthesis,months,NA,egg,1.5,"parameter, validation",spawning,function,spawning,photoperiod
Spiridonov (1995),spatial and temporal variability in reproductive timing of antarctic krill (euphausia superba dana),observation,years,"summer, autumn",1976-1987,Circumpolar,maximum duration of spawning,krill sample staging and literature synthesis,months,NA,egg,3.5,"parameter, validation",spawning,function,spawning,photoperiod
Jager & Ravagnan (2015),Parameterising a generic model for the dynamic energy budget of antarctic krill euphausia superba,model,days,NA,NA,NA,carbon weight per dry weight,literature,mg C mg^-1 dry_weight,NA,adult,0.45,"parameter, validation",spawning,state_var,tissue_reserves_carbs,NA
Jager & Ravagnan (2015),Parameterising a generic model for the dynamic energy budget of antarctic krill euphausia superba,model,days,NA,NA,NA,carbon weight per oxygen volume in respiration,literature,mg C ml^-1 O2,NA,adult,0.48,"parameter, validation",spawning,function,maintenance _respiration,photoperiod
Jager & Ravagnan (2015),Parameterising a generic model for the dynamic energy budget of antarctic krill euphausia superba,model,days,NA,NA,NA,length at start of adult stage,literature,mm,NA,adult,35,"parameter, validation",spawning,state_var,gonads_development,NA
"tarling, ga; cuzin-roudy, j; thorpe, se; shreeve, rs; ward, p; murphy, ej (2007)",recruitment of antarctic krill euphausia superba in the south georgia region: adult fecundity and the fate of larvae,hybrid,years,summer,1996-2003,South Georgia,slopeLogLengthLogMatureOocytes,logloglinear regression,NA,30,adult,4.55,"parameter, validation",spawning,state_var,gonads_size,NA
"tarling, ga; cuzin-roudy, j; thorpe, se; shreeve, rs; ward, p; murphy, ej (2007)",recruitment of antarctic krill euphausia superba in the south georgia region: adult fecundity and the fate of larvae,hybrid,years,summer,1996-2003,South Georgia,interceptLogLengthLogMatureOocytes,logloglinear regression,NA,30,adult,-3.88,"parameter, validation",spawning,state_var,gonads_size,NA
"tarling, ga; cuzin-roudy, j; thorpe, se; shreeve, rs; ward, p; murphy, ej (2007)",recruitment of antarctic krill euphausia superba in the south georgia region: adult fecundity and the fate of larvae,hybrid,months,summer,2003,South Georgia,number of mature oocytes/eggs spawned per spawning episode,mechanistic model,eggs,NA,adult,12343,"parameter, validation",spawning,state_var,gonads_size,NA
"tarling, ga; cuzin-roudy, j; thorpe, se; shreeve, rs; ward, p; murphy, ej (2007)",recruitment of antarctic krill euphausia superba in the south georgia region: adult fecundity and the fate of larvae,hybrid,months,summer,2003,South Georgia,cycles of egg production per year,mechanistic model,NA,NA,adult,2.18,"parameter, validation",spawning,state_var,gonads_development,NA
"tarling, ga; cuzin-roudy, j; thorpe, se; shreeve, rs; ward, p; murphy, ej (2007)",recruitment of antarctic krill euphausia superba in the south georgia region: adult fecundity and the fate of larvae,hybrid,months,summer,2003,South Georgia,upper limit to number of cycles of egg production per year,mechanistic model,NA,NA,adult,3,"parameter, validation",spawning,state_var,gonads_development,NA
"tarling, ga; cuzin-roudy, j; thorpe, se; shreeve, rs; ward, p; murphy, ej (2007)",recruitment of antarctic krill euphausia superba in the south georgia region: adult fecundity and the fate of larvae,hybrid,months,summer,2003,South Georgia,start of reproduction period,mechanistic model,day of year,NA,adult,258,"parameter, validation",spawning,state_var,gonads_development,NA
"tarling, ga; cuzin-roudy, j; thorpe, se; shreeve, rs; ward, p; murphy, ej (2007)",recruitment of antarctic krill euphausia superba in the south georgia region: adult fecundity and the fate of larvae,hybrid,months,summer,2003,South Georgia,duration egg development,mechanistic model,days,NA,adult,5,"parameter, validation",spawning,state_var,gonads_development,NA
"tarling, ga; cuzin-roudy, j; thorpe, se; shreeve, rs; ward, p; murphy, ej (2007)",recruitment of antarctic krill euphausia superba in the south georgia region: adult fecundity and the fate of larvae,hybrid,years,summer,1996-2003,South Georgia,matureOvaryWeight:totalWetWeight,observation,%,27,adult,0.43,correlation,spawning,state_var,gonads_size,NA
"tarling, ga; cuzin-roudy, j; thorpe, se; shreeve, rs; ward, p; murphy, ej (2007)",recruitment of antarctic krill euphausia superba in the south georgia region: adult fecundity and the fate of larvae,hybrid,years,summer,1996-2003,South Georgia,meanNumberMatureOocytes,observation,n eggs,27,adult,10320,"parameter, validation",spawning,state_var,gonads_size,NA
"cuzin-roudy, j. (2000)","seasonal reproduction, multiple spawning, and fecundity in northern krill, meganyctiphanes norvegica, and antarctic krill, euphausia superba",observation,years,summer,1985-1992,"Scotia Sea, Prydz Bay, Western Antarctic Peninsula",slopeLogWetWeightOvariesLogMatureOocytes,logloglinear regression,NA,42,adult,1.5,"parameter, validation",spawning,state_var,gonads_size,NA
"cuzin-roudy, j. (2000)","seasonal reproduction, multiple spawning, and fecundity in northern krill, meganyctiphanes norvegica, and antarctic krill, euphausia superba",observation,years,summer,1985-1992,"Scotia Sea, Prydz Bay, Western Antarctic Peninsula",slopeLogWetWeightOvariesLogMatureOocytes,logloglinear regression,NA,42,adult,1.6,"parameter, validation",spawning,state_var,gonads_size,NA
"cuzin-roudy, j. (2000)","seasonal reproduction, multiple spawning, and fecundity in northern krill, meganyctiphanes norvegica, and antarctic krill, euphausia superba",observation,years,summer,1985-1992,"Scotia Sea, Prydz Bay, Western Antarctic Peninsula",slopeLogBodyLengthLogWetWeightOvaries,logloglinear regression,NA,82,adult,9.1,"parameter, validation",spawning,state_var,gonads_size,NA
"cuzin-roudy, j. (2000)","seasonal reproduction, multiple spawning, and fecundity in northern krill, meganyctiphanes norvegica, and antarctic krill, euphausia superba",observation,years,summer,1985-1992,"Scotia Sea, Prydz Bay, Western Antarctic Peninsula",slopeLogBodyLengthLogWetWeightOvaries,logloglinear regression,NA,82,adult,11.5,"parameter, validation",spawning,state_var,gonads_size,NA
"cuzin-roudy, j. (2000)","seasonal reproduction, multiple spawning, and fecundity in northern krill, meganyctiphanes norvegica, and antarctic krill, euphausia superba",observation,years,summer,1985-1992,"Scotia Sea, Prydz Bay, Western Antarctic Peninsula",slopeLogWetWeightLogWetWeightOvaries,logloglinear regression,NA,82,adult,2.7,"parameter, validation",spawning,state_var,gonads_size,NA
"cuzin-roudy, j. (2000)","seasonal reproduction, multiple spawning, and fecundity in northern krill, meganyctiphanes norvegica, and antarctic krill, euphausia superba",observation,years,summer,1985-1992,"Scotia Sea, Prydz Bay, Western Antarctic Peninsula",slopeLogWetWeightLogWetWeightOvaries,logloglinear regression,NA,82,adult,3.1,"parameter, validation",spawning,state_var,gonads_size,NA
"cuzin-roudy, j. (2000)","seasonal reproduction, multiple spawning, and fecundity in northern krill, meganyctiphanes norvegica, and antarctic krill, euphausia superba",observation,years,summer,1985-1992,"Scotia Sea, Prydz Bay, Western Antarctic Peninsula",slopeLogNumberDevelopingOocytesLogWetWeightOvaries,logloglinear regression,NA,76,adult,0.4,"parameter, validation",spawning,state_var,gonads_size,NA
"cuzin-roudy, j. (2000)","seasonal reproduction, multiple spawning, and fecundity in northern krill, meganyctiphanes norvegica, and antarctic krill, euphausia superba",observation,years,summer,1985-1992,"Scotia Sea, Prydz Bay, Western Antarctic Peninsula",slopeLogNumberDevelopingOocytesLogWetWeightOvaries,logloglinear regression,NA,76,adult,0.9,"parameter, validation",spawning,state_var,gonads_size,NA
"cuzin-roudy, j. (2000)","seasonal reproduction, multiple spawning, and fecundity in northern krill, meganyctiphanes norvegica, and antarctic krill, euphausia superba",observation,years,summer,1985-1992,"Scotia Sea, Prydz Bay, Western Antarctic Peninsula",slopeLogNumberPrevitellogenicOocytesLogWetWeightOvaries,logloglinear regression,NA,57,adult,-0.4,"parameter, validation",spawning,state_var,gonads_size,NA
"cuzin-roudy, j. (2000)","seasonal reproduction, multiple spawning, and fecundity in northern krill, meganyctiphanes norvegica, and antarctic krill, euphausia superba",observation,years,summer,1985-1992,"Scotia Sea, Prydz Bay, Western Antarctic Peninsula",slopeLogNumberPrevitellogenicOocytesLogWetWeightOvaries,logloglinear regression,NA,57,adult,-1.2,"parameter, validation",spawning,state_var,gonads_size,NA
"cuzin-roudy, j. (2000)","seasonal reproduction, multiple spawning, and fecundity in northern krill, meganyctiphanes norvegica, and antarctic krill, euphausia superba",observation,years,summer,1985-1992,"Scotia Sea, Prydz Bay, Western Antarctic Peninsula",slopeLogNumberMatureOocytesLogWetWeightOvaries,logloglinear regression,NA,10,adult,1.7,"parameter, validation",spawning,state_var,gonads_size,NA
"cuzin-roudy, j. (2000)","seasonal reproduction, multiple spawning, and fecundity in northern krill, meganyctiphanes norvegica, and antarctic krill, euphausia superba",observation,years,summer,1985-1992,"Scotia Sea, Prydz Bay, Western Antarctic Peninsula",slopeLogNumberMatureOocytesLogWetWeightOvaries,logloglinear regression,NA,10,adult,2.3,"parameter, validation",spawning,state_var,gonads_size,NA
"cuzin-roudy, j. (2000)","seasonal reproduction, multiple spawning, and fecundity in northern krill, meganyctiphanes norvegica, and antarctic krill, euphausia superba",observation,years,summer,1985-1992,"Scotia Sea, Prydz Bay, Western Antarctic Peninsula",slopeLogNumberMatureOocytesLogWetWeightOvaries,logloglinear regression,NA,32,adult,0.8,"parameter, validation",spawning,state_var,gonads_size,NA
"cuzin-roudy, j. (2000)","seasonal reproduction, multiple spawning, and fecundity in northern krill, meganyctiphanes norvegica, and antarctic krill, euphausia superba",observation,years,summer,1985-1992,"Scotia Sea, Prydz Bay, Western Antarctic Peninsula",slopeLogNumberMatureOocytesLogWetWeightOvaries,logloglinear regression,NA,32,adult,0.9,"parameter, validation",spawning,state_var,gonads_size,NA
Nicol (1989),apparent independence of the spawning and moulting cycles in female antarctic krill (euphausia superba dana),observation,days,summer,1988,Prydz Bay,Mean brood size,Lab measurement,NA,60,adult,1495.9,"parameter, validation",spawning,state_var,gonads_size,NA
Nicol (1989),apparent independence of the spawning and moulting cycles in female antarctic krill (euphausia superba dana),observation,days,summer,1988,Prydz Bay,coefficient,linear regression: number of eggs spawned~uropod length,NA,59,adult,652.0089,"parameter, validation",spawning,state_var,gonads_size,NA
Nicol (1989),apparent independence of the spawning and moulting cycles in female antarctic krill (euphausia superba dana),observation,days,summer,1988,Prydz Bay,intercept,linear regression: number of eggs spawned~uropod length,NA,59,adult,-2671.305,"parameter, validation",spawning,state_var,gonads_size,NA
Huntley et al. (1994),"elemental composition, metabolic activity and growth of antarctic krill euphausia superba during winter",hybrid,months,winter,1992,"Gerlache Strait, Crystal Sound",interceptlogDryWeight,linear regression analysis,mg,83,adult,3.27,"parameter, validation",spawning,state_var,tissue_reserves_carbs,NA
Huntley et al. (1994),"elemental composition, metabolic activity and growth of antarctic krill euphausia superba during winter",hybrid,months,winter,1992,"Gerlache Strait, Crystal Sound",interceptlogDryWeight,linear regression analysis,mg,83,adult,3.27,"parameter, validation",spawning,state_var,tissue_reserves_proteins,NA
Huntley et al. (1994),"elemental composition, metabolic activity and growth of antarctic krill euphausia superba during winter",hybrid,months,winter,1992,"Gerlache Strait, Crystal Sound",interceptlogDryWeight,linear regression analysis,mg,83,adult,3.27,"parameter, validation",spawning,state_var,tissue_reserves_lipids,NA
Huntley et al. (1994),"elemental composition, metabolic activity and growth of antarctic krill euphausia superba during winter",hybrid,months,winter,1992,"Gerlache Strait, Crystal Sound",slopelogBodyLenght,linear regression analysis,mm,83,adult,-3.25,"parameter, validation",spawning,state_var,tissue_reserves_carbs,NA
Huntley et al. (1994),"elemental composition, metabolic activity and growth of antarctic krill euphausia superba during winter",hybrid,months,winter,1992,"Gerlache Strait, Crystal Sound",slopelogBodyLenght,linear regression analysis,mm,83,adult,-3.25,"parameter, validation",spawning,state_var,tissue_reserves_proteins,NA
Huntley et al. (1994),"elemental composition, metabolic activity and growth of antarctic krill euphausia superba during winter",hybrid,months,winter,1992,"Gerlache Strait, Crystal Sound",slopelogBodyLenght,linear regression analysis,mm,83,adult,-3.25,"parameter, validation",spawning,state_var,tissue_reserves_lipids,NA
Huntley et al. (1994),"elemental composition, metabolic activity and growth of antarctic krill euphausia superba during winter",hybrid,months,winter,1992,"Gerlache Strait, Crystal Sound",interceptlogBodyCarbon,linear regression analysis,mg,79,adult,2.457,"parameter, validation",spawning,state_var,tissue_reserves_carbs,NA
Huntley et al. (1994),"elemental composition, metabolic activity and growth of antarctic krill euphausia superba during winter",hybrid,months,winter,1992,"Gerlache Strait, Crystal Sound",slopelogBodyCarbon,linear regression analysis,mg,79,adult,1.083,"parameter, validation",spawning,state_var,tissue_reserves_carbs,NA
Huntley et al. (1994),"elemental composition, metabolic activity and growth of antarctic krill euphausia superba during winter",hybrid,months,winter,1992,"Gerlache Strait, Crystal Sound",interceptlogBodyNitrogen,linear regression analysis,mg,79,adult,1.033,"parameter, validation",spawning,state_var,tissue_reserves_lipids,NA
Huntley et al. (1994),"elemental composition, metabolic activity and growth of antarctic krill euphausia superba during winter",hybrid,months,winter,1992,"Gerlache Strait, Crystal Sound",slopelogBodyNitrogen,linear regression analysis,mg,79,adult,1.858,"parameter, validation",spawning,state_var,tissue_reserves_lipids,NA
Huntley et al. (1994),"elemental composition, metabolic activity and growth of antarctic krill euphausia superba during winter",hybrid,months,winter,1992,"Gerlache Strait, Crystal Sound",interceptlogAmmoniumexcretion,linear regression analysis,ug N h-1,75,adult,-1.273,"parameter, validation",spawning,function,maintenance _excretion,temperature
Huntley et al. (1994),"elemental composition, metabolic activity and growth of antarctic krill euphausia superba during winter",hybrid,months,winter,1992,"Gerlache Strait, Crystal Sound",interceptlogAmmoniumexcretion,linear regression analysis,ug N h-1,75,adult,-1.273,"parameter, validation",spawning,function,maintenance _excretion,photoperiod
Huntley et al. (1994),"elemental composition, metabolic activity and growth of antarctic krill euphausia superba during winter",hybrid,months,winter,1992,"Gerlache Strait, Crystal Sound",slopelogAmmoniumExcretion,linear regression analysis,mg,75,adult,0.744,"parameter, validation",spawning,function,maintenance _excretion,temperature
Huntley et al. (1994),"elemental composition, metabolic activity and growth of antarctic krill euphausia superba during winter",hybrid,months,winter,1992,"Gerlache Strait, Crystal Sound",slopelogAmmoniumExcretion,linear regression analysis,mg,75,adult,0.744,"parameter, validation",spawning,function,maintenance _excretion,photoperiod
Huntley et al. (1994),"elemental composition, metabolic activity and growth of antarctic krill euphausia superba during winter",hybrid,months,winter,1992,"Gerlache Strait, Crystal Sound",interceptlogAmmoniumexcretion,linear regression analysis,ug N h-1,75,adult,-0.887,"parameter, validation",spawning,function,maintenance _excretion,temperature
Huntley et al. (1994),"elemental composition, metabolic activity and growth of antarctic krill euphausia superba during winter",hybrid,months,winter,1992,"Gerlache Strait, Crystal Sound",interceptlogAmmoniumexcretion,linear regression analysis,ug N h-1,75,adult,-0.887,"parameter, validation",spawning,function,maintenance _excretion,photoperiod
Huntley et al. (1994),"elemental composition, metabolic activity and growth of antarctic krill euphausia superba during winter",hybrid,months,winter,1992,"Gerlache Strait, Crystal Sound",slopelogAmmoniumExcretion,linear regression analysis,mg,75,adult,0.676,"parameter, validation",spawning,function,maintenance _excretion,temperature
Huntley et al. (1994),"elemental composition, metabolic activity and growth of antarctic krill euphausia superba during winter",hybrid,months,winter,1992,"Gerlache Strait, Crystal Sound",slopelogAmmoniumExcretion,linear regression analysis,mg,75,adult,0.676,"parameter, validation",spawning,function,maintenance _excretion,photoperiod
Huntley et al. (1994),"elemental composition, metabolic activity and growth of antarctic krill euphausia superba during winter",hybrid,months,winter,1992,"Gerlache Strait, Crystal Sound",interceptlogAmmoniumexcretion,linear regression analysis,ug N h-1,75,adult,-0.461,"parameter, validation",spawning,function,maintenance _excretion,temperature
Huntley et al. (1994),"elemental composition, metabolic activity and growth of antarctic krill euphausia superba during winter",hybrid,months,winter,1992,"Gerlache Strait, Crystal Sound",interceptlogAmmoniumexcretion,linear regression analysis,ug N h-1,75,adult,-0.461,"parameter, validation",spawning,function,maintenance _excretion,photoperiod
Huntley et al. (1994),"elemental composition, metabolic activity and growth of antarctic krill euphausia superba during winter",hybrid,months,winter,1992,"Gerlache Strait, Crystal Sound",slopelogAmmoniumExcretion,linear regression analysis,mg,75,adult,0.739,"parameter, validation",spawning,function,maintenance _excretion,temperature
Huntley et al. (1994),"elemental composition, metabolic activity and growth of antarctic krill euphausia superba during winter",hybrid,months,winter,1992,"Gerlache Strait, Crystal Sound",slopelogAmmoniumExcretion,linear regression analysis,mg,75,adult,0.739,"parameter, validation",spawning,function,maintenance _excretion,photoperiod
Huntley et al. (1994),"elemental composition, metabolic activity and growth of antarctic krill euphausia superba during winter",hybrid,months,winter,1992,"Gerlache Strait, Crystal Sound",interceptlogPhosphateexcretion,linear regression analysis,ug P h-1,36,adult,-1.249,"parameter, validation",spawning,function,maintenance _excretion,temperature
Huntley et al. (1994),"elemental composition, metabolic activity and growth of antarctic krill euphausia superba during winter",hybrid,months,winter,1992,"Gerlache Strait, Crystal Sound",interceptlogPhosphateexcretion,linear regression analysis,ug P h-1,36,adult,-1.249,"parameter, validation",spawning,function,maintenance _excretion,photoperiod
Huntley et al. (1994),"elemental composition, metabolic activity and growth of antarctic krill euphausia superba during winter",hybrid,months,winter,1992,"Gerlache Strait, Crystal Sound",slopelogPhosphateExcretion,linear regression analysis,mg,36,adult,0.735,"parameter, validation",spawning,function,maintenance _excretion,temperature
Huntley et al. (1994),"elemental composition, metabolic activity and growth of antarctic krill euphausia superba during winter",hybrid,months,winter,1992,"Gerlache Strait, Crystal Sound",slopelogPhosphateExcretion,linear regression analysis,mg,36,adult,0.735,"parameter, validation",spawning,function,maintenance _excretion,photoperiod
Huntley et al. (1994),"elemental composition, metabolic activity and growth of antarctic krill euphausia superba during winter",hybrid,months,winter,1992,"Gerlache Strait, Crystal Sound",interceptlogPhosphateexcretion,linear regression analysis,ug P h-1,32,adult,-2.722,"parameter, validation",spawning,function,maintenance _excretion,temperature
Huntley et al. (1994),"elemental composition, metabolic activity and growth of antarctic krill euphausia superba during winter",hybrid,months,winter,1992,"Gerlache Strait, Crystal Sound",interceptlogPhosphateexcretion,linear regression analysis,ug P h-1,32,adult,-2.722,"parameter, validation",spawning,function,maintenance _excretion,photoperiod
Huntley et al. (1994),"elemental composition, metabolic activity and growth of antarctic krill euphausia superba during winter",hybrid,months,winter,1992,"Gerlache Strait, Crystal Sound",slopelogPhosphateExcretion,linear regression analysis,mg,32,adult,0.629,"parameter, validation",spawning,function,maintenance _excretion,temperature
Huntley et al. (1994),"elemental composition, metabolic activity and growth of antarctic krill euphausia superba during winter",hybrid,months,winter,1992,"Gerlache Strait, Crystal Sound",slopelogPhosphateExcretion,linear regression analysis,mg,32,adult,0.629,"parameter, validation",spawning,function,maintenance _excretion,photoperiod
Huntley et al. (1994),"elemental composition, metabolic activity and growth of antarctic krill euphausia superba during winter",hybrid,months,winter,1992,"Gerlache Strait, Crystal Sound",interceptlogPhosphateexcretion,linear regression analysis,ug P h-1,32,adult,-2.518,"parameter, validation",spawning,function,maintenance _excretion,temperature
Huntley et al. (1994),"elemental composition, metabolic activity and growth of antarctic krill euphausia superba during winter",hybrid,months,winter,1992,"Gerlache Strait, Crystal Sound",interceptlogPhosphateexcretion,linear regression analysis,ug P h-1,32,adult,-2.518,"parameter, validation",spawning,function,maintenance _excretion,photoperiod
Huntley et al. (1994),"elemental composition, metabolic activity and growth of antarctic krill euphausia superba during winter",hybrid,months,winter,1992,"Gerlache Strait, Crystal Sound",slopelogPhosphateExcretion,linear regression analysis,mg,32,adult,0.698,"parameter, validation",spawning,function,maintenance _excretion,temperature
Huntley et al. (1994),"elemental composition, metabolic activity and growth of antarctic krill euphausia superba during winter",hybrid,months,winter,1992,"Gerlache Strait, Crystal Sound",slopelogPhosphateExcretion,linear regression analysis,mg,32,adult,0.698,"parameter, validation",spawning,function,maintenance _excretion,photoperiod
Huntley et al. (1994),"elemental composition, metabolic activity and growth of antarctic krill euphausia superba during winter",hybrid,months,summer,1991-1992,Gerlache Strait,interceptlogDryWeight,linear regression analysis,mg,13,adult,-2.909,"parameter, validation",spawning,state_var,tissue_reserves_carbs,NA
Huntley et al. (1994),"elemental composition, metabolic activity and growth of antarctic krill euphausia superba during winter",hybrid,months,summer,1991-1992,Gerlache Strait,interceptlogDryWeight,linear regression analysis,mg,13,adult,-2.909,"parameter, validation",spawning,state_var,tissue_reserves_proteins,NA
Huntley et al. (1994),"elemental composition, metabolic activity and growth of antarctic krill euphausia superba during winter",hybrid,months,summer,1991-1992,Gerlache Strait,interceptlogDryWeight,linear regression analysis,mg,13,adult,-2.909,"parameter, validation",spawning,state_var,tissue_reserves_lipids,NA
Huntley et al. (1994),"elemental composition, metabolic activity and growth of antarctic krill euphausia superba during winter",hybrid,months,summer,1991-1992,Gerlache Strait,slopelogBodyLenght,linear regression analysis,mm,13,adult,2.866,"parameter, validation",spawning,state_var,tissue_reserves_carbs,NA
Huntley et al. (1994),"elemental composition, metabolic activity and growth of antarctic krill euphausia superba during winter",hybrid,months,summer,1991-1992,Gerlache Strait,slopelogBodyLenght,linear regression analysis,mm,13,adult,2.866,"parameter, validation",spawning,state_var,tissue_reserves_proteins,NA
Huntley et al. (1994),"elemental composition, metabolic activity and growth of antarctic krill euphausia superba during winter",hybrid,months,summer,1991-1992,Gerlache Strait,slopelogBodyLenght,linear regression analysis,mm,13,adult,2.866,"parameter, validation",spawning,state_var,tissue_reserves_lipids,NA
Huntley et al. (1994),"elemental composition, metabolic activity and growth of antarctic krill euphausia superba during winter",hybrid,months,summer,1991-1992,Gerlache Strait,interceptlogBodyCarbon,linear regression analysis,mg,13,adult,-0.536,"parameter, validation",spawning,state_var,tissue_reserves_carbs,NA
Huntley et al. (1994),"elemental composition, metabolic activity and growth of antarctic krill euphausia superba during winter",hybrid,months,summer,1991-1992,Gerlache Strait,slopelogDryWeight,linear regression analysis,mg,13,adult,1.056,"parameter, validation",spawning,state_var,tissue_reserves_carbs,NA
Huntley et al. (1994),"elemental composition, metabolic activity and growth of antarctic krill euphausia superba during winter",hybrid,months,summer,1991-1992,Gerlache Strait,slopelogDryWeight,linear regression analysis,mg,13,adult,1.056,"parameter, validation",spawning,state_var,tissue_reserves_proteins,NA
Huntley et al. (1994),"elemental composition, metabolic activity and growth of antarctic krill euphausia superba during winter",hybrid,months,summer,1991-1992,Gerlache Strait,slopelogDryWeight,linear regression analysis,mg,13,adult,1.056,"parameter, validation",spawning,state_var,tissue_reserves_lipids,NA
Huntley et al. (1994),"elemental composition, metabolic activity and growth of antarctic krill euphausia superba during winter",hybrid,months,summer,1991-1992,Gerlache Strait,interceptlogBodyNitrogen,linear regression analysis,mg,13,adult,-1.222,"parameter, validation",spawning,state_var,tissue_reserves_lipids,NA
Huntley et al. (1994),"elemental composition, metabolic activity and growth of antarctic krill euphausia superba during winter",hybrid,months,summer,1991-1992,Gerlache Strait,slopelogDryWeight,linear regression analysis,mg,13,adult,1.081,"parameter, validation",spawning,state_var,tissue_reserves_carbs,NA
Huntley et al. (1994),"elemental composition, metabolic activity and growth of antarctic krill euphausia superba during winter",hybrid,months,summer,1991-1992,Gerlache Strait,slopelogDryWeight,linear regression analysis,mg,13,adult,1.081,"parameter, validation",spawning,state_var,tissue_reserves_proteins,NA
Huntley et al. (1994),"elemental composition, metabolic activity and growth of antarctic krill euphausia superba during winter",hybrid,months,summer,1991-1992,Gerlache Strait,slopelogDryWeight,linear regression analysis,mg,13,adult,1.081,"parameter, validation",spawning,state_var,tissue_reserves_lipids,NA
Ruck et al. (2014),Regional differences in quality of krill and fish as prey along the Western Antarctic Peninsula,observation,years,summer,2009-2011,Western Antarctic Peninsula,"nitrogen content, females (North WAP; South WAP)",measurement,µg N mg-1 DW,NA,adult,92; 86,"parameter, validation",spawning,state_var,tissue_reserves_lipids,NA
Ruck et al. (2014),Regional differences in quality of krill and fish as prey along the Western Antarctic Peninsula,observation,years,summer,2009-2011,Western Antarctic Peninsula,"carbon content, females (North WAP; South WAP)",measurement,µg C mg-1 DW,NA,adult,420; 433,"parameter, validation",spawning,state_var,tissue_reserves_carbs,NA
Ruck et al. (2014),Regional differences in quality of krill and fish as prey along the Western Antarctic Peninsula,observation,years,summer,2009-2011,Western Antarctic Peninsula,"total lipids, females (North WAP; South WAP)",measurement,% DW,NA,adult,30.77; 36.26,"parameter, validation",spawning,state_var,tissue_reserves_lipids,NA
Ruck et al. (2014),Regional differences in quality of krill and fish as prey along the Western Antarctic Peninsula,observation,years,summer,2009-2011,Western Antarctic Peninsula,"nitrogen content, total krill (North WAP; South WAP)",measurement,µg N mg-1 DW,NA,NA,91; 87,"parameter, validation",spawning,state_var,tissue_reserves_lipids,NA
Ruck et al. (2014),Regional differences in quality of krill and fish as prey along the Western Antarctic Peninsula,observation,years,summer,2009-2011,Western Antarctic Peninsula,"carbon content, total krill (North WAP; South WAP)",measurement,µg C mg-1 DW,NA,NA,405; 425,"parameter, validation",spawning,state_var,tissue_reserves_carbs,NA
Ruck et al. (2014),Regional differences in quality of krill and fish as prey along the Western Antarctic Peninsula,observation,years,summer,2009-2011,Western Antarctic Peninsula,"total lipids, total krill (North WAP; South WAP)",measurement,% DW,NA,NA,28.51; 35.21,"parameter, validation",spawning,state_var,tissue_reserves_lipids,NA
Ruck et al. (2014),Regional differences in quality of krill and fish as prey along the Western Antarctic Peninsula,observation,years,summer,2009-2011,Western Antarctic Peninsula,"nitrogen content, females",measurement,µg N mg-1 DW,NA,adult,87.8,"parameter, validation",spawning,state_var,tissue_reserves_proteins,NA
Ruck et al. (2014),Regional differences in quality of krill and fish as prey along the Western Antarctic Peninsula,observation,years,summer,2009-2011,Western Antarctic Peninsula,"carbon content, females",measurement,µg C mg-1 DW,NA,adult,429.4,"parameter, validation",spawning,state_var,tissue_reserves_carbs,NA
Ruck et al. (2014),Regional differences in quality of krill and fish as prey along the Western Antarctic Peninsula,observation,years,summer,2009-2011,Western Antarctic Peninsula,"neutral lipids, females",measurement,% DW,NA,adult,13.7,"parameter, validation",spawning,state_var,tissue_reserves_lipids,NA
Ruck et al. (2014),Regional differences in quality of krill and fish as prey along the Western Antarctic Peninsula,observation,years,summer,2009-2011,Western Antarctic Peninsula,"polar lipids, females",measurement,% DW,NA,adult,20.8,"parameter, validation",spawning,state_var,tissue_reserves_lipids,NA
Ruck et al. (2014),Regional differences in quality of krill and fish as prey along the Western Antarctic Peninsula,observation,years,summer,2009-2011,Western Antarctic Peninsula,"total lipids, females",measurement,% DW,NA,adult,34.4,"parameter, validation",spawning,state_var,tissue_reserves_lipids,NA
Ruck et al. (2014),Regional differences in quality of krill and fish as prey along the Western Antarctic Peninsula,observation,years,summer,2009-2011,Western Antarctic Peninsula,"nitrogen content, total krill",measurement,µg N mg-1 DW,NA,adult,88.4,"parameter, validation",spawning,state_var,tissue_reserves_proteins,NA
Ruck et al. (2014),Regional differences in quality of krill and fish as prey along the Western Antarctic Peninsula,observation,years,summer,2009-2011,Western Antarctic Peninsula,"carbon content, total krill",measurement,µg C mg-1 DW,NA,adult,416.8,"parameter, validation",spawning,state_var,tissue_reserves_carbs,NA
Ruck et al. (2014),Regional differences in quality of krill and fish as prey along the Western Antarctic Peninsula,observation,years,summer,2009-2011,Western Antarctic Peninsula,"neutral lipids, total krill",measurement,% DW,NA,adult,12.9,"parameter, validation",spawning,state_var,tissue_reserves_lipids,NA
Ruck et al. (2014),Regional differences in quality of krill and fish as prey along the Western Antarctic Peninsula,observation,years,summer,2009-2011,Western Antarctic Peninsula,"polar lipids, total krill",measurement,% DW,NA,adult,19.3,"parameter, validation",spawning,state_var,tissue_reserves_lipids,NA
Ruck et al. (2014),Regional differences in quality of krill and fish as prey along the Western Antarctic Peninsula,observation,years,summer,2009-2011,Western Antarctic Peninsula,"total lipids, total krill",measurement,% DW,NA,adult,32.3,"parameter, validation",spawning,state_var,tissue_reserves_lipids,NA
Ruck et al. (2014),Regional differences in quality of krill and fish as prey along the Western Antarctic Peninsula,observation,years,summer,2009-2011,Western Antarctic Peninsula,"nitrogen content with length, juveniles",linear regression,NA,28,juvenile,N=-0.001 x TL + 0.12,parameter,spawning,state_var,tissue_reserves_proteins,NA
Ruck et al. (2014),Regional differences in quality of krill and fish as prey along the Western Antarctic Peninsula,observation,years,summer,2009-2011,Western Antarctic Peninsula,"carbon content with length, juveniles",linear regression,NA,28,juvenile,NA,parameter,spawning,state_var,tissue_reserves_carbs,NA
Ruck et al. (2014),Regional differences in quality of krill and fish as prey along the Western Antarctic Peninsula,observation,years,summer,2009-2011,Western Antarctic Peninsula,"neutral lipids with length, juveniles",linear regression,NA,39,juvenile,Neutral Lip = 0.75 x TL - 9.91,parameter,spawning,state_var,tissue_reserves_lipids,NA
Ruck et al. (2014),Regional differences in quality of krill and fish as prey along the Western Antarctic Peninsula,observation,years,summer,2009-2011,Western Antarctic Peninsula,"polar lipids with length, juveniles",linear regression,NA,39,juvenile,Polar Lip = 0.8 x TL - 6.26,parameter,spawning,state_var,tissue_reserves_lipids,NA
Ruck et al. (2014),Regional differences in quality of krill and fish as prey along the Western Antarctic Peninsula,observation,years,summer,2009-2011,Western Antarctic Peninsula,"total lipids with length, juveniles",linear regression,NA,39,juvenile,Total Lip = 1.46 x TL - 12.97,parameter,spawning,state_var,tissue_reserves_lipids,NA
Ruck et al. (2014),Regional differences in quality of krill and fish as prey along the Western Antarctic Peninsula,observation,years,summer,2009-2011,Western Antarctic Peninsula,total lipid content with latitude,linear regression,NA,39,NA,Total Lip = 2.83 x Latitude - 156.06,parameter,spawning,state_var,tissue_reserves_lipids,NA
Meyer et al. (2010),"seasonal variation in body composition, metabolic activity, feeding, and growth of adult krill euphausia superba in the lazarev sea",hybrid,months,"spring, summer",2005-2006,Lazarev Sea,Lipid content,RMT net sampling,% lipid dry mass-1,32,adult,5.2,"parameter, validation",spawning,state_var,tissue_reserves_lipids,NA
Meyer et al. (2010),"seasonal variation in body composition, metabolic activity, feeding, and growth of adult krill euphausia superba in the lazarev sea",hybrid,months,autumn,2004,Lazarev Sea,Lipid content,RMT net sampling,% lipid dry mass-1,45,adult,31.9,"parameter, validation",spawning,state_var,tissue_reserves_lipids,NA
Meyer et al. (2010),"seasonal variation in body composition, metabolic activity, feeding, and growth of adult krill euphausia superba in the lazarev sea",hybrid,months,"spring, summer",2005-2006,Lazarev Sea,Protein content,RMT net sampling,% protein dry mass-1,32,adult,46,"parameter, validation",spawning,state_var,tissue_reserves_proteins,NA
Meyer et al. (2010),"seasonal variation in body composition, metabolic activity, feeding, and growth of adult krill euphausia superba in the lazarev sea",hybrid,months,autumn,2004,Lazarev Sea,Protein content,RMT net sampling,% protein dry mass-1,45,adult,38.3,"parameter, validation",spawning,state_var,tissue_reserves_proteins,NA
Meyer et al. (2010),"seasonal variation in body composition, metabolic activity, feeding, and growth of adult krill euphausia superba in the lazarev sea",hybrid,months,"spring, summer",2005-2006,Lazarev Sea,Respiration rate,"RMT net sampling, incubations",uL O2 mg-1 DM h-1,12,adult,0.71,"parameter, validation",spawning,function,maintenance _respiration,temperature
Meyer et al. (2010),"seasonal variation in body composition, metabolic activity, feeding, and growth of adult krill euphausia superba in the lazarev sea",hybrid,months,"spring, summer",2005-2006,Lazarev Sea,Respiration rate,"RMT net sampling, incubations",uL O2 mg-1 DM h-1,12,adult,0.71,"parameter, validation",spawning,function,maintenance _respiration,photoperiod
Meyer et al. (2010),"seasonal variation in body composition, metabolic activity, feeding, and growth of adult krill euphausia superba in the lazarev sea",hybrid,months,autumn,2004,Lazarev Sea,Respiration rate,"RMT net sampling, incubations",uL O2 mg-1 DM h-1,13,adult,0.37,"parameter, validation",spawning,function,maintenance _respiration,temperature
Meyer et al. (2010),"seasonal variation in body composition, metabolic activity, feeding, and growth of adult krill euphausia superba in the lazarev sea",hybrid,months,autumn,2004,Lazarev Sea,Respiration rate,"RMT net sampling, incubations",uL O2 mg-1 DM h-1,13,adult,0.37,"parameter, validation",spawning,function,maintenance _respiration,photoperiod
Meyer et al. (2010),"seasonal variation in body composition, metabolic activity, feeding, and growth of adult krill euphausia superba in the lazarev sea",hybrid,months,"spring, summer",2005-2006,Lazarev Sea,Feeding activity,"RMT net sampling, incubations",% body C d-1,12,adult,10,"parameter, validation",spawning,function,ingestion,temperature
Meyer et al. (2010),"seasonal variation in body composition, metabolic activity, feeding, and growth of adult krill euphausia superba in the lazarev sea",hybrid,months,"spring, summer",2005-2006,Lazarev Sea,Feeding activity,"RMT net sampling, incubations",% body C d-1,12,adult,10,"parameter, validation",spawning,function,ingestion,photoperiod
Meyer et al. (2010),"seasonal variation in body composition, metabolic activity, feeding, and growth of adult krill euphausia superba in the lazarev sea",hybrid,months,"spring, summer",2005-2006,Lazarev Sea,Feeding activity,"RMT net sampling, incubations",% body C d-1,12,adult,10,"parameter, validation",spawning,function,ingestion,POC
Meyer et al. (2010),"seasonal variation in body composition, metabolic activity, feeding, and growth of adult krill euphausia superba in the lazarev sea",hybrid,months,autumn,2004,Lazarev Sea,Feeding activity,"RMT net sampling, incubations",% body C d-1,13,adult,20,"parameter, validation",spawning,function,ingestion,temperature
Meyer et al. (2010),"seasonal variation in body composition, metabolic activity, feeding, and growth of adult krill euphausia superba in the lazarev sea",hybrid,months,autumn,2004,Lazarev Sea,Feeding activity,"RMT net sampling, incubations",% body C d-1,13,adult,20,"parameter, validation",spawning,function,ingestion,photoperiod
Meyer et al. (2010),"seasonal variation in body composition, metabolic activity, feeding, and growth of adult krill euphausia superba in the lazarev sea",hybrid,months,autumn,2004,Lazarev Sea,Feeding activity,"RMT net sampling, incubations",% body C d-1,13,adult,20,"parameter, validation",spawning,function,ingestion,POC
Price et al. 1988,omnivorous feeding behavior of the antarctic krill euphausia superba,observation,months,summer,1985-1986,Antarctic Peninsula,Mean clearance rate on copepods,Experimental incubation,mL ind.^-1 h^-1,NA,adult,1055,"parameter, validation",spawning,function,ingestion,POC
Price et al. 1988,omnivorous feeding behavior of the antarctic krill euphausia superba,observation,months,summer,1985-1986,Antarctic Peninsula,Linear regresssion intercept: weight-specific chl clearance rate (mL mg DW ind.^-1 h ^-1) vs. chl concentration,Linear regression on experimental data,mL mg DW ind.^-1 h ^-1,17,adult,1.25,parameter,spawning,function,ingestion,chlorophyll
Price et al. 1988,omnivorous feeding behavior of the antarctic krill euphausia superba,observation,months,summer,1985-1986,Antarctic Peninsula,Linear regresssion slope: weight-specific chl clearance rate (mL mg DW ind.^-1 h ^-1) vs. chl concentration,Linear regression on experimental data,NA,17,adult,0.12,parameter,spawning,function,ingestion,chlorophyll
Price et al. 1988,omnivorous feeding behavior of the antarctic krill euphausia superba,observation,months,summer,1985-1986,Antarctic Peninsula,Linear regresssion intercept: chl ingestion rate (microg chl ind.^-1 h ^-1) vs. chl concentration,Linear regression on experimental data,microg chl ind.^-1 h ^-1,17,adult,-0.3,parameter,spawning,function,ingestion,chlorophyll
Price et al. 1988,omnivorous feeding behavior of the antarctic krill euphausia superba,observation,months,summer,1985-1986,Antarctic Peninsula,Linear regresssion slope: chl ingestion rate (microg chl ind.^-1 h ^-1) vs. chl concentration,Linear regression on experimental data,NA,17,adult,0.45,parameter,spawning,function,ingestion,chlorophyll
Meyer et al. (2010),"seasonal variation in body composition, metabolic activity, feeding, and growth of adult krill euphausia superba in the lazarev sea",hybrid,months,"spring, summer",2005-2006,Lazarev Sea,daily C ration: food availability (linear regression),RMT net sampling,% body C d-1: mg C m-3,7,adult,y = 0.013x – 0.623,parameter,spawning,function,assimilation,POC
Meyer et al. (2010),"seasonal variation in body composition, metabolic activity, feeding, and growth of adult krill euphausia superba in the lazarev sea",hybrid,months,autumn,2004,Lazarev Sea,daily C ration: food availability (linear regression),RMT net sampling,% body C d-1: mg C m-3,9,adult,y = 0.003x – 0.104,parameter,spawning,function,assimilation,POC
Meyer et al. (2010),"seasonal variation in body composition, metabolic activity, feeding, and growth of adult krill euphausia superba in the lazarev sea",hybrid,months,winter,2006,Lazarev Sea,daily C ration: food availability (linear regression),RMT net sampling,% body C d-1: mg C m-3,10,adult,y = 0.002x  + 0.032,parameter,spawning,function,assimilation,POC
Kohlbach et al. (2019),varying dependency of antarctic euphausiids on ice algae- and phytoplankton-derived carbon sources during summer,observation,days,summer,2014,Weddell Sea,mean percent total lipid content by dry weight,Trawl collection and measurement,percent,59,adult,21.2,"parameter, validation",spawning,state_var,tissue_reserves_lipids,NA
Kohlbach et al. (2019),varying dependency of antarctic euphausiids on ice algae- and phytoplankton-derived carbon sources during summer,observation,days,summer,2014,Weddell Sea,mean percent fatty acid content by dry weight,Trawl collection and measurement,percent,37,adult,8.8,"parameter, validation",spawning,state_var,tissue_reserves_lipids,NA
Kohlbach et al. (2019),varying dependency of antarctic euphausiids on ice algae- and phytoplankton-derived carbon sources during summer,observation,days,summer,2014,Weddell Sea,minimum mean percent sympagic (ice-derived) diet contribution,Calculated 5 different ways using stable isotopes of C,percent,5,adult,5,"parameter, validation",spawning,function,assimilation,chlorophyll
Kohlbach et al. (2019),varying dependency of antarctic euphausiids on ice algae- and phytoplankton-derived carbon sources during summer,observation,days,summer,2014,Weddell Sea,maximum mean percent sympagic (ice-derived) diet contribution,Calculated 5 different ways using stable isotopes of C,percent,18,adult,5,"parameter, validation",spawning,function,assimilation,chlorophyll
Auerswald et al. (2009),"Effect of short-term starvation of adult Antarctic krill, Euphausia superba, at the onset of summer",observation,months,summer,2005-2006,Lazarev Sea,whole animal decrease dry mass 18 days,starvation experiment,%,NA,adult,17,"parameter, validation",spawning,function,maintenance _respiration,temperature
Auerswald et al. (2009),"Effect of short-term starvation of adult Antarctic krill, Euphausia superba, at the onset of summer",observation,months,summer,2005-2006,Lazarev Sea,whole animal decrease dry mass 18 days,starvation experiment,%,NA,adult,17,"parameter, validation",spawning,function,maintenance _respiration,chlorophyll
Auerswald et al. (2009),"Effect of short-term starvation of adult Antarctic krill, Euphausia superba, at the onset of summer",observation,months,summer,2005-2006,Lazarev Sea,whole animal decrease dry mass 18 days,starvation experiment,%,NA,adult,17,"parameter, validation",spawning,function,maintenance _respiration,POC
Auerswald et al. (2009),"Effect of short-term starvation of adult Antarctic krill, Euphausia superba, at the onset of summer",observation,months,summer,2005-2006,Lazarev Sea,whole animal decrease dry mass 18 days,starvation experiment,%,NA,adult,17,"parameter, validation",spawning,state_var,tissue_reserves_carbs,NA
Auerswald et al. (2009),"Effect of short-term starvation of adult Antarctic krill, Euphausia superba, at the onset of summer",observation,months,summer,2005-2006,Lazarev Sea,whole animal decrease dry mass 18 days,starvation experiment,%,NA,adult,17,"parameter, validation",spawning,state_var,tissue_reserves_proteins,NA
Auerswald et al. (2009),"Effect of short-term starvation of adult Antarctic krill, Euphausia superba, at the onset of summer",observation,months,summer,2005-2006,Lazarev Sea,whole animal decrease dry mass 18 days,starvation experiment,%,NA,adult,17,"parameter, validation",spawning,state_var,tissue_reserves_lipids,NA
Auerswald et al. (2009),"Effect of short-term starvation of adult Antarctic krill, Euphausia superba, at the onset of summer",observation,months,summer,2005-2006,Lazarev Sea,whole animal decrease carbon 18 days,starvation experiment,%,NA,adult,8,"parameter, validation",spawning,function,maintenance _respiration,temperature
Auerswald et al. (2009),"Effect of short-term starvation of adult Antarctic krill, Euphausia superba, at the onset of summer",observation,months,summer,2005-2006,Lazarev Sea,whole animal decrease carbon 18 days,starvation experiment,%,NA,adult,8,"parameter, validation",spawning,function,maintenance _respiration,chlorophyll
Auerswald et al. (2009),"Effect of short-term starvation of adult Antarctic krill, Euphausia superba, at the onset of summer",observation,months,summer,2005-2006,Lazarev Sea,whole animal decrease carbon 18 days,starvation experiment,%,NA,adult,8,"parameter, validation",spawning,function,maintenance _respiration,POC
Auerswald et al. (2009),"Effect of short-term starvation of adult Antarctic krill, Euphausia superba, at the onset of summer",observation,months,summer,2005-2006,Lazarev Sea,whole animal decrease carbon 18 days,starvation experiment,%,NA,adult,8,"parameter, validation",spawning,state_var,tissue_reserves_carbs,NA
Auerswald et al. (2009),"Effect of short-term starvation of adult Antarctic krill, Euphausia superba, at the onset of summer",observation,months,summer,2005-2006,Lazarev Sea,whole animal decrease nitrogen 18 days,starvation experiment,%,NA,adult,0,"parameter, validation",spawning,function,maintenance _respiration,temperature
Auerswald et al. (2009),"Effect of short-term starvation of adult Antarctic krill, Euphausia superba, at the onset of summer",observation,months,summer,2005-2006,Lazarev Sea,whole animal decrease nitrogen 18 days,starvation experiment,%,NA,adult,0,"parameter, validation",spawning,function,maintenance _respiration,chlorophyll
Auerswald et al. (2009),"Effect of short-term starvation of adult Antarctic krill, Euphausia superba, at the onset of summer",observation,months,summer,2005-2006,Lazarev Sea,whole animal decrease nitrogen 18 days,starvation experiment,%,NA,adult,0,"parameter, validation",spawning,function,maintenance _respiration,POC
Auerswald et al. (2009),"Effect of short-term starvation of adult Antarctic krill, Euphausia superba, at the onset of summer",observation,months,summer,2005-2006,Lazarev Sea,whole animal decrease nitrogen 18 days,starvation experiment,%,NA,adult,0,"parameter, validation",spawning,state_var,tissue_reserves_proteins,NA
Auerswald et al. (2009),"Effect of short-term starvation of adult Antarctic krill, Euphausia superba, at the onset of summer",observation,months,summer,2005-2006,Lazarev Sea,whole animal decrease lipid content 18 days,starvation experiment,%,NA,adult,39,"parameter, validation",spawning,function,maintenance _respiration,temperature
Auerswald et al. (2009),"Effect of short-term starvation of adult Antarctic krill, Euphausia superba, at the onset of summer",observation,months,summer,2005-2006,Lazarev Sea,whole animal decrease lipid content 18 days,starvation experiment,%,NA,adult,39,"parameter, validation",spawning,function,maintenance _respiration,chlorophyll
Auerswald et al. (2009),"Effect of short-term starvation of adult Antarctic krill, Euphausia superba, at the onset of summer",observation,months,summer,2005-2006,Lazarev Sea,whole animal decrease lipid content 18 days,starvation experiment,%,NA,adult,39,"parameter, validation",spawning,function,maintenance _respiration,POC
Auerswald et al. (2009),"Effect of short-term starvation of adult Antarctic krill, Euphausia superba, at the onset of summer",observation,months,summer,2005-2006,Lazarev Sea,whole animal decrease lipid content 18 days,starvation experiment,%,NA,adult,39,"parameter, validation",spawning,state_var,tissue_reserves_lipids,NA
Auerswald et al. (2009),"Effect of short-term starvation of adult Antarctic krill, Euphausia superba, at the onset of summer",observation,months,summer,2005-2006,Lazarev Sea,whole animal decrease protein 18 days,starvation experiment,%,NA,adult,11,"parameter, validation",spawning,function,maintenance _respiration,temperature
Auerswald et al. (2009),"Effect of short-term starvation of adult Antarctic krill, Euphausia superba, at the onset of summer",observation,months,summer,2005-2006,Lazarev Sea,whole animal decrease protein 18 days,starvation experiment,%,NA,adult,11,"parameter, validation",spawning,function,maintenance _respiration,chlorophyll
Auerswald et al. (2009),"Effect of short-term starvation of adult Antarctic krill, Euphausia superba, at the onset of summer",observation,months,summer,2005-2006,Lazarev Sea,whole animal decrease protein 18 days,starvation experiment,%,NA,adult,11,"parameter, validation",spawning,function,maintenance _respiration,POC
Auerswald et al. (2009),"Effect of short-term starvation of adult Antarctic krill, Euphausia superba, at the onset of summer",observation,months,summer,2005-2006,Lazarev Sea,whole animal decrease protein 18 days,starvation experiment,%,NA,adult,11,"parameter, validation",spawning,state_var,tissue_reserves_proteins,NA
Auerswald et al. (2009),"Effect of short-term starvation of adult Antarctic krill, Euphausia superba, at the onset of summer",observation,months,summer,2005-2006,Lazarev Sea,whole animal drymass (% of fresh mass) 0 days,starvation experiment,%,NA,adult,17.9,"parameter, validation",spawning,function,maintenance _respiration,temperature
Auerswald et al. (2009),"Effect of short-term starvation of adult Antarctic krill, Euphausia superba, at the onset of summer",observation,months,summer,2005-2006,Lazarev Sea,whole animal drymass (% of fresh mass) 0 days,starvation experiment,%,NA,adult,17.9,"parameter, validation",spawning,function,maintenance _respiration,chlorophyll
Auerswald et al. (2009),"Effect of short-term starvation of adult Antarctic krill, Euphausia superba, at the onset of summer",observation,months,summer,2005-2006,Lazarev Sea,whole animal drymass (% of fresh mass) 0 days,starvation experiment,%,NA,adult,17.9,"parameter, validation",spawning,function,maintenance _respiration,POC
Auerswald et al. (2009),"Effect of short-term starvation of adult Antarctic krill, Euphausia superba, at the onset of summer",observation,months,summer,2005-2006,Lazarev Sea,whole animal drymass (% of fresh mass) 0 days,starvation experiment,%,NA,adult,17.9,"parameter, validation",spawning,state_var,tissue_reserves_carbs,NA
Auerswald et al. (2009),"Effect of short-term starvation of adult Antarctic krill, Euphausia superba, at the onset of summer",observation,months,summer,2005-2006,Lazarev Sea,whole animal drymass (% of fresh mass) 6 days,starvation experiment,%,NA,adult,16.8,"parameter, validation",spawning,function,maintenance _respiration,temperature
Auerswald et al. (2009),"Effect of short-term starvation of adult Antarctic krill, Euphausia superba, at the onset of summer",observation,months,summer,2005-2006,Lazarev Sea,whole animal drymass (% of fresh mass) 6 days,starvation experiment,%,NA,adult,16.8,"parameter, validation",spawning,function,maintenance _respiration,chlorophyll
Auerswald et al. (2009),"Effect of short-term starvation of adult Antarctic krill, Euphausia superba, at the onset of summer",observation,months,summer,2005-2006,Lazarev Sea,whole animal drymass (% of fresh mass) 6 days,starvation experiment,%,NA,adult,16.8,"parameter, validation",spawning,function,maintenance _respiration,POC
Auerswald et al. (2009),"Effect of short-term starvation of adult Antarctic krill, Euphausia superba, at the onset of summer",observation,months,summer,2005-2006,Lazarev Sea,whole animal drymass (% of fresh mass) 6 days,starvation experiment,%,NA,adult,16.8,"parameter, validation",spawning,state_var,tissue_reserves_carbs,NA
Auerswald et al. (2009),"Effect of short-term starvation of adult Antarctic krill, Euphausia superba, at the onset of summer",observation,months,summer,2005-2006,Lazarev Sea,whole animal drymass (% of fresh mass) 10 days,starvation experiment,%,NA,adult,15.5,"parameter, validation",spawning,function,maintenance _respiration,temperature
Auerswald et al. (2009),"Effect of short-term starvation of adult Antarctic krill, Euphausia superba, at the onset of summer",observation,months,summer,2005-2006,Lazarev Sea,whole animal drymass (% of fresh mass) 10 days,starvation experiment,%,NA,adult,15.5,"parameter, validation",spawning,function,maintenance _respiration,chlorophyll
Auerswald et al. (2009),"Effect of short-term starvation of adult Antarctic krill, Euphausia superba, at the onset of summer",observation,months,summer,2005-2006,Lazarev Sea,whole animal drymass (% of fresh mass) 10 days,starvation experiment,%,NA,adult,15.5,"parameter, validation",spawning,function,maintenance _respiration,POC
Auerswald et al. (2009),"Effect of short-term starvation of adult Antarctic krill, Euphausia superba, at the onset of summer",observation,months,summer,2005-2006,Lazarev Sea,whole animal drymass (% of fresh mass) 10 days,starvation experiment,%,NA,adult,15.5,"parameter, validation",spawning,state_var,tissue_reserves_carbs,NA
Auerswald et al. (2009),"Effect of short-term starvation of adult Antarctic krill, Euphausia superba, at the onset of summer",observation,months,summer,2005-2006,Lazarev Sea,whole animal drymass (% of fresh mass) 14 days,starvation experiment,%,NA,adult,15.5,"parameter, validation",spawning,function,maintenance _respiration,temperature
Auerswald et al. (2009),"Effect of short-term starvation of adult Antarctic krill, Euphausia superba, at the onset of summer",observation,months,summer,2005-2006,Lazarev Sea,whole animal drymass (% of fresh mass) 14 days,starvation experiment,%,NA,adult,15.5,"parameter, validation",spawning,function,maintenance _respiration,chlorophyll
Auerswald et al. (2009),"Effect of short-term starvation of adult Antarctic krill, Euphausia superba, at the onset of summer",observation,months,summer,2005-2006,Lazarev Sea,whole animal drymass (% of fresh mass) 14 days,starvation experiment,%,NA,adult,15.5,"parameter, validation",spawning,function,maintenance _respiration,POC
Auerswald et al. (2009),"Effect of short-term starvation of adult Antarctic krill, Euphausia superba, at the onset of summer",observation,months,summer,2005-2006,Lazarev Sea,whole animal drymass (% of fresh mass) 14 days,starvation experiment,%,NA,adult,15.5,"parameter, validation",spawning,state_var,tissue_reserves_carbs,NA
Auerswald et al. (2009),"Effect of short-term starvation of adult Antarctic krill, Euphausia superba, at the onset of summer",observation,months,summer,2005-2006,Lazarev Sea,whole animal drymass (% of fresh mass) 18 days,starvation experiment,%,NA,adult,15,"parameter, validation",spawning,function,maintenance _respiration,temperature
Auerswald et al. (2009),"Effect of short-term starvation of adult Antarctic krill, Euphausia superba, at the onset of summer",observation,months,summer,2005-2006,Lazarev Sea,whole animal drymass (% of fresh mass) 18 days,starvation experiment,%,NA,adult,15,"parameter, validation",spawning,function,maintenance _respiration,chlorophyll
Auerswald et al. (2009),"Effect of short-term starvation of adult Antarctic krill, Euphausia superba, at the onset of summer",observation,months,summer,2005-2006,Lazarev Sea,whole animal drymass (% of fresh mass) 18 days,starvation experiment,%,NA,adult,15,"parameter, validation",spawning,function,maintenance _respiration,POC
Auerswald et al. (2009),"Effect of short-term starvation of adult Antarctic krill, Euphausia superba, at the onset of summer",observation,months,summer,2005-2006,Lazarev Sea,whole animal drymass (% of fresh mass) 18 days,starvation experiment,%,NA,adult,15,"parameter, validation",spawning,state_var,tissue_reserves_carbs,NA
Auerswald et al. (2009),"Effect of short-term starvation of adult Antarctic krill, Euphausia superba, at the onset of summer",observation,months,summer,2005-2006,Lazarev Sea,whole animal C (% of dry mass) 0 days,starvation experiment,%,NA,adult,34.1,"parameter, validation",spawning,function,maintenance _respiration,temperature
Auerswald et al. (2009),"Effect of short-term starvation of adult Antarctic krill, Euphausia superba, at the onset of summer",observation,months,summer,2005-2006,Lazarev Sea,whole animal C (% of dry mass) 0 days,starvation experiment,%,NA,adult,34.1,"parameter, validation",spawning,function,maintenance _respiration,chlorophyll
Auerswald et al. (2009),"Effect of short-term starvation of adult Antarctic krill, Euphausia superba, at the onset of summer",observation,months,summer,2005-2006,Lazarev Sea,whole animal C (% of dry mass) 0 days,starvation experiment,%,NA,adult,34.1,"parameter, validation",spawning,function,maintenance _respiration,POC
Auerswald et al. (2009),"Effect of short-term starvation of adult Antarctic krill, Euphausia superba, at the onset of summer",observation,months,summer,2005-2006,Lazarev Sea,whole animal C (% of dry mass) 0 days,starvation experiment,%,NA,adult,34.1,"parameter, validation",spawning,state_var,tissue_reserves_carbs,NA
Auerswald et al. (2009),"Effect of short-term starvation of adult Antarctic krill, Euphausia superba, at the onset of summer",observation,months,summer,2005-2006,Lazarev Sea,whole animal C (% of dry mass) 6 days,starvation experiment,%,NA,adult,33.6,"parameter, validation",spawning,function,maintenance _respiration,temperature
Auerswald et al. (2009),"Effect of short-term starvation of adult Antarctic krill, Euphausia superba, at the onset of summer",observation,months,summer,2005-2006,Lazarev Sea,whole animal C (% of dry mass) 6 days,starvation experiment,%,NA,adult,33.6,"parameter, validation",spawning,function,maintenance _respiration,chlorophyll
Auerswald et al. (2009),"Effect of short-term starvation of adult Antarctic krill, Euphausia superba, at the onset of summer",observation,months,summer,2005-2006,Lazarev Sea,whole animal C (% of dry mass) 6 days,starvation experiment,%,NA,adult,33.6,"parameter, validation",spawning,function,maintenance _respiration,POC
Auerswald et al. (2009),"Effect of short-term starvation of adult Antarctic krill, Euphausia superba, at the onset of summer",observation,months,summer,2005-2006,Lazarev Sea,whole animal C (% of dry mass) 6 days,starvation experiment,%,NA,adult,33.6,"parameter, validation",spawning,state_var,tissue_reserves_carbs,NA
Auerswald et al. (2009),"Effect of short-term starvation of adult Antarctic krill, Euphausia superba, at the onset of summer",observation,months,summer,2005-2006,Lazarev Sea,whole animal C (% of dry mass) 10 days,starvation experiment,%,NA,adult,32.7,"parameter, validation",spawning,function,maintenance _respiration,temperature
Auerswald et al. (2009),"Effect of short-term starvation of adult Antarctic krill, Euphausia superba, at the onset of summer",observation,months,summer,2005-2006,Lazarev Sea,whole animal C (% of dry mass) 10 days,starvation experiment,%,NA,adult,32.7,"parameter, validation",spawning,function,maintenance _respiration,chlorophyll
Auerswald et al. (2009),"Effect of short-term starvation of adult Antarctic krill, Euphausia superba, at the onset of summer",observation,months,summer,2005-2006,Lazarev Sea,whole animal C (% of dry mass) 10 days,starvation experiment,%,NA,adult,32.7,"parameter, validation",spawning,function,maintenance _respiration,POC
Auerswald et al. (2009),"Effect of short-term starvation of adult Antarctic krill, Euphausia superba, at the onset of summer",observation,months,summer,2005-2006,Lazarev Sea,whole animal C (% of dry mass) 10 days,starvation experiment,%,NA,adult,32.7,"parameter, validation",spawning,state_var,tissue_reserves_carbs,NA
Auerswald et al. (2009),"Effect of short-term starvation of adult Antarctic krill, Euphausia superba, at the onset of summer",observation,months,summer,2005-2006,Lazarev Sea,whole animal C (% of dry mass) 14 days,starvation experiment,%,NA,adult,32.5,"parameter, validation",spawning,function,maintenance _respiration,temperature
Auerswald et al. (2009),"Effect of short-term starvation of adult Antarctic krill, Euphausia superba, at the onset of summer",observation,months,summer,2005-2006,Lazarev Sea,whole animal C (% of dry mass) 14 days,starvation experiment,%,NA,adult,32.5,"parameter, validation",spawning,function,maintenance _respiration,chlorophyll
Auerswald et al. (2009),"Effect of short-term starvation of adult Antarctic krill, Euphausia superba, at the onset of summer",observation,months,summer,2005-2006,Lazarev Sea,whole animal C (% of dry mass) 14 days,starvation experiment,%,NA,adult,32.5,"parameter, validation",spawning,function,maintenance _respiration,POC
Auerswald et al. (2009),"Effect of short-term starvation of adult Antarctic krill, Euphausia superba, at the onset of summer",observation,months,summer,2005-2006,Lazarev Sea,whole animal C (% of dry mass) 14 days,starvation experiment,%,NA,adult,32.5,"parameter, validation",spawning,state_var,tissue_reserves_carbs,NA
Auerswald et al. (2009),"Effect of short-term starvation of adult Antarctic krill, Euphausia superba, at the onset of summer",observation,months,summer,2005-2006,Lazarev Sea,whole animal C (% of dry mass) 18 days,starvation experiment,%,NA,adult,31.4,"parameter, validation",spawning,function,maintenance _respiration,temperature
Auerswald et al. (2009),"Effect of short-term starvation of adult Antarctic krill, Euphausia superba, at the onset of summer",observation,months,summer,2005-2006,Lazarev Sea,whole animal C (% of dry mass) 18 days,starvation experiment,%,NA,adult,31.4,"parameter, validation",spawning,function,maintenance _respiration,chlorophyll
Auerswald et al. (2009),"Effect of short-term starvation of adult Antarctic krill, Euphausia superba, at the onset of summer",observation,months,summer,2005-2006,Lazarev Sea,whole animal C (% of dry mass) 18 days,starvation experiment,%,NA,adult,31.4,"parameter, validation",spawning,function,maintenance _respiration,POC
Auerswald et al. (2009),"Effect of short-term starvation of adult Antarctic krill, Euphausia superba, at the onset of summer",observation,months,summer,2005-2006,Lazarev Sea,whole animal C (% of dry mass) 18 days,starvation experiment,%,NA,adult,31.4,"parameter, validation",spawning,state_var,tissue_reserves_carbs,NA
Auerswald et al. (2009),"Effect of short-term starvation of adult Antarctic krill, Euphausia superba, at the onset of summer",observation,months,summer,2005-2006,Lazarev Sea,whole animal N (% of dry mass) 0 days,starvation experiment,%,NA,adult,9.8,"parameter, validation",spawning,function,maintenance _respiration,temperature
Auerswald et al. (2009),"Effect of short-term starvation of adult Antarctic krill, Euphausia superba, at the onset of summer",observation,months,summer,2005-2006,Lazarev Sea,whole animal N (% of dry mass) 0 days,starvation experiment,%,NA,adult,9.8,"parameter, validation",spawning,function,maintenance _respiration,chlorophyll
Auerswald et al. (2009),"Effect of short-term starvation of adult Antarctic krill, Euphausia superba, at the onset of summer",observation,months,summer,2005-2006,Lazarev Sea,whole animal N (% of dry mass) 0 days,starvation experiment,%,NA,adult,9.8,"parameter, validation",spawning,function,maintenance _respiration,POC
Auerswald et al. (2009),"Effect of short-term starvation of adult Antarctic krill, Euphausia superba, at the onset of summer",observation,months,summer,2005-2006,Lazarev Sea,whole animal N (% of dry mass) 0 days,starvation experiment,%,NA,adult,9.8,"parameter, validation",spawning,state_var,tissue_reserves_proteins,NA
Auerswald et al. (2009),"Effect of short-term starvation of adult Antarctic krill, Euphausia superba, at the onset of summer",observation,months,summer,2005-2006,Lazarev Sea,whole animal N (% of dry mass) 6 days,starvation experiment,%,NA,adult,10,"parameter, validation",spawning,function,maintenance _respiration,temperature
Auerswald et al. (2009),"Effect of short-term starvation of adult Antarctic krill, Euphausia superba, at the onset of summer",observation,months,summer,2005-2006,Lazarev Sea,whole animal N (% of dry mass) 6 days,starvation experiment,%,NA,adult,10,"parameter, validation",spawning,function,maintenance _respiration,chlorophyll
Auerswald et al. (2009),"Effect of short-term starvation of adult Antarctic krill, Euphausia superba, at the onset of summer",observation,months,summer,2005-2006,Lazarev Sea,whole animal N (% of dry mass) 6 days,starvation experiment,%,NA,adult,10,"parameter, validation",spawning,function,maintenance _respiration,POC
Auerswald et al. (2009),"Effect of short-term starvation of adult Antarctic krill, Euphausia superba, at the onset of summer",observation,months,summer,2005-2006,Lazarev Sea,whole animal N (% of dry mass) 6 days,starvation experiment,%,NA,adult,10,"parameter, validation",spawning,state_var,tissue_reserves_proteins,NA
Auerswald et al. (2009),"Effect of short-term starvation of adult Antarctic krill, Euphausia superba, at the onset of summer",observation,months,summer,2005-2006,Lazarev Sea,whole animal N (% of dry mass) 10 days,starvation experiment,%,NA,adult,9.6,"parameter, validation",spawning,function,maintenance _respiration,temperature
Auerswald et al. (2009),"Effect of short-term starvation of adult Antarctic krill, Euphausia superba, at the onset of summer",observation,months,summer,2005-2006,Lazarev Sea,whole animal N (% of dry mass) 10 days,starvation experiment,%,NA,adult,9.6,"parameter, validation",spawning,function,maintenance _respiration,chlorophyll
Auerswald et al. (2009),"Effect of short-term starvation of adult Antarctic krill, Euphausia superba, at the onset of summer",observation,months,summer,2005-2006,Lazarev Sea,whole animal N (% of dry mass) 10 days,starvation experiment,%,NA,adult,9.6,"parameter, validation",spawning,function,maintenance _respiration,POC
Auerswald et al. (2009),"Effect of short-term starvation of adult Antarctic krill, Euphausia superba, at the onset of summer",observation,months,summer,2005-2006,Lazarev Sea,whole animal N (% of dry mass) 10 days,starvation experiment,%,NA,adult,9.6,"parameter, validation",spawning,state_var,tissue_reserves_proteins,NA
Auerswald et al. (2009),"Effect of short-term starvation of adult Antarctic krill, Euphausia superba, at the onset of summer",observation,months,summer,2005-2006,Lazarev Sea,whole animal N (% of dry mass) 14 days,starvation experiment,%,NA,adult,9.6,"parameter, validation",spawning,function,maintenance _respiration,temperature
Auerswald et al. (2009),"Effect of short-term starvation of adult Antarctic krill, Euphausia superba, at the onset of summer",observation,months,summer,2005-2006,Lazarev Sea,whole animal N (% of dry mass) 14 days,starvation experiment,%,NA,adult,9.6,"parameter, validation",spawning,function,maintenance _respiration,chlorophyll
Auerswald et al. (2009),"Effect of short-term starvation of adult Antarctic krill, Euphausia superba, at the onset of summer",observation,months,summer,2005-2006,Lazarev Sea,whole animal N (% of dry mass) 14 days,starvation experiment,%,NA,adult,9.6,"parameter, validation",spawning,function,maintenance _respiration,POC
Auerswald et al. (2009),"Effect of short-term starvation of adult Antarctic krill, Euphausia superba, at the onset of summer",observation,months,summer,2005-2006,Lazarev Sea,whole animal N (% of dry mass) 14 days,starvation experiment,%,NA,adult,9.6,"parameter, validation",spawning,state_var,tissue_reserves_proteins,NA
Auerswald et al. (2009),"Effect of short-term starvation of adult Antarctic krill, Euphausia superba, at the onset of summer",observation,months,summer,2005-2006,Lazarev Sea,whole animal N (% of dry mass) 18 days,starvation experiment,%,NA,adult,9.3,"parameter, validation",spawning,function,maintenance _respiration,temperature
Auerswald et al. (2009),"Effect of short-term starvation of adult Antarctic krill, Euphausia superba, at the onset of summer",observation,months,summer,2005-2006,Lazarev Sea,whole animal N (% of dry mass) 18 days,starvation experiment,%,NA,adult,9.3,"parameter, validation",spawning,function,maintenance _respiration,chlorophyll
Auerswald et al. (2009),"Effect of short-term starvation of adult Antarctic krill, Euphausia superba, at the onset of summer",observation,months,summer,2005-2006,Lazarev Sea,whole animal N (% of dry mass) 18 days,starvation experiment,%,NA,adult,9.3,"parameter, validation",spawning,function,maintenance _respiration,POC
Auerswald et al. (2009),"Effect of short-term starvation of adult Antarctic krill, Euphausia superba, at the onset of summer",observation,months,summer,2005-2006,Lazarev Sea,whole animal N (% of dry mass) 18 days,starvation experiment,%,NA,adult,9.3,"parameter, validation",spawning,state_var,tissue_reserves_proteins,NA
Auerswald et al. (2009),"Effect of short-term starvation of adult Antarctic krill, Euphausia superba, at the onset of summer",observation,months,summer,2005-2006,Lazarev Sea,whole animal Total proteins (% of dry mass) 0 days,starvation experiment,%,NA,adult,43.4,"parameter, validation",spawning,function,maintenance _respiration,temperature
Auerswald et al. (2009),"Effect of short-term starvation of adult Antarctic krill, Euphausia superba, at the onset of summer",observation,months,summer,2005-2006,Lazarev Sea,whole animal Total proteins (% of dry mass) 0 days,starvation experiment,%,NA,adult,43.4,"parameter, validation",spawning,function,maintenance _respiration,chlorophyll
Auerswald et al. (2009),"Effect of short-term starvation of adult Antarctic krill, Euphausia superba, at the onset of summer",observation,months,summer,2005-2006,Lazarev Sea,whole animal Total proteins (% of dry mass) 0 days,starvation experiment,%,NA,adult,43.4,"parameter, validation",spawning,function,maintenance _respiration,POC
Auerswald et al. (2009),"Effect of short-term starvation of adult Antarctic krill, Euphausia superba, at the onset of summer",observation,months,summer,2005-2006,Lazarev Sea,whole animal Total proteins (% of dry mass) 0 days,starvation experiment,%,NA,adult,43.4,"parameter, validation",spawning,state_var,tissue_reserves_proteins,NA
Auerswald et al. (2009),"Effect of short-term starvation of adult Antarctic krill, Euphausia superba, at the onset of summer",observation,months,summer,2005-2006,Lazarev Sea,whole animal Total proteins (% of dry mass) 6 days,starvation experiment,%,NA,adult,43.3,"parameter, validation",spawning,function,maintenance _respiration,temperature
Auerswald et al. (2009),"Effect of short-term starvation of adult Antarctic krill, Euphausia superba, at the onset of summer",observation,months,summer,2005-2006,Lazarev Sea,whole animal Total proteins (% of dry mass) 6 days,starvation experiment,%,NA,adult,43.3,"parameter, validation",spawning,function,maintenance _respiration,chlorophyll
Auerswald et al. (2009),"Effect of short-term starvation of adult Antarctic krill, Euphausia superba, at the onset of summer",observation,months,summer,2005-2006,Lazarev Sea,whole animal Total proteins (% of dry mass) 6 days,starvation experiment,%,NA,adult,43.3,"parameter, validation",spawning,function,maintenance _respiration,POC
Auerswald et al. (2009),"Effect of short-term starvation of adult Antarctic krill, Euphausia superba, at the onset of summer",observation,months,summer,2005-2006,Lazarev Sea,whole animal Total proteins (% of dry mass) 6 days,starvation experiment,%,NA,adult,43.3,"parameter, validation",spawning,state_var,tissue_reserves_proteins,NA
Auerswald et al. (2009),"Effect of short-term starvation of adult Antarctic krill, Euphausia superba, at the onset of summer",observation,months,summer,2005-2006,Lazarev Sea,whole animal Total proteins (% of dry mass) 10 days,starvation experiment,%,NA,adult,40.2,"parameter, validation",spawning,function,maintenance _respiration,temperature
Auerswald et al. (2009),"Effect of short-term starvation of adult Antarctic krill, Euphausia superba, at the onset of summer",observation,months,summer,2005-2006,Lazarev Sea,whole animal Total proteins (% of dry mass) 10 days,starvation experiment,%,NA,adult,40.2,"parameter, validation",spawning,function,maintenance _respiration,chlorophyll
Auerswald et al. (2009),"Effect of short-term starvation of adult Antarctic krill, Euphausia superba, at the onset of summer",observation,months,summer,2005-2006,Lazarev Sea,whole animal Total proteins (% of dry mass) 10 days,starvation experiment,%,NA,adult,40.2,"parameter, validation",spawning,function,maintenance _respiration,POC
Auerswald et al. (2009),"Effect of short-term starvation of adult Antarctic krill, Euphausia superba, at the onset of summer",observation,months,summer,2005-2006,Lazarev Sea,whole animal Total proteins (% of dry mass) 10 days,starvation experiment,%,NA,adult,40.2,"parameter, validation",spawning,state_var,tissue_reserves_proteins,NA
Auerswald et al. (2009),"Effect of short-term starvation of adult Antarctic krill, Euphausia superba, at the onset of summer",observation,months,summer,2005-2006,Lazarev Sea,whole animal Total proteins (% of dry mass) 14 days,starvation experiment,%,NA,adult,41.2,"parameter, validation",spawning,function,maintenance _respiration,temperature
Auerswald et al. (2009),"Effect of short-term starvation of adult Antarctic krill, Euphausia superba, at the onset of summer",observation,months,summer,2005-2006,Lazarev Sea,whole animal Total proteins (% of dry mass) 14 days,starvation experiment,%,NA,adult,41.2,"parameter, validation",spawning,function,maintenance _respiration,chlorophyll
Auerswald et al. (2009),"Effect of short-term starvation of adult Antarctic krill, Euphausia superba, at the onset of summer",observation,months,summer,2005-2006,Lazarev Sea,whole animal Total proteins (% of dry mass) 14 days,starvation experiment,%,NA,adult,41.2,"parameter, validation",spawning,function,maintenance _respiration,POC
Auerswald et al. (2009),"Effect of short-term starvation of adult Antarctic krill, Euphausia superba, at the onset of summer",observation,months,summer,2005-2006,Lazarev Sea,whole animal Total proteins (% of dry mass) 14 days,starvation experiment,%,NA,adult,41.2,"parameter, validation",spawning,state_var,tissue_reserves_proteins,NA
Auerswald et al. (2009),"Effect of short-term starvation of adult Antarctic krill, Euphausia superba, at the onset of summer",observation,months,summer,2005-2006,Lazarev Sea,whole animal Total proteins (% of dry mass) 18 days,starvation experiment,%,NA,adult,38.8,"parameter, validation",spawning,function,maintenance _respiration,temperature
Auerswald et al. (2009),"Effect of short-term starvation of adult Antarctic krill, Euphausia superba, at the onset of summer",observation,months,summer,2005-2006,Lazarev Sea,whole animal Total proteins (% of dry mass) 18 days,starvation experiment,%,NA,adult,38.8,"parameter, validation",spawning,function,maintenance _respiration,chlorophyll
Auerswald et al. (2009),"Effect of short-term starvation of adult Antarctic krill, Euphausia superba, at the onset of summer",observation,months,summer,2005-2006,Lazarev Sea,whole animal Total proteins (% of dry mass) 18 days,starvation experiment,%,NA,adult,38.8,"parameter, validation",spawning,function,maintenance _respiration,POC
Auerswald et al. (2009),"Effect of short-term starvation of adult Antarctic krill, Euphausia superba, at the onset of summer",observation,months,summer,2005-2006,Lazarev Sea,whole animal Total proteins (% of dry mass) 18 days,starvation experiment,%,NA,adult,38.8,"parameter, validation",spawning,state_var,tissue_reserves_proteins,NA
Auerswald et al. (2009),"Effect of short-term starvation of adult Antarctic krill, Euphausia superba, at the onset of summer",observation,months,summer,2005-2006,Lazarev Sea,whole animal Total lipids (% of dry mass) 0 days,starvation experiment,%,NA,adult,8,"parameter, validation",spawning,function,maintenance _respiration,temperature
Auerswald et al. (2009),"Effect of short-term starvation of adult Antarctic krill, Euphausia superba, at the onset of summer",observation,months,summer,2005-2006,Lazarev Sea,whole animal Total lipids (% of dry mass) 0 days,starvation experiment,%,NA,adult,8,"parameter, validation",spawning,function,maintenance _respiration,chlorophyll
Auerswald et al. (2009),"Effect of short-term starvation of adult Antarctic krill, Euphausia superba, at the onset of summer",observation,months,summer,2005-2006,Lazarev Sea,whole animal Total lipids (% of dry mass) 0 days,starvation experiment,%,NA,adult,8,"parameter, validation",spawning,function,maintenance _respiration,POC
Auerswald et al. (2009),"Effect of short-term starvation of adult Antarctic krill, Euphausia superba, at the onset of summer",observation,months,summer,2005-2006,Lazarev Sea,whole animal Total lipids (% of dry mass) 0 days,starvation experiment,%,NA,adult,8,"parameter, validation",spawning,state_var,tissue_reserves_lipids,NA
Auerswald et al. (2009),"Effect of short-term starvation of adult Antarctic krill, Euphausia superba, at the onset of summer",observation,months,summer,2005-2006,Lazarev Sea,whole animal Total lipids (% of dry mass) 6 days,starvation experiment,%,NA,adult,5.8,"parameter, validation",spawning,function,maintenance _respiration,temperature
Auerswald et al. (2009),"Effect of short-term starvation of adult Antarctic krill, Euphausia superba, at the onset of summer",observation,months,summer,2005-2006,Lazarev Sea,whole animal Total lipids (% of dry mass) 6 days,starvation experiment,%,NA,adult,5.8,"parameter, validation",spawning,function,maintenance _respiration,chlorophyll
Auerswald et al. (2009),"Effect of short-term starvation of adult Antarctic krill, Euphausia superba, at the onset of summer",observation,months,summer,2005-2006,Lazarev Sea,whole animal Total lipids (% of dry mass) 6 days,starvation experiment,%,NA,adult,5.8,"parameter, validation",spawning,function,maintenance _respiration,POC
Auerswald et al. (2009),"Effect of short-term starvation of adult Antarctic krill, Euphausia superba, at the onset of summer",observation,months,summer,2005-2006,Lazarev Sea,whole animal Total lipids (% of dry mass) 6 days,starvation experiment,%,NA,adult,5.8,"parameter, validation",spawning,state_var,tissue_reserves_lipids,NA
Auerswald et al. (2009),"Effect of short-term starvation of adult Antarctic krill, Euphausia superba, at the onset of summer",observation,months,summer,2005-2006,Lazarev Sea,whole animal Total lipids (% of dry mass) 10 days,starvation experiment,%,NA,adult,5.4,"parameter, validation",spawning,function,maintenance _respiration,temperature
Auerswald et al. (2009),"Effect of short-term starvation of adult Antarctic krill, Euphausia superba, at the onset of summer",observation,months,summer,2005-2006,Lazarev Sea,whole animal Total lipids (% of dry mass) 10 days,starvation experiment,%,NA,adult,5.4,"parameter, validation",spawning,function,maintenance _respiration,chlorophyll
Auerswald et al. (2009),"Effect of short-term starvation of adult Antarctic krill, Euphausia superba, at the onset of summer",observation,months,summer,2005-2006,Lazarev Sea,whole animal Total lipids (% of dry mass) 10 days,starvation experiment,%,NA,adult,5.4,"parameter, validation",spawning,function,maintenance _respiration,POC
Auerswald et al. (2009),"Effect of short-term starvation of adult Antarctic krill, Euphausia superba, at the onset of summer",observation,months,summer,2005-2006,Lazarev Sea,whole animal Total lipids (% of dry mass) 10 days,starvation experiment,%,NA,adult,5.4,"parameter, validation",spawning,state_var,tissue_reserves_lipids,NA
Auerswald et al. (2009),"Effect of short-term starvation of adult Antarctic krill, Euphausia superba, at the onset of summer",observation,months,summer,2005-2006,Lazarev Sea,whole animal Total lipids (% of dry mass) 14 days,starvation experiment,%,NA,adult,5.5,"parameter, validation",spawning,function,maintenance _respiration,temperature
Auerswald et al. (2009),"Effect of short-term starvation of adult Antarctic krill, Euphausia superba, at the onset of summer",observation,months,summer,2005-2006,Lazarev Sea,whole animal Total lipids (% of dry mass) 14 days,starvation experiment,%,NA,adult,5.5,"parameter, validation",spawning,function,maintenance _respiration,chlorophyll
Auerswald et al. (2009),"Effect of short-term starvation of adult Antarctic krill, Euphausia superba, at the onset of summer",observation,months,summer,2005-2006,Lazarev Sea,whole animal Total lipids (% of dry mass) 14 days,starvation experiment,%,NA,adult,5.5,"parameter, validation",spawning,function,maintenance _respiration,POC
Auerswald et al. (2009),"Effect of short-term starvation of adult Antarctic krill, Euphausia superba, at the onset of summer",observation,months,summer,2005-2006,Lazarev Sea,whole animal Total lipids (% of dry mass) 14 days,starvation experiment,%,NA,adult,5.5,"parameter, validation",spawning,state_var,tissue_reserves_lipids,NA
Auerswald et al. (2009),"Effect of short-term starvation of adult Antarctic krill, Euphausia superba, at the onset of summer",observation,months,summer,2005-2006,Lazarev Sea,whole animal Total lipids (% of dry mass) 18 days,starvation experiment,%,NA,adult,4.9,"parameter, validation",spawning,function,maintenance _respiration,temperature
Auerswald et al. (2009),"Effect of short-term starvation of adult Antarctic krill, Euphausia superba, at the onset of summer",observation,months,summer,2005-2006,Lazarev Sea,whole animal Total lipids (% of dry mass) 18 days,starvation experiment,%,NA,adult,4.9,"parameter, validation",spawning,function,maintenance _respiration,chlorophyll
Auerswald et al. (2009),"Effect of short-term starvation of adult Antarctic krill, Euphausia superba, at the onset of summer",observation,months,summer,2005-2006,Lazarev Sea,whole animal Total lipids (% of dry mass) 18 days,starvation experiment,%,NA,adult,4.9,"parameter, validation",spawning,function,maintenance _respiration,POC
Auerswald et al. (2009),"Effect of short-term starvation of adult Antarctic krill, Euphausia superba, at the onset of summer",observation,months,summer,2005-2006,Lazarev Sea,whole animal Total lipids (% of dry mass) 18 days,starvation experiment,%,NA,adult,4.9,"parameter, validation",spawning,state_var,tissue_reserves_lipids,NA
Auerswald et al. (2009),"Effect of short-term starvation of adult Antarctic krill, Euphausia superba, at the onset of summer",observation,months,summer,2005-2006,Lazarev Sea,whole animal respiration rate 0 days,starvation experiment,ul.O2.g-1,NA,adult,0.44,"parameter, validation",spawning,function,maintenance _respiration,temperature
Auerswald et al. (2009),"Effect of short-term starvation of adult Antarctic krill, Euphausia superba, at the onset of summer",observation,months,summer,2005-2006,Lazarev Sea,whole animal respiration rate 0 days,starvation experiment,ul.O2.g-1,NA,adult,0.44,"parameter, validation",spawning,function,maintenance _respiration,chlorophyll
Auerswald et al. (2009),"Effect of short-term starvation of adult Antarctic krill, Euphausia superba, at the onset of summer",observation,months,summer,2005-2006,Lazarev Sea,whole animal respiration rate 0 days,starvation experiment,ul.O2.g-1,NA,adult,0.44,"parameter, validation",spawning,function,maintenance _respiration,POC
Auerswald et al. (2009),"Effect of short-term starvation of adult Antarctic krill, Euphausia superba, at the onset of summer",observation,months,summer,2005-2006,Lazarev Sea,whole animal respiration rate 14 days,starvation experiment,ul.O2.g-1,NA,adult,0.24,"parameter, validation",spawning,function,maintenance _respiration,temperature
Auerswald et al. (2009),"Effect of short-term starvation of adult Antarctic krill, Euphausia superba, at the onset of summer",observation,months,summer,2005-2006,Lazarev Sea,whole animal respiration rate 14 days,starvation experiment,ul.O2.g-1,NA,adult,0.24,"parameter, validation",spawning,function,maintenance _respiration,chlorophyll
Auerswald et al. (2009),"Effect of short-term starvation of adult Antarctic krill, Euphausia superba, at the onset of summer",observation,months,summer,2005-2006,Lazarev Sea,whole animal respiration rate 14 days,starvation experiment,ul.O2.g-1,NA,adult,0.24,"parameter, validation",spawning,function,maintenance _respiration,POC
Auerswald et al. (2009),"Effect of short-term starvation of adult Antarctic krill, Euphausia superba, at the onset of summer",observation,months,summer,2005-2006,Lazarev Sea,whole animal excretion rate 0 days,starvation experiment,ul.NH4.g.DM-1.h-1,NA,adult,0.024,"parameter, validation",spawning,function,maintenance _excretion,temperature
Auerswald et al. (2009),"Effect of short-term starvation of adult Antarctic krill, Euphausia superba, at the onset of summer",observation,months,summer,2005-2006,Lazarev Sea,whole animal excretion rate 0 days,starvation experiment,ul.NH4.g.DM-1.h-1,NA,adult,0.024,"parameter, validation",spawning,function,maintenance _excretion,chlorophyll
Auerswald et al. (2009),"Effect of short-term starvation of adult Antarctic krill, Euphausia superba, at the onset of summer",observation,months,summer,2005-2006,Lazarev Sea,whole animal excretion rate 0 days,starvation experiment,ul.NH4.g.DM-1.h-1,NA,adult,0.024,"parameter, validation",spawning,function,maintenance _excretion,POC
Auerswald et al. (2009),"Effect of short-term starvation of adult Antarctic krill, Euphausia superba, at the onset of summer",observation,months,summer,2005-2006,Lazarev Sea,whole animal excretion rate 18 days,starvation experiment,ul.NH4.g.DM-1.h-1,NA,adult,0.039,"parameter, validation",spawning,function,maintenance _excretion,temperature
Auerswald et al. (2009),"Effect of short-term starvation of adult Antarctic krill, Euphausia superba, at the onset of summer",observation,months,summer,2005-2006,Lazarev Sea,whole animal excretion rate 18 days,starvation experiment,ul.NH4.g.DM-1.h-1,NA,adult,0.039,"parameter, validation",spawning,function,maintenance _excretion,chlorophyll
Auerswald et al. (2009),"Effect of short-term starvation of adult Antarctic krill, Euphausia superba, at the onset of summer",observation,months,summer,2005-2006,Lazarev Sea,whole animal excretion rate 18 days,starvation experiment,ul.NH4.g.DM-1.h-1,NA,adult,0.039,"parameter, validation",spawning,function,maintenance _excretion,POC
Piccolin et al. (2018),the seasonal metabolic activity cycle of antarctic krill (euphausia superba): evidence for a role of photoperiod in the regulation of endogenous rhythmicity,hybrid,months,summer,2007,Wilkes Land,mean oxygen consumption in month 0 (December) under LD cycle,experimental measurement,ul O2 mg-1 DM h-1,NA,adult,0.39,"parameter, validation",spawning,function,maintenance _respiration,photoperiod
Piccolin et al. (2018),the seasonal metabolic activity cycle of antarctic krill (euphausia superba): evidence for a role of photoperiod in the regulation of endogenous rhythmicity,hybrid,months,autumn,2007,Wilkes Land,mean oxygen consumption in month 3 (March) under LD cycle,experimental measurement,ul O2 mg-1 DM h-1,NA,adult,0.39,"parameter, validation",spawning,function,maintenance _respiration,photoperiod
Piccolin et al. (2018),the seasonal metabolic activity cycle of antarctic krill (euphausia superba): evidence for a role of photoperiod in the regulation of endogenous rhythmicity,hybrid,months,spring,2007,Wilkes Land,mean oxygen consumption in month 9 (September) under LD cycle - maximal levels,experimental measurement,ul O2 mg-1 DM h-1,NA,adult,0.41,"parameter, validation",spawning,function,maintenance _respiration,photoperiod
Piccolin et al. (2018),the seasonal metabolic activity cycle of antarctic krill (euphausia superba): evidence for a role of photoperiod in the regulation of endogenous rhythmicity,hybrid,months,summer,2007,Wilkes Land,mean oxygen consumption in month 11 (November) under LD cycle,experimental measurement,ul O2 mg-1 DM h-1,NA,adult,0.37,"parameter, validation",spawning,function,maintenance _respiration,photoperiod
Piccolin et al. (2018),the seasonal metabolic activity cycle of antarctic krill (euphausia superba): evidence for a role of photoperiod in the regulation of endogenous rhythmicity,hybrid,months,summer,2007,Wilkes Land,mean oxygen consumption in month 0 (December) under DD cycle,experimental measurement,ul O2 mg-1 DM h-1,NA,adult,0.3,"parameter, validation",spawning,function,maintenance _respiration,photoperiod
Piccolin et al. (2018),the seasonal metabolic activity cycle of antarctic krill (euphausia superba): evidence for a role of photoperiod in the regulation of endogenous rhythmicity,hybrid,months,summer,2007,Wilkes Land,mean oxygen consumption in month 1 (January) under DD cycle,experimental measurement,ul O2 mg-1 DM h-1,NA,adult,0.51,"parameter, validation",spawning,function,maintenance _respiration,photoperiod
Piccolin et al. (2018),the seasonal metabolic activity cycle of antarctic krill (euphausia superba): evidence for a role of photoperiod in the regulation of endogenous rhythmicity,hybrid,months,autumn,2007,Wilkes Land,mean oxygen consumption in month 3 (March) under DD cycle,experimental measurement,ul O2 mg-1 DM h-1,NA,adult,0.31,"parameter, validation",spawning,function,maintenance _respiration,photoperiod
Piccolin et al. (2018),the seasonal metabolic activity cycle of antarctic krill (euphausia superba): evidence for a role of photoperiod in the regulation of endogenous rhythmicity,hybrid,months,spring,2007,Wilkes Land,mean oxygen consumption in month 9 (September) under DD cycle,experimental measurement,ul O2 mg-1 DM h-1,NA,adult,0.72,"parameter, validation",spawning,function,maintenance _respiration,photoperiod
Piccolin et al. (2018),the seasonal metabolic activity cycle of antarctic krill (euphausia superba): evidence for a role of photoperiod in the regulation of endogenous rhythmicity,hybrid,months,summer,2007,Wilkes Land,mean oxygen consumption in month 11 (November) under DD cycle,experimental measurement,ul O2 mg-1 DM h-1,NA,adult,0.22,"parameter, validation",spawning,function,maintenance _respiration,photoperiod
Piccolin et al. (2018),the seasonal metabolic activity cycle of antarctic krill (euphausia superba): evidence for a role of photoperiod in the regulation of endogenous rhythmicity,hybrid,months,summer,2007,Wilkes Land,mean oxygen consumption in month 12 (December) under DD cycle,experimental measurement,ul O2 mg-1 DM h-1,NA,adult,0.2,"parameter, validation",spawning,function,maintenance _respiration,photoperiod
Piccolin et al. (2018),the seasonal metabolic activity cycle of antarctic krill (euphausia superba): evidence for a role of photoperiod in the regulation of endogenous rhythmicity,hybrid,months,summer,2007,Wilkes Land,mean oxygen consumption in month 1 (January) under LD1/2 cycle (LD cycle shortened to a 6 month period),experimental measurement,ul O2 mg-1 DM h-1,NA,adult,0.41,"parameter, validation",spawning,function,maintenance _respiration,photoperiod
Piccolin et al. (2018),the seasonal metabolic activity cycle of antarctic krill (euphausia superba): evidence for a role of photoperiod in the regulation of endogenous rhythmicity,hybrid,months,autumn,2007,Wilkes Land,mean oxygen consumption in month 3 (March) under LD1/2 cycle (LD cycle shortened to a 6 month period) - minimum,experimental measurement,ul O2 mg-1 DM h-1,NA,adult,0.23,"parameter, validation",spawning,function,maintenance _respiration,photoperiod
Fach et al (2008),biochemically based modeling study of antarctic krill euphausia superba growth and development,model,years,"spring, summer, autumn, winter",NA,Circumpolar,Polar lipid (%DW) vs total lipid (%DW): Polar lipid = 1.86+0.272*total_lipid,linear regression of values from literature,intercept,67,NA,1.86,"parameter, validation",spawning,state_var,tissue_reserves_lipids,NA
Fach et al (2008),biochemically based modeling study of antarctic krill euphausia superba growth and development,model,years,"spring, summer, autumn, winter",NA,Circumpolar,Polar lipid (%DW) vs total lipid (%DW): Polar lipid = 1.86+0.272*total_lipid,linear regression of values from literature,slope,67,NA,0.272,"parameter, validation",spawning,state_var,tissue_reserves_lipids,NA
Pakhomov (2004),salp/krill interactions in the eastern atlantic sector of the southern ocean,observation,months,summer,1997-1998,Lazarev Sea,ingestion rate,measurement,ng (pigm) ind.-1 d-1,NA,adult,3556,"parameter, validation",spawning,function,ingestion,temperature
Pakhomov (2004),salp/krill interactions in the eastern atlantic sector of the southern ocean,observation,months,summer,1997-1998,Lazarev Sea,ingestion rate,measurement,ng (pigm) ind.-1 d-1,NA,adult,3556,"parameter, validation",spawning,function,ingestion,chlorophyll
Pakhomov (2004),salp/krill interactions in the eastern atlantic sector of the southern ocean,observation,months,summer,1997-1998,Lazarev Sea,ingestion rate,measurement,ng (pigm) ind.-1 d-1,NA,adult,3556,"parameter, validation",spawning,function,ingestion,POC
Pakhomov (2004),salp/krill interactions in the eastern atlantic sector of the southern ocean,observation,months,summer,1997-1998,Lazarev Sea,ingestion rate,measurement,ng (pigm) ind.-1 d-1,NA,adult,3556,"parameter, validation",spawning,function,ingestion,photoperiod
Pakhomov (2004),salp/krill interactions in the eastern atlantic sector of the southern ocean,observation,months,summer,1997-1998,Lazarev Sea,clearance rate,measurement,ml per hour,NA,adult,1008,"parameter, validation",spawning,function,ingestion,temperature
Pakhomov (2004),salp/krill interactions in the eastern atlantic sector of the southern ocean,observation,months,summer,1997-1998,Lazarev Sea,clearance rate,measurement,ml per hour,NA,adult,1008,"parameter, validation",spawning,function,ingestion,chlorophyll
Pakhomov (2004),salp/krill interactions in the eastern atlantic sector of the southern ocean,observation,months,summer,1997-1998,Lazarev Sea,clearance rate,measurement,ml per hour,NA,adult,1008,"parameter, validation",spawning,function,ingestion,POC
Pakhomov (2004),salp/krill interactions in the eastern atlantic sector of the southern ocean,observation,months,summer,1997-1998,Lazarev Sea,clearance rate,measurement,ml per hour,NA,adult,1008,"parameter, validation",spawning,function,ingestion,photoperiod
Pakhomov (2004),salp/krill interactions in the eastern atlantic sector of the southern ocean,observation,months,summer,1997-1998,Lazarev Sea,fecal pellet production,measurement,mg C m-2 d-1,NA,juveniles to adults,2.223,"parameter, validation",spawning,function,maintenance _excretion,temperature
Pakhomov (2004),salp/krill interactions in the eastern atlantic sector of the southern ocean,observation,months,summer,1997-1998,Lazarev Sea,fecal pellet production,measurement,mg C m-2 d-1,NA,juveniles to adults,2.223,"parameter, validation",spawning,function,maintenance _excretion,chlorophyll
Pakhomov (2004),salp/krill interactions in the eastern atlantic sector of the southern ocean,observation,months,summer,1997-1998,Lazarev Sea,fecal pellet production,measurement,mg C m-2 d-1,NA,juveniles to adults,2.223,"parameter, validation",spawning,function,maintenance _excretion,POC
Pakhomov (2004),salp/krill interactions in the eastern atlantic sector of the southern ocean,observation,months,summer,1997-1998,Lazarev Sea,fecal pellet production,measurement,mg C m-2 d-1,NA,juveniles to adults,2.223,"parameter, validation",spawning,function,maintenance _excretion,photoperiod
Pakhomov (2004),salp/krill interactions in the eastern atlantic sector of the southern ocean,observation,months,summer,1997-1998,Lazarev Sea,fecal pellet production,measurement,% primary production per day,NA,juveniles to adults,0.7,"parameter, validation",spawning,function,maintenance _excretion,temperature
Pakhomov (2004),salp/krill interactions in the eastern atlantic sector of the southern ocean,observation,months,summer,1997-1998,Lazarev Sea,fecal pellet production,measurement,% primary production per day,NA,juveniles to adults,0.7,"parameter, validation",spawning,function,maintenance _excretion,chlorophyll
Pakhomov (2004),salp/krill interactions in the eastern atlantic sector of the southern ocean,observation,months,summer,1997-1998,Lazarev Sea,fecal pellet production,measurement,% primary production per day,NA,juveniles to adults,0.7,"parameter, validation",spawning,function,maintenance _excretion,POC
Pakhomov (2004),salp/krill interactions in the eastern atlantic sector of the southern ocean,observation,months,summer,1997-1998,Lazarev Sea,fecal pellet production,measurement,% primary production per day,NA,juveniles to adults,0.7,"parameter, validation",spawning,function,maintenance _excretion,photoperiod
"Hagen, W. (1996)",seasonal lipid storage as overwintering strategy of antarctic krill,observation,months,summer,1985,Weddell Sea,lipid content,measurement,% DW,NA,juvenile to adult,28.2,"parameter, validation",spawning,state_var,tissue_reserves_lipids,NA
"Hagen, W. (1996)",seasonal lipid storage as overwintering strategy of antarctic krill,observation,months,autumn,1992,Weddell Sea,lipid content,measurement,% DW,NA,juvenile to adult,39.2,"parameter, validation",spawning,state_var,tissue_reserves_lipids,NA
Liu et al. (2019),Feeding strategies of Euphausia superba in the eastern SouthShetland Islands in austral summer,observation,days,summer,2014,South Shetland Islands,TFA krill size TL=47.33±7.51mm; WW=0.80±0.40g,measurement,mg.g-1,3,adults,28.24,"parameter, validation",spawning,state_var,tissue_reserves_lipids,NA
Liu et al. (2019),Feeding strategies of Euphausia superba in the eastern SouthShetland Islands in austral summer,observation,days,summer,2014,South Shetland Islands,TFA krill size TL=31.75±7.04mm; WW=0.23±0.14g,measurement,mg.g-1,4,adults,52.5,"parameter, validation",spawning,state_var,tissue_reserves_lipids,NA
Liu et al. (2019),Feeding strategies of Euphausia superba in the eastern SouthShetland Islands in austral summer,observation,days,summer,2014,South Shetland Islands,TFA krill size TL=42.50±6.32mm; WW=0.53±0.21g,measurement,mg.g-1,6,adults,79.54,"parameter, validation",spawning,state_var,tissue_reserves_lipids,NA
Liu et al. (2019),Feeding strategies of Euphausia superba in the eastern SouthShetland Islands in austral summer,observation,days,summer,2014,South Shetland Islands,TFA krill size TL=45.67±5.51mm; WW=0.64±0.21g,measurement,mg.g-1,3,adults,85.73,"parameter, validation",spawning,state_var,tissue_reserves_lipids,NA
Liu et al. (2019),Feeding strategies of Euphausia superba in the eastern SouthShetland Islands in austral summer,observation,days,summer,2014,South Shetland Islands,TFA krill size TL=48.67±3.08mm; WW=0.83±0.29g,measurement,mg.g-1,6,adults,69.82,"parameter, validation",spawning,state_var,tissue_reserves_lipids,NA
Liu et al. (2019),Feeding strategies of Euphausia superba in the eastern SouthShetland Islands in austral summer,observation,days,summer,2014,South Shetland Islands,TFA krill size TL=38.00±2.55mm; WW=0.37±0.14g,measurement,mg.g-1,4,adults,62.14,"parameter, validation",spawning,state_var,tissue_reserves_lipids,NA
Zhu et al. (2017),inferring trophic variation for antarctic krill (euphausia superba) in the antarctic peninsula from the austral fall to early winter using stable isotope analysis,hybrid,years,autumn,2012-2015,Antarctic Peninsula,slope coefficient,exponential regression function: Wet weight ~ Total length,NA,52,adult,0.00000067534,parameter,spawning,state_var,tissue_reserves_carbs,NA
Zhu et al. (2017),inferring trophic variation for antarctic krill (euphausia superba) in the antarctic peninsula from the austral fall to early winter using stable isotope analysis,hybrid,years,autumn,2012-2015,Antarctic Peninsula,slope coefficient,exponential regression function: Wet weight ~ Total length,NA,52,adult,0.00000067534,parameter,spawning,state_var,tissue_reserves_proteins,NA
Zhu et al. (2017),inferring trophic variation for antarctic krill (euphausia superba) in the antarctic peninsula from the austral fall to early winter using stable isotope analysis,hybrid,years,autumn,2012-2015,Antarctic Peninsula,slope coefficient,exponential regression function: Wet weight ~ Total length,NA,52,adult,0.00000067534,parameter,spawning,state_var,tissue_reserves_lipids,NA
Zhu et al. (2017),inferring trophic variation for antarctic krill (euphausia superba) in the antarctic peninsula from the austral fall to early winter using stable isotope analysis,hybrid,years,autumn,2012-2015,Antarctic Peninsula,exponent,exponential regression function: Wet weight ~ Total length,NA,52,adult,3.5654,parameter,spawning,state_var,tissue_reserves_carbs,NA
Zhu et al. (2017),inferring trophic variation for antarctic krill (euphausia superba) in the antarctic peninsula from the austral fall to early winter using stable isotope analysis,hybrid,years,autumn,2012-2015,Antarctic Peninsula,exponent,exponential regression function: Wet weight ~ Total length,NA,52,adult,3.5654,parameter,spawning,state_var,tissue_reserves_proteins,NA
Zhu et al. (2017),inferring trophic variation for antarctic krill (euphausia superba) in the antarctic peninsula from the austral fall to early winter using stable isotope analysis,hybrid,years,autumn,2012-2015,Antarctic Peninsula,exponent,exponential regression function: Wet weight ~ Total length,NA,52,adult,3.5654,parameter,spawning,state_var,tissue_reserves_lipids,NA
Meyer 2012,"the overwintering of antarctic krill, euphausia superba, from an ecophysiological perspective",observation,years,summer,1986-2010,Southern Ocean,"Oxygen uptake rate per DM, (uL O2 ind^-1 h^-1):DW (mg)",linear regression (Y = a + bX),regression slope,36,adult,0.69,"parameter, validation",spawning,function,maintenance _respiration,temperature
Meyer 2012,"the overwintering of antarctic krill, euphausia superba, from an ecophysiological perspective",observation,years,summer,1986-2010,Southern Ocean,"Oxygen uptake rate per DM, (uL O2 ind^-1 h^-1):DW (mg)",linear regression (Y = a + bX),regression slope,36,adult,0.69,"parameter, validation",spawning,function,assimilation,photoperiod
Meyer 2012,"the overwintering of antarctic krill, euphausia superba, from an ecophysiological perspective",observation,years,summer,1986-2010,Southern Ocean,"Oxygen uptake rate per DM, (uL O2 ind^-1 h^-1):DW (mg)",linear regression (Y = a + bX),regression intercept,36,adult,0,"parameter, validation",spawning,function,maintenance _respiration,temperature
Meyer 2012,"the overwintering of antarctic krill, euphausia superba, from an ecophysiological perspective",observation,years,summer,1986-2010,Southern Ocean,"Oxygen uptake rate per DM, (uL O2 ind^-1 h^-1):DW (mg)",linear regression (Y = a + bX),regression intercept,36,adult,0,"parameter, validation",spawning,function,assimilation,photoperiod
Meyer 2012,"the overwintering of antarctic krill, euphausia superba, from an ecophysiological perspective",observation,years,autumn,1986-2010,Southern Ocean,"Oxygen uptake rate per DM, (uL O2 ind^-1 h^-1):DW (mg)",linear regression (Y = a + bX),regression slope,29,adult,0.37,"parameter, validation",spawning,function,maintenance _respiration,temperature
Meyer 2012,"the overwintering of antarctic krill, euphausia superba, from an ecophysiological perspective",observation,years,autumn,1986-2010,Southern Ocean,"Oxygen uptake rate per DM, (uL O2 ind^-1 h^-1):DW (mg)",linear regression (Y = a + bX),regression slope,29,adult,0.37,"parameter, validation",spawning,function,assimilation,photoperiod
Meyer 2012,"the overwintering of antarctic krill, euphausia superba, from an ecophysiological perspective",observation,years,autumn,1986-2010,Southern Ocean,"Oxygen uptake rate per DM, (uL O2 ind^-1 h^-1):DW (mg)",linear regression (Y = a + bX),regression intercept,29,adult,0,"parameter, validation",spawning,function,maintenance _respiration,temperature
Meyer 2012,"the overwintering of antarctic krill, euphausia superba, from an ecophysiological perspective",observation,years,autumn,1986-2010,Southern Ocean,"Oxygen uptake rate per DM, (uL O2 ind^-1 h^-1):DW (mg)",linear regression (Y = a + bX),regression intercept,29,adult,0,"parameter, validation",spawning,function,assimilation,photoperiod
Auerswald et al. 2015,"Physiological response of adult Antarctic krill, Euphausia superba, to long-term starvation",observation,days,summer,2005-2005,Prydz Bay,Inter-moult periods (IMP),12 weeks starvation experiment,days,225,adult,28.6,"parameter, validation",spawning,function,maintenance _moulting,chlorophyll
Auerswald et al. 2015,"Physiological response of adult Antarctic krill, Euphausia superba, to long-term starvation",observation,days,summer,2005-2005,Prydz Bay,Inter-moult periods (IMP),12 weeks starvation experiment,days,225,adult,28.6,"parameter, validation",spawning,function,maintenance _moulting,POC
Auerswald et al. 2015,"Physiological response of adult Antarctic krill, Euphausia superba, to long-term starvation",observation,days,summer,2005-2005,Prydz Bay,Inter-moult periods (IMP),12 weeks starvation experiment,days,225,adult,28.6,"parameter, validation",spawning,function,maintenance _moulting,temperature
Auerswald et al. 2015,"Physiological response of adult Antarctic krill, Euphausia superba, to long-term starvation",observation,days,summer,2005-2005,Prydz Bay,Inter-moult periods (IMP),12 weeks starvation experiment,days,81,adult,27.1,"parameter, validation",spawning,function,maintenance _moulting,chlorophyll
Auerswald et al. 2015,"Physiological response of adult Antarctic krill, Euphausia superba, to long-term starvation",observation,days,summer,2005-2005,Prydz Bay,Inter-moult periods (IMP),12 weeks starvation experiment,days,81,adult,27.1,"parameter, validation",spawning,function,maintenance _moulting,POC
Auerswald et al. 2015,"Physiological response of adult Antarctic krill, Euphausia superba, to long-term starvation",observation,days,summer,2005-2005,Prydz Bay,Inter-moult periods (IMP),12 weeks starvation experiment,days,81,adult,27.1,"parameter, validation",spawning,function,maintenance _moulting,temperature
Auerswald et al. 2015,"Physiological response of adult Antarctic krill, Euphausia superba, to long-term starvation",observation,days,summer,2005-2005,Prydz Bay,Wet weight,12 weeks starvation experiment,ug,306,adult,491,"parameter, validation",spawning,state_var,tissue_reserves_carbs,NA
Auerswald et al. 2015,"Physiological response of adult Antarctic krill, Euphausia superba, to long-term starvation",observation,days,summer,2005-2005,Prydz Bay,Wet weight,12 weeks starvation experiment,ug,306,adult,491,"parameter, validation",spawning,state_var,tissue_reserves_proteins,NA
Auerswald et al. 2015,"Physiological response of adult Antarctic krill, Euphausia superba, to long-term starvation",observation,days,summer,2005-2005,Prydz Bay,Wet weight,12 weeks starvation experiment,ug,306,adult,491,"parameter, validation",spawning,state_var,tissue_reserves_lipids,NA
Auerswald et al. 2015,"Physiological response of adult Antarctic krill, Euphausia superba, to long-term starvation",observation,days,summer,2005-2005,Prydz Bay,Wet weight,12 weeks starvation experiment,ug,225,adult,236,"parameter, validation",spawning,state_var,tissue_reserves_carbs,NA
Auerswald et al. 2015,"Physiological response of adult Antarctic krill, Euphausia superba, to long-term starvation",observation,days,summer,2005-2005,Prydz Bay,Wet weight,12 weeks starvation experiment,ug,225,adult,236,"parameter, validation",spawning,state_var,tissue_reserves_proteins,NA
Auerswald et al. 2015,"Physiological response of adult Antarctic krill, Euphausia superba, to long-term starvation",observation,days,summer,2005-2005,Prydz Bay,Wet weight,12 weeks starvation experiment,ug,225,adult,236,"parameter, validation",spawning,state_var,tissue_reserves_lipids,NA
Auerswald et al. 2015,"Physiological response of adult Antarctic krill, Euphausia superba, to long-term starvation",observation,days,summer,2005-2005,Prydz Bay,Wet weight,12 weeks starvation experiment,ug,81,adult,323,"parameter, validation",spawning,state_var,tissue_reserves_carbs,NA
Auerswald et al. 2015,"Physiological response of adult Antarctic krill, Euphausia superba, to long-term starvation",observation,days,summer,2005-2005,Prydz Bay,Wet weight,12 weeks starvation experiment,ug,81,adult,323,"parameter, validation",spawning,state_var,tissue_reserves_proteins,NA
Auerswald et al. 2015,"Physiological response of adult Antarctic krill, Euphausia superba, to long-term starvation",observation,days,summer,2005-2005,Prydz Bay,Wet weight,12 weeks starvation experiment,ug,81,adult,323,"parameter, validation",spawning,state_var,tissue_reserves_lipids,NA
Reis et al. (2015),winter preconditioning determines feeding ecology of euphausia superba in the antarctic peninsula,observation,months,summer,2001,South Shetland Islands,lipid dry mass (%),Isaacs-Kidd midwater trawl,%,8,adult,9.8,"parameter, validation",spawning,state_var,tissue_reserves_lipids,NA
Reis et al. (2015),winter preconditioning determines feeding ecology of euphausia superba in the antarctic peninsula,observation,months,summer,2004,South Shetland Islands,lipid dry mass (%),Isaacs-Kidd midwater trawl,%,19,adult,11.4,"parameter, validation",spawning,state_var,tissue_reserves_lipids,NA
Reis et al. (2015),winter preconditioning determines feeding ecology of euphausia superba in the antarctic peninsula,observation,months,summer,2005,South Shetland Islands,lipid dry mass (%),Isaacs-Kidd midwater trawl,%,14,adult,18.9,"parameter, validation",spawning,state_var,tissue_reserves_lipids,NA
Reis et al. (2015),winter preconditioning determines feeding ecology of euphausia superba in the antarctic peninsula,observation,months,summer,2008,South Shetland Islands,lipid dry mass (%),Isaacs-Kidd midwater trawl,%,7,adult,16.6,"parameter, validation",spawning,state_var,tissue_reserves_lipids,NA
Reis et al. (2015),winter preconditioning determines feeding ecology of euphausia superba in the antarctic peninsula,observation,months,summer,2009,South Shetland Islands,lipid dry mass (%),Isaacs-Kidd midwater trawl,%,18,adult,9.7,"parameter, validation",spawning,state_var,tissue_reserves_lipids,NA
Reis et al. (2015),winter preconditioning determines feeding ecology of euphausia superba in the antarctic peninsula,observation,months,summer,2010,South Shetland Islands,lipid dry mass (%),Isaacs-Kidd midwater trawl,%,21,adult,20.6,"parameter, validation",spawning,state_var,tissue_reserves_lipids,NA
Reis et al. (2015),winter preconditioning determines feeding ecology of euphausia superba in the antarctic peninsula,observation,months,summer,2011,South Shetland Islands,lipid dry mass (%),Isaacs-Kidd midwater trawl,%,12,adult,11.6,"parameter, validation",spawning,state_var,tissue_reserves_lipids,NA
Reis et al. (2015),winter preconditioning determines feeding ecology of euphausia superba in the antarctic peninsula,observation,months,summer,2012,South Shetland Islands,lipid dry mass (%),Isaacs-Kidd midwater trawl,%,15,adult,23,"parameter, validation",spawning,state_var,tissue_reserves_lipids,NA
Reis et al. (2015),winter preconditioning determines feeding ecology of euphausia superba in the antarctic peninsula,observation,months,summer,2001,South Shetland Islands,16:0/16:1n-7,Isaacs-Kidd midwater trawl,NA,10,adult,6.01,validation,spawning,state_var,tissue_reserves_lipids,NA
Reis et al. (2015),winter preconditioning determines feeding ecology of euphausia superba in the antarctic peninsula,observation,months,summer,2004,South Shetland Islands,16:0/16:1n-7,Isaacs-Kidd midwater trawl,NA,19,adult,5.36,validation,spawning,state_var,tissue_reserves_lipids,NA
Reis et al. (2015),winter preconditioning determines feeding ecology of euphausia superba in the antarctic peninsula,observation,months,summer,2005,South Shetland Islands,16:0/16:1n-7,Isaacs-Kidd midwater trawl,NA,14,adult,6.42,validation,spawning,state_var,tissue_reserves_lipids,NA
Reis et al. (2015),winter preconditioning determines feeding ecology of euphausia superba in the antarctic peninsula,observation,months,summer,2008,South Shetland Islands,16:0/16:1n-7,Isaacs-Kidd midwater trawl,NA,7,adult,7.12,validation,spawning,state_var,tissue_reserves_lipids,NA
Reis et al. (2015),winter preconditioning determines feeding ecology of euphausia superba in the antarctic peninsula,observation,months,summer,2009,South Shetland Islands,16:0/16:1n-7,Isaacs-Kidd midwater trawl,NA,19,adult,5.39,validation,spawning,state_var,tissue_reserves_lipids,NA
Reis et al. (2015),winter preconditioning determines feeding ecology of euphausia superba in the antarctic peninsula,observation,months,summer,2010,South Shetland Islands,16:0/16:1n-7,Isaacs-Kidd midwater trawl,NA,34,adult,4.98,validation,spawning,state_var,tissue_reserves_lipids,NA
Reis et al. (2015),winter preconditioning determines feeding ecology of euphausia superba in the antarctic peninsula,observation,months,summer,2011,South Shetland Islands,16:0/16:1n-7,Isaacs-Kidd midwater trawl,NA,14,adult,8.41,validation,spawning,state_var,tissue_reserves_lipids,NA
Reis et al. (2015),winter preconditioning determines feeding ecology of euphausia superba in the antarctic peninsula,observation,months,summer,2012,South Shetland Islands,16:0/16:1n-7,Isaacs-Kidd midwater trawl,NA,15,adult,4.6,validation,spawning,state_var,tissue_reserves_lipids,NA
Reis et al. (2015),winter preconditioning determines feeding ecology of euphausia superba in the antarctic peninsula,observation,months,summer,2001,South Shetland Islands,16:1n-7/18:4n-3,Isaacs-Kidd midwater trawl,NA,10,adult,1.21,validation,spawning,state_var,tissue_reserves_lipids,NA
Reis et al. (2015),winter preconditioning determines feeding ecology of euphausia superba in the antarctic peninsula,observation,months,summer,2004,South Shetland Islands,16:1n-7/18:4n-3,Isaacs-Kidd midwater trawl,NA,19,adult,0.89,validation,spawning,state_var,tissue_reserves_lipids,NA
Reis et al. (2015),winter preconditioning determines feeding ecology of euphausia superba in the antarctic peninsula,observation,months,summer,2005,South Shetland Islands,16:1n-7/18:4n-3,Isaacs-Kidd midwater trawl,NA,14,adult,0.83,validation,spawning,state_var,tissue_reserves_lipids,NA
Reis et al. (2015),winter preconditioning determines feeding ecology of euphausia superba in the antarctic peninsula,observation,months,summer,2008,South Shetland Islands,16:1n-7/18:4n-3,Isaacs-Kidd midwater trawl,NA,7,adult,0.86,validation,spawning,state_var,tissue_reserves_lipids,NA
Reis et al. (2015),winter preconditioning determines feeding ecology of euphausia superba in the antarctic peninsula,observation,months,summer,2009,South Shetland Islands,16:1n-7/18:4n-3,Isaacs-Kidd midwater trawl,NA,19,adult,2.02,validation,spawning,state_var,tissue_reserves_lipids,NA
Reis et al. (2015),winter preconditioning determines feeding ecology of euphausia superba in the antarctic peninsula,observation,months,summer,2010,South Shetland Islands,16:1n-7/18:4n-3,Isaacs-Kidd midwater trawl,NA,34,adult,1.06,validation,spawning,state_var,tissue_reserves_lipids,NA
Reis et al. (2015),winter preconditioning determines feeding ecology of euphausia superba in the antarctic peninsula,observation,months,summer,2011,South Shetland Islands,16:1n-7/18:4n-3,Isaacs-Kidd midwater trawl,NA,14,adult,1.41,validation,spawning,state_var,tissue_reserves_lipids,NA
Reis et al. (2015),winter preconditioning determines feeding ecology of euphausia superba in the antarctic peninsula,observation,months,summer,2012,South Shetland Islands,16:1n-7/18:4n-3,Isaacs-Kidd midwater trawl,NA,15,adult,1.08,validation,spawning,state_var,tissue_reserves_lipids,NA
Reis et al. (2015),winter preconditioning determines feeding ecology of euphausia superba in the antarctic peninsula,observation,months,summer,2001,South Shetland Islands,18:1n-9/18:1n-7,Isaacs-Kidd midwater trawl,NA,10,adult,1.2,validation,spawning,state_var,tissue_reserves_lipids,NA
Reis et al. (2015),winter preconditioning determines feeding ecology of euphausia superba in the antarctic peninsula,observation,months,summer,2004,South Shetland Islands,18:1n-9/18:1n-7,Isaacs-Kidd midwater trawl,NA,19,adult,1.22,validation,spawning,state_var,tissue_reserves_lipids,NA
Reis et al. (2015),winter preconditioning determines feeding ecology of euphausia superba in the antarctic peninsula,observation,months,summer,2005,South Shetland Islands,18:1n-9/18:1n-7,Isaacs-Kidd midwater trawl,NA,14,adult,1.29,validation,spawning,state_var,tissue_reserves_lipids,NA
Reis et al. (2015),winter preconditioning determines feeding ecology of euphausia superba in the antarctic peninsula,observation,months,summer,2008,South Shetland Islands,18:1n-9/18:1n-7,Isaacs-Kidd midwater trawl,NA,7,adult,1.17,validation,spawning,state_var,tissue_reserves_lipids,NA
Reis et al. (2015),winter preconditioning determines feeding ecology of euphausia superba in the antarctic peninsula,observation,months,summer,2009,South Shetland Islands,18:1n-9/18:1n-7,Isaacs-Kidd midwater trawl,NA,19,adult,1.32,validation,spawning,state_var,tissue_reserves_lipids,NA
Reis et al. (2015),winter preconditioning determines feeding ecology of euphausia superba in the antarctic peninsula,observation,months,summer,2010,South Shetland Islands,18:1n-9/18:1n-7,Isaacs-Kidd midwater trawl,NA,34,adult,1.3,validation,spawning,state_var,tissue_reserves_lipids,NA
Reis et al. (2015),winter preconditioning determines feeding ecology of euphausia superba in the antarctic peninsula,observation,months,summer,2011,South Shetland Islands,18:1n-9/18:1n-7,Isaacs-Kidd midwater trawl,NA,14,adult,1.26,validation,spawning,state_var,tissue_reserves_lipids,NA
Reis et al. (2015),winter preconditioning determines feeding ecology of euphausia superba in the antarctic peninsula,observation,months,summer,2012,South Shetland Islands,18:1n-9/18:1n-7,Isaacs-Kidd midwater trawl,NA,15,adult,1.8,validation,spawning,state_var,tissue_reserves_lipids,NA
Reis et al. (2015),winter preconditioning determines feeding ecology of euphausia superba in the antarctic peninsula,observation,months,summer,2001,South Shetland Islands,SFA/PUFA,Isaacs-Kidd midwater trawl,NA,10,adult,0.08,validation,spawning,state_var,tissue_reserves_lipids,NA
Reis et al. (2015),winter preconditioning determines feeding ecology of euphausia superba in the antarctic peninsula,observation,months,summer,2004,South Shetland Islands,SFA/PUFA,Isaacs-Kidd midwater trawl,NA,19,adult,0.21,validation,spawning,state_var,tissue_reserves_lipids,NA
Reis et al. (2015),winter preconditioning determines feeding ecology of euphausia superba in the antarctic peninsula,observation,months,summer,2005,South Shetland Islands,SFA/PUFA,Isaacs-Kidd midwater trawl,NA,14,adult,0.2,validation,spawning,state_var,tissue_reserves_lipids,NA
Reis et al. (2015),winter preconditioning determines feeding ecology of euphausia superba in the antarctic peninsula,observation,months,summer,2008,South Shetland Islands,SFA/PUFA,Isaacs-Kidd midwater trawl,NA,7,adult,0.1,validation,spawning,state_var,tissue_reserves_lipids,NA
Reis et al. (2015),winter preconditioning determines feeding ecology of euphausia superba in the antarctic peninsula,observation,months,summer,2009,South Shetland Islands,SFA/PUFA,Isaacs-Kidd midwater trawl,NA,19,adult,0.22,validation,spawning,state_var,tissue_reserves_lipids,NA
Reis et al. (2015),winter preconditioning determines feeding ecology of euphausia superba in the antarctic peninsula,observation,months,summer,2010,South Shetland Islands,SFA/PUFA,Isaacs-Kidd midwater trawl,NA,34,adult,0.24,validation,spawning,state_var,tissue_reserves_lipids,NA
Reis et al. (2015),winter preconditioning determines feeding ecology of euphausia superba in the antarctic peninsula,observation,months,summer,2011,South Shetland Islands,SFA/PUFA,Isaacs-Kidd midwater trawl,NA,14,adult,0.37,validation,spawning,state_var,tissue_reserves_lipids,NA
Reis et al. (2015),winter preconditioning determines feeding ecology of euphausia superba in the antarctic peninsula,observation,months,summer,2012,South Shetland Islands,SFA/PUFA,Isaacs-Kidd midwater trawl,NA,15,adult,0.3,validation,spawning,state_var,tissue_reserves_lipids,NA
Espinasse et al. (2012),austral fall-winter transition of mesozooplankton assemblages and krill aggregations in an embayment west of the antarctic peninsula,hybrid,months,autumn,2009-2009,"Wilhelmina Bay, Gerlache Strait",Wet weight,MOCNESS tows,g WW m^-2,NA,adult,198,"parameter, validation",spawning,state_var,tissue_reserves_carbs,NA
Espinasse et al. (2012),austral fall-winter transition of mesozooplankton assemblages and krill aggregations in an embayment west of the antarctic peninsula,hybrid,months,autumn,2009-2009,"Wilhelmina Bay, Gerlache Strait",Wet weight,MOCNESS tows,g WW m^-2,NA,adult,198,"parameter, validation",spawning,state_var,tissue_reserves_proteins,NA
Espinasse et al. (2012),austral fall-winter transition of mesozooplankton assemblages and krill aggregations in an embayment west of the antarctic peninsula,hybrid,months,autumn,2009-2009,"Wilhelmina Bay, Gerlache Strait",Wet weight,MOCNESS tows,g WW m^-2,NA,adult,198,"parameter, validation",spawning,state_var,tissue_reserves_lipids,NA
Espinasse et al. (2012),austral fall-winter transition of mesozooplankton assemblages and krill aggregations in an embayment west of the antarctic peninsula,hybrid,months,autumn,2009-2009,"Wilhelmina Bay, Gerlache Strait",carbon content,MOCNESS tows,g C m^2,NA,adult,23.7,"parameter, validation",spawning,state_var,tissue_reserves_carbs,NA
Espinasse et al. (2012),austral fall-winter transition of mesozooplankton assemblages and krill aggregations in an embayment west of the antarctic peninsula,hybrid,months,autumn,2009-2009,"Wilhelmina Bay, Gerlache Strait",Wet weight,MOCNESS tows,g WW m^-2,NA,adult,88,"parameter, validation",spawning,state_var,tissue_reserves_carbs,NA
Espinasse et al. (2012),austral fall-winter transition of mesozooplankton assemblages and krill aggregations in an embayment west of the antarctic peninsula,hybrid,months,autumn,2009-2009,"Wilhelmina Bay, Gerlache Strait",Wet weight,MOCNESS tows,g WW m^-2,NA,adult,88,"parameter, validation",spawning,state_var,tissue_reserves_proteins,NA
Espinasse et al. (2012),austral fall-winter transition of mesozooplankton assemblages and krill aggregations in an embayment west of the antarctic peninsula,hybrid,months,autumn,2009-2009,"Wilhelmina Bay, Gerlache Strait",Wet weight,MOCNESS tows,g WW m^-2,NA,adult,88,"parameter, validation",spawning,state_var,tissue_reserves_lipids,NA
Espinasse et al. (2012),austral fall-winter transition of mesozooplankton assemblages and krill aggregations in an embayment west of the antarctic peninsula,hybrid,months,autumn,2009-2009,"Wilhelmina Bay, Gerlache Strait",carbon content,MOCNESS tows,g C m^2,NA,adult,10.5,"parameter, validation",spawning,state_var,tissue_reserves_carbs,NA
Espinasse et al. (2012),austral fall-winter transition of mesozooplankton assemblages and krill aggregations in an embayment west of the antarctic peninsula,hybrid,months,autumn,2009-2009,"Wilhelmina Bay, Gerlache Strait",Wet weight,MOCNESS tows,g WW m^-2,NA,adult,167,"parameter, validation",spawning,state_var,tissue_reserves_carbs,NA
Espinasse et al. (2012),austral fall-winter transition of mesozooplankton assemblages and krill aggregations in an embayment west of the antarctic peninsula,hybrid,months,autumn,2009-2009,"Wilhelmina Bay, Gerlache Strait",Wet weight,MOCNESS tows,g WW m^-2,NA,adult,167,"parameter, validation",spawning,state_var,tissue_reserves_proteins,NA
Espinasse et al. (2012),austral fall-winter transition of mesozooplankton assemblages and krill aggregations in an embayment west of the antarctic peninsula,hybrid,months,autumn,2009-2009,"Wilhelmina Bay, Gerlache Strait",Wet weight,MOCNESS tows,g WW m^-2,NA,adult,167,"parameter, validation",spawning,state_var,tissue_reserves_lipids,NA
Espinasse et al. (2012),austral fall-winter transition of mesozooplankton assemblages and krill aggregations in an embayment west of the antarctic peninsula,hybrid,months,autumn,2009-2009,"Wilhelmina Bay, Gerlache Strait",carbon content,MOCNESS tows,g C m^2,NA,adult,20,"parameter, validation",spawning,state_var,tissue_reserves_carbs,NA
Espinasse et al. (2012),austral fall-winter transition of mesozooplankton assemblages and krill aggregations in an embayment west of the antarctic peninsula,hybrid,months,autumn,2009-2009,"Wilhelmina Bay, Gerlache Strait",Wet weight,MOCNESS tows,g WW m^-2,NA,adult,6657,"parameter, validation",spawning,state_var,tissue_reserves_carbs,NA
Espinasse et al. (2012),austral fall-winter transition of mesozooplankton assemblages and krill aggregations in an embayment west of the antarctic peninsula,hybrid,months,autumn,2009-2009,"Wilhelmina Bay, Gerlache Strait",Wet weight,MOCNESS tows,g WW m^-2,NA,adult,6657,"parameter, validation",spawning,state_var,tissue_reserves_proteins,NA
Espinasse et al. (2012),austral fall-winter transition of mesozooplankton assemblages and krill aggregations in an embayment west of the antarctic peninsula,hybrid,months,autumn,2009-2009,"Wilhelmina Bay, Gerlache Strait",Wet weight,MOCNESS tows,g WW m^-2,NA,adult,6657,"parameter, validation",spawning,state_var,tissue_reserves_lipids,NA
Espinasse et al. (2012),austral fall-winter transition of mesozooplankton assemblages and krill aggregations in an embayment west of the antarctic peninsula,hybrid,months,autumn,2009-2009,"Wilhelmina Bay, Gerlache Strait",carbon content,MOCNESS tows,g C m^2,NA,adult,798,"parameter, validation",spawning,state_var,tissue_reserves_carbs,NA
Espinasse et al. (2012),austral fall-winter transition of mesozooplankton assemblages and krill aggregations in an embayment west of the antarctic peninsula,hybrid,months,autumn,2009-2009,"Wilhelmina Bay, Gerlache Strait",Wet weight,MOCNESS tows,g WW m^-2,NA,adult,2987,"parameter, validation",spawning,state_var,tissue_reserves_carbs,NA
Espinasse et al. (2012),austral fall-winter transition of mesozooplankton assemblages and krill aggregations in an embayment west of the antarctic peninsula,hybrid,months,autumn,2009-2009,"Wilhelmina Bay, Gerlache Strait",Wet weight,MOCNESS tows,g WW m^-2,NA,adult,2987,"parameter, validation",spawning,state_var,tissue_reserves_proteins,NA
Espinasse et al. (2012),austral fall-winter transition of mesozooplankton assemblages and krill aggregations in an embayment west of the antarctic peninsula,hybrid,months,autumn,2009-2009,"Wilhelmina Bay, Gerlache Strait",Wet weight,MOCNESS tows,g WW m^-2,NA,adult,2987,"parameter, validation",spawning,state_var,tissue_reserves_lipids,NA
Espinasse et al. (2012),austral fall-winter transition of mesozooplankton assemblages and krill aggregations in an embayment west of the antarctic peninsula,hybrid,months,autumn,2009-2009,"Wilhelmina Bay, Gerlache Strait",carbon content,MOCNESS tows,g C m^2,NA,adult,358,"parameter, validation",spawning,state_var,tissue_reserves_carbs,NA
Espinasse et al. (2012),austral fall-winter transition of mesozooplankton assemblages and krill aggregations in an embayment west of the antarctic peninsula,hybrid,months,autumn,2009-2009,"Wilhelmina Bay, Gerlache Strait",Wet weight,MOCNESS tows,g WW m^-2,NA,adult,1730,"parameter, validation",spawning,state_var,tissue_reserves_carbs,NA
Espinasse et al. (2012),austral fall-winter transition of mesozooplankton assemblages and krill aggregations in an embayment west of the antarctic peninsula,hybrid,months,autumn,2009-2009,"Wilhelmina Bay, Gerlache Strait",Wet weight,MOCNESS tows,g WW m^-2,NA,adult,1730,"parameter, validation",spawning,state_var,tissue_reserves_proteins,NA
Espinasse et al. (2012),austral fall-winter transition of mesozooplankton assemblages and krill aggregations in an embayment west of the antarctic peninsula,hybrid,months,autumn,2009-2009,"Wilhelmina Bay, Gerlache Strait",Wet weight,MOCNESS tows,g WW m^-2,NA,adult,1730,"parameter, validation",spawning,state_var,tissue_reserves_lipids,NA
Espinasse et al. (2012),austral fall-winter transition of mesozooplankton assemblages and krill aggregations in an embayment west of the antarctic peninsula,hybrid,months,autumn,2009-2009,"Wilhelmina Bay, Gerlache Strait",carbon content,MOCNESS tows,g C m^2,NA,adult,207,"parameter, validation",spawning,state_var,tissue_reserves_carbs,NA
Atkinson et al. (2002),feeding and energy budgets of antarctic krill euphausia superba at the onset of winter - ii. juveniles and adults,observation,days,"autumn, winter",1999,Lazarev Sea,fatty acid 14:00,Bongo net,% total fatty acids,10,juvenile,11.9 (11.1-13.5),validation,spawning,state_var,tissue_reserves_lipids,NA
Atkinson et al. (2002),feeding and energy budgets of antarctic krill euphausia superba at the onset of winter - ii. juveniles and adults,observation,days,"autumn, winter",1999,Lazarev Sea,fatty acid 15:00,Bongo net,% total fatty acids,10,juvenile,0.5 (0.3-0.6),validation,spawning,state_var,tissue_reserves_lipids,NA
Atkinson et al. (2002),feeding and energy budgets of antarctic krill euphausia superba at the onset of winter - ii. juveniles and adults,observation,days,"autumn, winter",1999,Lazarev Sea,fatty acid 16:00,Bongo net,% total fatty acids,10,juvenile,19.3 (17.5-21.4),validation,spawning,state_var,tissue_reserves_lipids,NA
Atkinson et al. (2002),feeding and energy budgets of antarctic krill euphausia superba at the onset of winter - ii. juveniles and adults,observation,days,"autumn, winter",1999,Lazarev Sea,fatty acid 16:1 (n-7),Bongo net,% total fatty acids,10,juvenile,6.6 (1.4-8.2),validation,spawning,state_var,tissue_reserves_lipids,NA
Atkinson et al. (2002),feeding and energy budgets of antarctic krill euphausia superba at the onset of winter - ii. juveniles and adults,observation,days,"autumn, winter",1999,Lazarev Sea,fatty acid 16:1 (n-5),Bongo net,% total fatty acids,10,juvenile,1 (0.3-5.5),validation,spawning,state_var,tissue_reserves_lipids,NA
Atkinson et al. (2002),feeding and energy budgets of antarctic krill euphausia superba at the onset of winter - ii. juveniles and adults,observation,days,"autumn, winter",1999,Lazarev Sea,fatty acid 16:2 (n-7),Bongo net,% total fatty acids,10,juvenile,1.7 (1.5-1.8),validation,spawning,state_var,tissue_reserves_lipids,NA
Atkinson et al. (2002),feeding and energy budgets of antarctic krill euphausia superba at the onset of winter - ii. juveniles and adults,observation,days,"autumn, winter",1999,Lazarev Sea,fatty acid 16:3 (n-4),Bongo net,% total fatty acids,10,juvenile,0.4 (0.2-0.4),validation,spawning,state_var,tissue_reserves_lipids,NA
Atkinson et al. (2002),feeding and energy budgets of antarctic krill euphausia superba at the onset of winter - ii. juveniles and adults,observation,days,"autumn, winter",1999,Lazarev Sea,fatty acid 16:4 (n-1),Bongo net,% total fatty acids,10,juvenile,0.7 (0.4-1.0),validation,spawning,state_var,tissue_reserves_lipids,NA
Atkinson et al. (2002),feeding and energy budgets of antarctic krill euphausia superba at the onset of winter - ii. juveniles and adults,observation,days,"autumn, winter",1999,Lazarev Sea,fatty acid 17:0,Bongo net,% total fatty acids,10,juvenile,0.1 (0.05-0.2),validation,spawning,state_var,tissue_reserves_lipids,NA
Atkinson et al. (2002),feeding and energy budgets of antarctic krill euphausia superba at the onset of winter - ii. juveniles and adults,observation,days,"autumn, winter",1999,Lazarev Sea,fatty acid 18:0,Bongo net,% total fatty acids,10,juvenile,1.7 (1.0-1.9),validation,spawning,state_var,tissue_reserves_lipids,NA
Atkinson et al. (2002),feeding and energy budgets of antarctic krill euphausia superba at the onset of winter - ii. juveniles and adults,observation,days,"autumn, winter",1999,Lazarev Sea,fatty acid 18:1 (n-9),Bongo net,% total fatty acids,10,juvenile,11.7 (9.9-16.1),validation,spawning,state_var,tissue_reserves_lipids,NA
Atkinson et al. (2002),feeding and energy budgets of antarctic krill euphausia superba at the onset of winter - ii. juveniles and adults,observation,days,"autumn, winter",1999,Lazarev Sea,fatty acid 18:1 (n-7),Bongo net,% total fatty acids,10,juvenile,6.5 (5.9-7.1),validation,spawning,state_var,tissue_reserves_lipids,NA
Atkinson et al. (2002),feeding and energy budgets of antarctic krill euphausia superba at the onset of winter - ii. juveniles and adults,observation,days,"autumn, winter",1999,Lazarev Sea,fatty acid 18:2 (n-6),Bongo net,% total fatty acids,10,juvenile,2.6 (2.04-2.94),validation,spawning,state_var,tissue_reserves_lipids,NA
Atkinson et al. (2002),feeding and energy budgets of antarctic krill euphausia superba at the onset of winter - ii. juveniles and adults,observation,days,"autumn, winter",1999,Lazarev Sea,fatty acid 18:3 (n-3),Bongo net,% total fatty acids,10,juvenile,0.7 (0.69-0.8),validation,spawning,state_var,tissue_reserves_lipids,NA
Atkinson et al. (2002),feeding and energy budgets of antarctic krill euphausia superba at the onset of winter - ii. juveniles and adults,observation,days,"autumn, winter",1999,Lazarev Sea,fatty acid 18:4 (n-3),Bongo net,% total fatty acids,10,juvenile,2.3 (1.9-2.78),validation,spawning,state_var,tissue_reserves_lipids,NA
Atkinson et al. (2002),feeding and energy budgets of antarctic krill euphausia superba at the onset of winter - ii. juveniles and adults,observation,days,"autumn, winter",1999,Lazarev Sea,fatty acid 20:1 (n-9),Bongo net,% total fatty acids,10,juvenile,1.1 (0.8-1.7),validation,spawning,state_var,tissue_reserves_lipids,NA
Atkinson et al. (2002),feeding and energy budgets of antarctic krill euphausia superba at the onset of winter - ii. juveniles and adults,observation,days,"autumn, winter",1999,Lazarev Sea,fatty acid 20:1 (n-7),Bongo net,% total fatty acids,10,juvenile,0.4 (0.2-1.8),validation,spawning,state_var,tissue_reserves_lipids,NA
Atkinson et al. (2002),feeding and energy budgets of antarctic krill euphausia superba at the onset of winter - ii. juveniles and adults,observation,days,"autumn, winter",1999,Lazarev Sea,fatty acid 20:4 (n-6),Bongo net,% total fatty acids,10,juvenile,0.7 (0.5-0.8),validation,spawning,state_var,tissue_reserves_lipids,NA
Atkinson et al. (2002),feeding and energy budgets of antarctic krill euphausia superba at the onset of winter - ii. juveniles and adults,observation,days,"autumn, winter",1999,Lazarev Sea,fatty acid 20:4 (n-3),Bongo net,% total fatty acids,10,juvenile,0.6 (0.4-0.8),validation,spawning,state_var,tissue_reserves_lipids,NA
Atkinson et al. (2002),feeding and energy budgets of antarctic krill euphausia superba at the onset of winter - ii. juveniles and adults,observation,days,"autumn, winter",1999,Lazarev Sea,fatty acid 20:5 (n-3),Bongo net,% total fatty acids,10,juvenile,15.2 (13.0-16.3),validation,spawning,state_var,tissue_reserves_lipids,NA
Atkinson et al. (2002),feeding and energy budgets of antarctic krill euphausia superba at the onset of winter - ii. juveniles and adults,observation,days,"autumn, winter",1999,Lazarev Sea,fatty acid 22:1 (n-13),Bongo net,% total fatty acids,10,juvenile,0.2 (0.02-0.3),validation,spawning,state_var,tissue_reserves_lipids,NA
Atkinson et al. (2002),feeding and energy budgets of antarctic krill euphausia superba at the onset of winter - ii. juveniles and adults,observation,days,"autumn, winter",1999,Lazarev Sea,fatty acid 22:1 (n-11),Bongo net,% total fatty acids,10,juvenile,0.7 (0.6-1.2),validation,spawning,state_var,tissue_reserves_lipids,NA
Atkinson et al. (2002),feeding and energy budgets of antarctic krill euphausia superba at the onset of winter - ii. juveniles and adults,observation,days,"autumn, winter",1999,Lazarev Sea,fatty acid 22:1 (n-9),Bongo net,% total fatty acids,10,juvenile,0.1 (0.07-0.2),validation,spawning,state_var,tissue_reserves_lipids,NA
Atkinson et al. (2002),feeding and energy budgets of antarctic krill euphausia superba at the onset of winter - ii. juveniles and adults,observation,days,"autumn, winter",1999,Lazarev Sea,fatty acid 22:4 (n-3),Bongo net,% total fatty acids,10,juvenile,0.4 (0.3-0.5),validation,spawning,state_var,tissue_reserves_lipids,NA
Atkinson et al. (2002),feeding and energy budgets of antarctic krill euphausia superba at the onset of winter - ii. juveniles and adults,observation,days,"autumn, winter",1999,Lazarev Sea,fatty acid 22:5 (n-3),Bongo net,% total fatty acids,10,juvenile,0.5 (0.3-0.9),validation,spawning,state_var,tissue_reserves_lipids,NA
Atkinson et al. (2002),feeding and energy budgets of antarctic krill euphausia superba at the onset of winter - ii. juveniles and adults,observation,days,"autumn, winter",1999,Lazarev Sea,fatty acid 22:6 (n-3),Bongo net,% total fatty acids,10,juvenile,8.2 (5.6-9.9),validation,spawning,state_var,tissue_reserves_lipids,NA
Atkinson et al. (2002),feeding and energy budgets of antarctic krill euphausia superba at the onset of winter - ii. juveniles and adults,observation,days,"autumn, winter",1999,Lazarev Sea,total lipid,Bongo net,% of dry mass,10,juvenile,37 (35-48),"parameter, validation",spawning,state_var,tissue_reserves_lipids,NA
Atkinson et al. (2002),feeding and energy budgets of antarctic krill euphausia superba at the onset of winter - ii. juveniles and adults,observation,days,"autumn, winter",1999,Lazarev Sea,total PUFA,Bongo net,% of fatty acids,10,juvenile,33.9 (27.4-37.6),"parameter, validation",spawning,state_var,tissue_reserves_lipids,NA
Atkinson et al. (2002),feeding and energy budgets of antarctic krill euphausia superba at the onset of winter - ii. juveniles and adults,observation,days,"autumn, winter",1999,Lazarev Sea,total SFA,Bongo net,% of fatty acids,10,juvenile,34.4 (30.9-36.9),"parameter, validation",spawning,state_var,tissue_reserves_lipids,NA
Atkinson et al. (2002),feeding and energy budgets of antarctic krill euphausia superba at the onset of winter - ii. juveniles and adults,observation,days,"autumn, winter",1999,Lazarev Sea,fatty acid 14:00,Bongo net,% total fatty acids,8,adult,12.5 (10.5-13.7),validation,spawning,state_var,tissue_reserves_lipids,NA
Atkinson et al. (2002),feeding and energy budgets of antarctic krill euphausia superba at the onset of winter - ii. juveniles and adults,observation,days,"autumn, winter",1999,Lazarev Sea,fatty acid 15:00,Bongo net,% total fatty acids,8,adult,0.4 (0.2-0.6),validation,spawning,state_var,tissue_reserves_lipids,NA
Atkinson et al. (2002),feeding and energy budgets of antarctic krill euphausia superba at the onset of winter - ii. juveniles and adults,observation,days,"autumn, winter",1999,Lazarev Sea,fatty acid 16:00,Bongo net,% total fatty acids,8,adult,18.2 (15.4-20.4),validation,spawning,state_var,tissue_reserves_lipids,NA
Atkinson et al. (2002),feeding and energy budgets of antarctic krill euphausia superba at the onset of winter - ii. juveniles and adults,observation,days,"autumn, winter",1999,Lazarev Sea,fatty acid 16:1 (n-7),Bongo net,% total fatty acids,8,adult,8.1 (5.5-10.5),validation,spawning,state_var,tissue_reserves_lipids,NA
Atkinson et al. (2002),feeding and energy budgets of antarctic krill euphausia superba at the onset of winter - ii. juveniles and adults,observation,days,"autumn, winter",1999,Lazarev Sea,fatty acid 16:1 (n-5),Bongo net,% total fatty acids,8,adult,0.4 (0.2-0.5),validation,spawning,state_var,tissue_reserves_lipids,NA
Atkinson et al. (2002),feeding and energy budgets of antarctic krill euphausia superba at the onset of winter - ii. juveniles and adults,observation,days,"autumn, winter",1999,Lazarev Sea,fatty acid 16:2 (n-7),Bongo net,% total fatty acids,8,adult,1.5 (1.2-1.7),validation,spawning,state_var,tissue_reserves_lipids,NA
Atkinson et al. (2002),feeding and energy budgets of antarctic krill euphausia superba at the onset of winter - ii. juveniles and adults,observation,days,"autumn, winter",1999,Lazarev Sea,fatty acid 16:3 (n-4),Bongo net,% total fatty acids,8,adult,0.3 (0.2-0.4),validation,spawning,state_var,tissue_reserves_lipids,NA
Atkinson et al. (2002),feeding and energy budgets of antarctic krill euphausia superba at the onset of winter - ii. juveniles and adults,observation,days,"autumn, winter",1999,Lazarev Sea,fatty acid 16:4 (n-1),Bongo net,% total fatty acids,8,adult,0.6 (0.3-0.7),validation,spawning,state_var,tissue_reserves_lipids,NA
Atkinson et al. (2002),feeding and energy budgets of antarctic krill euphausia superba at the onset of winter - ii. juveniles and adults,observation,days,"autumn, winter",1999,Lazarev Sea,fatty acid 17:0,Bongo net,% total fatty acids,8,adult,0.1 (0.05-0.2),validation,spawning,state_var,tissue_reserves_lipids,NA
Atkinson et al. (2002),feeding and energy budgets of antarctic krill euphausia superba at the onset of winter - ii. juveniles and adults,observation,days,"autumn, winter",1999,Lazarev Sea,fatty acid 18:0,Bongo net,% total fatty acids,8,adult,1.4 (0.7-1.7),validation,spawning,state_var,tissue_reserves_lipids,NA
Atkinson et al. (2002),feeding and energy budgets of antarctic krill euphausia superba at the onset of winter - ii. juveniles and adults,observation,days,"autumn, winter",1999,Lazarev Sea,fatty acid 18:1 (n-9),Bongo net,% total fatty acids,8,adult,12.8 (9.3-15.8),validation,spawning,state_var,tissue_reserves_lipids,NA
Atkinson et al. (2002),feeding and energy budgets of antarctic krill euphausia superba at the onset of winter - ii. juveniles and adults,observation,days,"autumn, winter",1999,Lazarev Sea,fatty acid 18:1 (n-7),Bongo net,% total fatty acids,8,adult,7.1 (6-8),validation,spawning,state_var,tissue_reserves_lipids,NA
Atkinson et al. (2002),feeding and energy budgets of antarctic krill euphausia superba at the onset of winter - ii. juveniles and adults,observation,days,"autumn, winter",1999,Lazarev Sea,fatty acid 18:2 (n-6),Bongo net,% total fatty acids,8,adult,2.3 (1.7-2.6),validation,spawning,state_var,tissue_reserves_lipids,NA
Atkinson et al. (2002),feeding and energy budgets of antarctic krill euphausia superba at the onset of winter - ii. juveniles and adults,observation,days,"autumn, winter",1999,Lazarev Sea,fatty acid 18:3 (n-3),Bongo net,% total fatty acids,8,adult,0.7 (0.6-0.7),validation,spawning,state_var,tissue_reserves_lipids,NA
Atkinson et al. (2002),feeding and energy budgets of antarctic krill euphausia superba at the onset of winter - ii. juveniles and adults,observation,days,"autumn, winter",1999,Lazarev Sea,fatty acid 18:4 (n-3),Bongo net,% total fatty acids,8,adult,2.2 (1.4-2.9),validation,spawning,state_var,tissue_reserves_lipids,NA
Atkinson et al. (2002),feeding and energy budgets of antarctic krill euphausia superba at the onset of winter - ii. juveniles and adults,observation,days,"autumn, winter",1999,Lazarev Sea,fatty acid 20:1 (n-9),Bongo net,% total fatty acids,8,adult,1.4 (1.2-1.8),validation,spawning,state_var,tissue_reserves_lipids,NA
Atkinson et al. (2002),feeding and energy budgets of antarctic krill euphausia superba at the onset of winter - ii. juveniles and adults,observation,days,"autumn, winter",1999,Lazarev Sea,fatty acid 20:1 (n-7),Bongo net,% total fatty acids,8,adult,0.4 (0.3-0.4),validation,spawning,state_var,tissue_reserves_lipids,NA
Atkinson et al. (2002),feeding and energy budgets of antarctic krill euphausia superba at the onset of winter - ii. juveniles and adults,observation,days,"autumn, winter",1999,Lazarev Sea,fatty acid 20:4 (n-6),Bongo net,% total fatty acids,8,adult,0.7 (0.5-1.0),validation,spawning,state_var,tissue_reserves_lipids,NA
Atkinson et al. (2002),feeding and energy budgets of antarctic krill euphausia superba at the onset of winter - ii. juveniles and adults,observation,days,"autumn, winter",1999,Lazarev Sea,fatty acid 20:4 (n-3),Bongo net,% total fatty acids,8,adult,0.6 (0.4-0.8),validation,spawning,state_var,tissue_reserves_lipids,NA
Atkinson et al. (2002),feeding and energy budgets of antarctic krill euphausia superba at the onset of winter - ii. juveniles and adults,observation,days,"autumn, winter",1999,Lazarev Sea,fatty acid 20:5 (n-3),Bongo net,% total fatty acids,8,adult,15.3 (12.5-16.0),validation,spawning,state_var,tissue_reserves_lipids,NA
Atkinson et al. (2002),feeding and energy budgets of antarctic krill euphausia superba at the onset of winter - ii. juveniles and adults,observation,days,"autumn, winter",1999,Lazarev Sea,fatty acid 22:1 (n-13),Bongo net,% total fatty acids,8,adult,0.08 (0.01-0.2),validation,spawning,state_var,tissue_reserves_lipids,NA
Atkinson et al. (2002),feeding and energy budgets of antarctic krill euphausia superba at the onset of winter - ii. juveniles and adults,observation,days,"autumn, winter",1999,Lazarev Sea,fatty acid 22:1 (n-11),Bongo net,% total fatty acids,8,adult,1.0 (0.7-1.2),validation,spawning,state_var,tissue_reserves_lipids,NA
Atkinson et al. (2002),feeding and energy budgets of antarctic krill euphausia superba at the onset of winter - ii. juveniles and adults,observation,days,"autumn, winter",1999,Lazarev Sea,fatty acid 22:1 (n-9),Bongo net,% total fatty acids,8,adult,0.2 (0.1-0.2),validation,spawning,state_var,tissue_reserves_lipids,NA
Atkinson et al. (2002),feeding and energy budgets of antarctic krill euphausia superba at the onset of winter - ii. juveniles and adults,observation,days,"autumn, winter",1999,Lazarev Sea,fatty acid 22:4 (n-3),Bongo net,% total fatty acids,8,adult,0.4 (0.3-0.5),validation,spawning,state_var,tissue_reserves_lipids,NA
Atkinson et al. (2002),feeding and energy budgets of antarctic krill euphausia superba at the onset of winter - ii. juveniles and adults,observation,days,"autumn, winter",1999,Lazarev Sea,fatty acid 22:5 (n-3),Bongo net,% total fatty acids,8,adult,0.5 (0.3-0.7),validation,spawning,state_var,tissue_reserves_lipids,NA
Atkinson et al. (2002),feeding and energy budgets of antarctic krill euphausia superba at the onset of winter - ii. juveniles and adults,observation,days,"autumn, winter",1999,Lazarev Sea,fatty acid 22:6 (n-3),Bongo net,% total fatty acids,8,adult,9.1 (6.3-10.7),validation,spawning,state_var,tissue_reserves_lipids,NA
Atkinson et al. (2002),feeding and energy budgets of antarctic krill euphausia superba at the onset of winter - ii. juveniles and adults,observation,days,"autumn, winter",1999,Lazarev Sea,total lipid,Bongo net,% of dry mass,8,adult,44 (30-60),"parameter, validation",spawning,state_var,tissue_reserves_lipids,NA
Atkinson et al. (2002),feeding and energy budgets of antarctic krill euphausia superba at the onset of winter - ii. juveniles and adults,observation,days,"autumn, winter",1999,Lazarev Sea,total PUFA,Bongo net,% of fatty acids,8,adult,33.1 (27.8-40.2),"parameter, validation",spawning,state_var,tissue_reserves_lipids,NA
Atkinson et al. (2002),feeding and energy budgets of antarctic krill euphausia superba at the onset of winter - ii. juveniles and adults,observation,days,"autumn, winter",1999,Lazarev Sea,total SFA,Bongo net,% of fatty acids,8,adult,33.2 (28.9-36.9),"parameter, validation",spawning,state_var,tissue_reserves_lipids,NA
Atkinson et al. (2002),feeding and energy budgets of antarctic krill euphausia superba at the onset of winter - ii. juveniles and adults,observation,days,"autumn, winter",1999,Lazarev Sea,carbon content,Bongo net,% DW,34,juvenile,51 (41-54),"parameter, validation",spawning,state_var,tissue_reserves_carbs,NA
Atkinson et al. (2002),feeding and energy budgets of antarctic krill euphausia superba at the onset of winter - ii. juveniles and adults,observation,days,"autumn, winter",1999,Lazarev Sea,nitrogen content,Bongo net,% DW,34,juvenile,8.6 (7.0),"parameter, validation",spawning,state_var,tissue_reserves_proteins,NA
Atkinson et al. (2002),feeding and energy budgets of antarctic krill euphausia superba at the onset of winter - ii. juveniles and adults,observation,days,"autumn, winter",1999,Lazarev Sea,C:N ratio,Bongo net,NA,34,juvenile,6.0 (4.3-6.9),"parameter, validation",spawning,state_var,tissue_reserves_carbs,NA
Atkinson et al. (2002),feeding and energy budgets of antarctic krill euphausia superba at the onset of winter - ii. juveniles and adults,observation,days,"autumn, winter",1999,Lazarev Sea,C:N ratio,Bongo net,NA,34,juvenile,6.0 (4.3-6.9),"parameter, validation",spawning,state_var,tissue_reserves_proteins,NA
Atkinson et al. (2002),feeding and energy budgets of antarctic krill euphausia superba at the onset of winter - ii. juveniles and adults,observation,days,"autumn, winter",1999,Lazarev Sea,protein content,Bongo net,% DW,34,juvenile,36 (26-44),"parameter, validation",spawning,state_var,tissue_reserves_proteins,NA
Atkinson et al. (2002),feeding and energy budgets of antarctic krill euphausia superba at the onset of winter - ii. juveniles and adults,observation,days,"autumn, winter",1999,Lazarev Sea,lipid content,Bongo net,% DW,34,juvenile,35 (28-45),"parameter, validation",spawning,state_var,tissue_reserves_lipids,NA
Atkinson et al. (2002),feeding and energy budgets of antarctic krill euphausia superba at the onset of winter - ii. juveniles and adults,observation,days,"autumn, winter",1999,Lazarev Sea,carbon content,Bongo net,% DW,21,adult,54 (46-57),"parameter, validation",spawning,state_var,tissue_reserves_carbs,NA
Atkinson et al. (2002),feeding and energy budgets of antarctic krill euphausia superba at the onset of winter - ii. juveniles and adults,observation,days,"autumn, winter",1999,Lazarev Sea,nitrogen content,Bongo net,% DW,21,adult,7.9 (7.1-8.8),"parameter, validation",spawning,state_var,tissue_reserves_proteins,NA
Atkinson et al. (2002),feeding and energy budgets of antarctic krill euphausia superba at the onset of winter - ii. juveniles and adults,observation,days,"autumn, winter",1999,Lazarev Sea,C:N ratio,Bongo net,NA,21,adult,6.9 (5.4-8.3),"parameter, validation",spawning,state_var,tissue_reserves_carbs,NA
Atkinson et al. (2002),feeding and energy budgets of antarctic krill euphausia superba at the onset of winter - ii. juveniles and adults,observation,days,"autumn, winter",1999,Lazarev Sea,C:N ratio,Bongo net,NA,21,adult,6.9 (5.4-8.3),"parameter, validation",spawning,state_var,tissue_reserves_proteins,NA
Atkinson et al. (2002),feeding and energy budgets of antarctic krill euphausia superba at the onset of winter - ii. juveniles and adults,observation,days,"autumn, winter",1999,Lazarev Sea,protein content,Bongo net,% DW,21,adult,44 (30-58),"parameter, validation",spawning,state_var,tissue_reserves_proteins,NA
Atkinson et al. (2002),feeding and energy budgets of antarctic krill euphausia superba at the onset of winter - ii. juveniles and adults,observation,days,"autumn, winter",1999,Lazarev Sea,lipid content,Bongo net,% DW,21,adult,32 (24-38),"parameter, validation",spawning,state_var,tissue_reserves_lipids,NA
Atkinson et al. (2002),feeding and energy budgets of antarctic krill euphausia superba at the onset of winter - ii. juveniles and adults,observation,days,"autumn, winter",1999,Lazarev Sea,dry mass to length regression,Bongo net,NA,31,"juvenile, adult","log10(DM) = 3.25 * log10(length, mm) - 3.18",parameter,spawning,state_var,tissue_reserves_carbs,NA
Atkinson et al. (2002),feeding and energy budgets of antarctic krill euphausia superba at the onset of winter - ii. juveniles and adults,observation,days,"autumn, winter",1999,Lazarev Sea,dry mass to length regression,Bongo net,NA,31,"juvenile, adult","log10(DM) = 3.25 * log10(length, mm) - 3.18",parameter,spawning,state_var,tissue_reserves_proteins,NA
Atkinson et al. (2002),feeding and energy budgets of antarctic krill euphausia superba at the onset of winter - ii. juveniles and adults,observation,days,"autumn, winter",1999,Lazarev Sea,dry mass to length regression,Bongo net,NA,31,"juvenile, adult","log10(DM) = 3.25 * log10(length, mm) - 3.18",parameter,spawning,state_var,tissue_reserves_lipids,NA
"Hofmann, E. F. and Lascara, C. M. (2000)",modeling the growth dynamics of antarctic krill euphausia superba,model,years,"summer, autumn, winter, spring",NA,Antarctic Peninsula,dryWeightToFiltrationRateFR0,reference,m3 d-1 mgDW-1,8,"larvae, juveniles",0.00085,"parameter, validation",spawning,function,ingestion,temperature
"Hofmann, E. F. and Lascara, C. M. (2000)",modeling the growth dynamics of antarctic krill euphausia superba,model,years,"summer, autumn, winter, spring",NA,Antarctic Peninsula,dryWeightToFiltrationRateExponent,reference,NA,8,"larvae, juveniles",0.825,"parameter, validation",spawning,function,ingestion,temperature
"Groeneveld, J. et al. (2015)",how biological clocks and changing environmental conditions determine local population growth and species distribution in antarctic krill (euphausia superba): a conceptual model,model,years,NA,NA,NA,metabolicSwitchingDayLength,mechanistic model,hours,NA,"larvae, juveniles, adults",12,parameter,spawning,function,maintenance _respiration,photoperiod
"Groeneveld, J. et al. (2015)",how biological clocks and changing environmental conditions determine local population growth and species distribution in antarctic krill (euphausia superba): a conceptual model,model,years,NA,NA,NA,halfSaturationFoodDensity,mechanistic model,NA,NA,"larvae, juveniles, adults",1,parameter,spawning,function,ingestion,chlorophyll
"Groeneveld, J. et al. (2015)",how biological clocks and changing environmental conditions determine local population growth and species distribution in antarctic krill (euphausia superba): a conceptual model,model,years,NA,NA,NA,dailyBertalanffyGrowthRate,mechanistic model,mm d-1,NA,"larvae, juveniles, adults",0.03,parameter,spawning,state_var,tissue_reserves_carbs,NA
"Groeneveld, J. et al. (2015)",how biological clocks and changing environmental conditions determine local population growth and species distribution in antarctic krill (euphausia superba): a conceptual model,model,years,NA,NA,NA,dailyBertalanffyGrowthRate,mechanistic model,mm d-1,NA,"larvae, juveniles, adults",0.03,parameter,spawning,state_var,tissue_reserves_proteins,NA
"Groeneveld, J. et al. (2015)",how biological clocks and changing environmental conditions determine local population growth and species distribution in antarctic krill (euphausia superba): a conceptual model,model,years,NA,NA,NA,dailyBertalanffyGrowthRate,mechanistic model,mm d-1,NA,"larvae, juveniles, adults",0.03,parameter,spawning,state_var,tissue_reserves_lipids,NA
"Hofmann, E. F. and Lascara, C. M. (2000)",modeling the growth dynamics of antarctic krill euphausia superba,model,years,"summer, autumn, winter, spring",NA,Antarctic Peninsula,lengthToWetWeightWW0,reference,mm mgWW-1,615,"larvae, juveniles, adults",0.0072,"parameter, validation",spawning,state_var,tissue_reserves_carbs,NA
"Hofmann, E. F. and Lascara, C. M. (2000)",modeling the growth dynamics of antarctic krill euphausia superba,model,years,"summer, autumn, winter, spring",NA,Antarctic Peninsula,lengthToWetWeightWW0,reference,mm mgWW-1,615,"larvae, juveniles, adults",0.0072,"parameter, validation",spawning,state_var,tissue_reserves_proteins,NA
"Hofmann, E. F. and Lascara, C. M. (2000)",modeling the growth dynamics of antarctic krill euphausia superba,model,years,"summer, autumn, winter, spring",NA,Antarctic Peninsula,lengthToWetWeightWW0,reference,mm mgWW-1,615,"larvae, juveniles, adults",0.0072,"parameter, validation",spawning,state_var,tissue_reserves_lipids,NA
"Hofmann, E. F. and Lascara, C. M. (2000)",modeling the growth dynamics of antarctic krill euphausia superba,model,years,"summer, autumn, winter, spring",NA,Antarctic Peninsula,wetWeightToDryWeightConversionConstant,reference,mgDW mgWW-1,NA,"larvae, juveniles, adults",0.216,"parameter, validation",spawning,state_var,tissue_reserves_carbs,NA
"Hofmann, E. F. and Lascara, C. M. (2000)",modeling the growth dynamics of antarctic krill euphausia superba,model,years,"summer, autumn, winter, spring",NA,Antarctic Peninsula,wetWeightToDryWeightConversionConstant,reference,mgDW mgWW-1,NA,"larvae, juveniles, adults",0.216,"parameter, validation",spawning,state_var,tissue_reserves_proteins,NA
"Hofmann, E. F. and Lascara, C. M. (2000)",modeling the growth dynamics of antarctic krill euphausia superba,model,years,"summer, autumn, winter, spring",NA,Antarctic Peninsula,wetWeightToDryWeightConversionConstant,reference,mgDW mgWW-1,NA,"larvae, juveniles, adults",0.216,"parameter, validation",spawning,state_var,tissue_reserves_lipids,NA
"Hofmann, E. F. and Lascara, C. M. (2000)",modeling the growth dynamics of antarctic krill euphausia superba,model,years,"summer, autumn, winter, spring",NA,Antarctic Peninsula,dryWeightToCarbonWeightDW0,reference,NA,23,"larvae, juveniles, adults",0.366,"parameter, validation",spawning,state_var,tissue_reserves_carbs,NA
"Hofmann, E. F. and Lascara, C. M. (2000)",modeling the growth dynamics of antarctic krill euphausia superba,model,years,"summer, autumn, winter, spring",NA,Antarctic Peninsula,dryWeightToCarbonWeightDW0,reference,NA,23,"larvae, juveniles, adults",0.366,"parameter, validation",spawning,state_var,tissue_reserves_proteins,NA
"Hofmann, E. F. and Lascara, C. M. (2000)",modeling the growth dynamics of antarctic krill euphausia superba,model,years,"summer, autumn, winter, spring",NA,Antarctic Peninsula,dryWeightToCarbonWeightDW0,reference,NA,23,"larvae, juveniles, adults",0.366,"parameter, validation",spawning,state_var,tissue_reserves_lipids,NA
"Hofmann, E. F. and Lascara, C. M. (2000)",modeling the growth dynamics of antarctic krill euphausia superba,model,years,"summer, autumn, winter, spring",NA,Antarctic Peninsula,dryWeightToCarbonWeightExponent,reference,mgC mgDW-1,23,"larvae, juveniles, adults",1.037,"parameter, validation",spawning,state_var,tissue_reserves_carbs,NA
"Hofmann, E. F. and Lascara, C. M. (2000)",modeling the growth dynamics of antarctic krill euphausia superba,model,years,"summer, autumn, winter, spring",NA,Antarctic Peninsula,dryWeightToCarbonWeightExponent,reference,mgC mgDW-1,23,"larvae, juveniles, adults",1.037,"parameter, validation",spawning,state_var,tissue_reserves_proteins,NA
"Hofmann, E. F. and Lascara, C. M. (2000)",modeling the growth dynamics of antarctic krill euphausia superba,model,years,"summer, autumn, winter, spring",NA,Antarctic Peninsula,dryWeightToCarbonWeightExponent,reference,mgC mgDW-1,23,"larvae, juveniles, adults",1.037,"parameter, validation",spawning,state_var,tissue_reserves_lipids,NA
"Hofmann, E. F. and Lascara, C. M. (2000)",modeling the growth dynamics of antarctic krill euphausia superba,model,years,"summer, autumn, winter, spring",NA,Antarctic Peninsula,dryWeightToRespirationRateRR0,reference,muL h-1 mgDW-1,NA,"larvae, juveniles, adults",0.847,"parameter, validation",spawning,function,maintenance _respiration,temperature
"Hofmann, E. F. and Lascara, C. M. (2000)",modeling the growth dynamics of antarctic krill euphausia superba,model,years,"summer, autumn, winter, spring",NA,Antarctic Peninsula,dryWeightToRespirationRateExponent,reference,NA,NA,"larvae, juveniles, adults",0.85,"parameter, validation",spawning,function,maintenance _respiration,temperature
"Hofmann, E. F. and Lascara, C. M. (2000)",modeling the growth dynamics of antarctic krill euphausia superba,model,years,"summer, autumn, winter, spring",NA,Antarctic Peninsula,assimilationEfficiency,reference,mgCW mgC-1,NA,"larvae, juveniles, adults",0.8,parameter,spawning,function,assimilation,chlorophyll
"Hofmann, E. F. and Lascara, C. M. (2000)",modeling the growth dynamics of antarctic krill euphausia superba,model,years,"summer, autumn, winter, spring",NA,Antarctic Peninsula,assimilationEfficiency,reference,mgCW mgC-1,NA,"larvae, juveniles, adults",0.8,parameter,spawning,function,assimilation,POC
"Hofmann, E. F. and Lascara, C. M. (2000)",modeling the growth dynamics of antarctic krill euphausia superba,model,years,"summer, autumn, winter, spring",NA,Antarctic Peninsula,oxygenToCarbonConversion,reference,mgC mlO2-1,NA,"larvae, juveniles, adults",0.5357,parameter,spawning,function,maintenance _respiration,temperature
"Hofmann, E. F. and Lascara, C. M. (2000)",modeling the growth dynamics of antarctic krill euphausia superba,model,years,"summer, autumn, winter, spring",NA,Antarctic Peninsula,feedingActivityFactor,reference,NA,NA,"larvae, juveniles, adults",0-1,parameter,spawning,function,ingestion,photoperiod
"Hofmann, E. F. and Lascara, C. M. (2000)",modeling the growth dynamics of antarctic krill euphausia superba,model,years,"summer, autumn, winter, spring",NA,Antarctic Peninsula,seasonalActivityFactorSummer,reference,NA,NA,"larvae, juveniles, adults",0,parameter,spawning,function,ingestion,photoperiod
"Hofmann, E. F. and Lascara, C. M. (2000)",modeling the growth dynamics of antarctic krill euphausia superba,model,years,"summer, autumn, winter, spring",NA,Antarctic Peninsula,seasonalActivityFactorSummer,reference,NA,NA,"larvae, juveniles, adults",0,parameter,spawning,function,maintenance _respiration,photoperiod
"Hofmann, E. F. and Lascara, C. M. (2000)",modeling the growth dynamics of antarctic krill euphausia superba,model,years,"summer, autumn, winter, spring",NA,Antarctic Peninsula,seasonalActivityFactorWinter,reference,NA,NA,"larvae, juveniles, adults",-0.5,parameter,spawning,function,ingestion,photoperiod
"Hofmann, E. F. and Lascara, C. M. (2000)",modeling the growth dynamics of antarctic krill euphausia superba,model,years,"summer, autumn, winter, spring",NA,Antarctic Peninsula,seasonalActivityFactorWinter,reference,NA,NA,"larvae, juveniles, adults",-0.5,parameter,spawning,function,maintenance _respiration,photoperiod
"Hofmann, E. F. and Lascara, C. M. (2000)",modeling the growth dynamics of antarctic krill euphausia superba,model,years,"summer, autumn, winter, spring",NA,Antarctic Peninsula,seasonalActivityFactorTransition,reference,NA,NA,"larvae, juveniles, adults",-0.5-0,parameter,spawning,function,ingestion,photoperiod
"Hofmann, E. F. and Lascara, C. M. (2000)",modeling the growth dynamics of antarctic krill euphausia superba,model,years,"summer, autumn, winter, spring",NA,Antarctic Peninsula,seasonalActivityFactorTransition,reference,NA,NA,"larvae, juveniles, adults",-0.5-0,parameter,spawning,function,maintenance _respiration,photoperiod
"Hofmann, E. F. and Lascara, C. M. (2000)",modeling the growth dynamics of antarctic krill euphausia superba,model,years,"summer, autumn, winter, spring",NA,Antarctic Peninsula,lengthToWetWeightLExponent,reference,NA,615,"larvae,juveniles, adults",3.021,"parameter, validation",spawning,state_var,tissue_reserves_carbs,NA
"Hofmann, E. F. and Lascara, C. M. (2000)",modeling the growth dynamics of antarctic krill euphausia superba,model,years,"summer, autumn, winter, spring",NA,Antarctic Peninsula,lengthToWetWeightLExponent,reference,NA,615,"larvae,juveniles, adults",3.021,"parameter, validation",spawning,state_var,tissue_reserves_proteins,NA
"Hofmann, E. F. and Lascara, C. M. (2000)",modeling the growth dynamics of antarctic krill euphausia superba,model,years,"summer, autumn, winter, spring",NA,Antarctic Peninsula,lengthToWetWeightLExponent,reference,NA,615,"larvae,juveniles, adults",3.021,"parameter, validation",spawning,state_var,tissue_reserves_lipids,NA
Fach et al (2008),biochemically based modeling study of antarctic krill euphausia superba growth and development,model,years,"spring, summer, autumn, winter",NA,Circumpolar,Assimilation efficiency of protein,literature review,%,NA,NA,100,parameter,spawning,function,assimilation,POC
Fach et al (2008),biochemically based modeling study of antarctic krill euphausia superba growth and development,model,years,"spring, summer, autumn, winter",NA,Circumpolar,Assimilation efficiency of protein,literature review,%,NA,NA,100,parameter,spawning,function,assimilation,fattyacidcompositionfood
Fach et al (2008),biochemically based modeling study of antarctic krill euphausia superba growth and development,model,years,"spring, summer, autumn, winter",NA,Circumpolar,Assimilation efficiency of neutral lipid,literature review,%,NA,NA,100,parameter,spawning,function,assimilation,POC
Fach et al (2008),biochemically based modeling study of antarctic krill euphausia superba growth and development,model,years,"spring, summer, autumn, winter",NA,Circumpolar,Assimilation efficiency of neutral lipid,literature review,%,NA,NA,100,parameter,spawning,function,assimilation,fattyacidcompositionfood
Fach et al (2008),biochemically based modeling study of antarctic krill euphausia superba growth and development,model,years,"spring, summer, autumn, winter",NA,Circumpolar,Assimilation efficiency of polar lipid,literature review,%,NA,NA,100,parameter,spawning,function,assimilation,POC
Fach et al (2008),biochemically based modeling study of antarctic krill euphausia superba growth and development,model,years,"spring, summer, autumn, winter",NA,Circumpolar,Assimilation efficiency of polar lipid,literature review,%,NA,NA,100,parameter,spawning,function,assimilation,fattyacidcompositionfood
Fach et al (2008),biochemically based modeling study of antarctic krill euphausia superba growth and development,model,years,"spring, summer, autumn, winter",NA,Circumpolar,Assimilation efficiency of carbohydrate,literature review,%,NA,NA,20,parameter,spawning,function,assimilation,POC
Fach et al (2008),biochemically based modeling study of antarctic krill euphausia superba growth and development,model,years,"spring, summer, autumn, winter",NA,Circumpolar,Assimilation efficiency of carbohydrate,literature review,%,NA,NA,20,parameter,spawning,function,assimilation,fattyacidcompositionfood
Fach et al (2008),biochemically based modeling study of antarctic krill euphausia superba growth and development,model,years,"spring, summer, autumn, winter",NA,Circumpolar,Protein content (%DW) vs krill dry weight: Protein = 39.3 - 0.02*dry weight,linear regression of values from literature,intercept,233,NA,39.3,"parameter, validation",spawning,state_var,tissue_reserves_proteins,NA
Fach et al (2008),biochemically based modeling study of antarctic krill euphausia superba growth and development,model,years,"spring, summer, autumn, winter",NA,Circumpolar,Protein content (%DW) vs krill dry weight: Protein = 39.3 - 0.02*dry weight,linear regression of values from literature,slope,233,NA,-0.2,"parameter, validation",spawning,state_var,tissue_reserves_proteins,NA
Fach et al (2008),biochemically based modeling study of antarctic krill euphausia superba growth and development,model,years,"spring, summer, autumn, winter",NA,Circumpolar,Carbohydrate content (%DW) vs krill dry weight,exponential regression of values from literature,NA,NA,NA,3.3,"parameter, validation",spawning,state_var,tissue_reserves_carbs,NA
Fach et al (2008),biochemically based modeling study of antarctic krill euphausia superba growth and development,model,years,"spring, summer, autumn, winter",NA,Circumpolar,Ash weight (mg) vs krill dry weight: Ash = 0.94 + 0.12*DW,linear regression of values from literature,intercept,311,NA,0.94,"parameter, validation",spawning,state_var,tissue_reserves_carbs,NA
Fach et al (2008),biochemically based modeling study of antarctic krill euphausia superba growth and development,model,years,"spring, summer, autumn, winter",NA,Circumpolar,Ash weight (mg) vs krill dry weight: Ash = 0.94 + 0.12*DW,linear regression of values from literature,intercept,311,NA,0.94,"parameter, validation",spawning,state_var,tissue_reserves_proteins,NA
Fach et al (2008),biochemically based modeling study of antarctic krill euphausia superba growth and development,model,years,"spring, summer, autumn, winter",NA,Circumpolar,Ash weight (mg) vs krill dry weight: Ash = 0.94 + 0.12*DW,linear regression of values from literature,intercept,311,NA,0.94,"parameter, validation",spawning,state_var,tissue_reserves_lipids,NA
Fach et al (2008),biochemically based modeling study of antarctic krill euphausia superba growth and development,model,years,"spring, summer, autumn, winter",NA,Circumpolar,Ash weight (mg) vs krill dry weight: Ash = 0.94 + 0.12*DW,linear regression of values from literature,slope,311,NA,0.12,"parameter, validation",spawning,state_var,tissue_reserves_carbs,NA
Fach et al (2008),biochemically based modeling study of antarctic krill euphausia superba growth and development,model,years,"spring, summer, autumn, winter",NA,Circumpolar,Ash weight (mg) vs krill dry weight: Ash = 0.94 + 0.12*DW,linear regression of values from literature,slope,311,NA,0.12,"parameter, validation",spawning,state_var,tissue_reserves_proteins,NA
Fach et al (2008),biochemically based modeling study of antarctic krill euphausia superba growth and development,model,years,"spring, summer, autumn, winter",NA,Circumpolar,Ash weight (mg) vs krill dry weight: Ash = 0.94 + 0.12*DW,linear regression of values from literature,slope,311,NA,0.12,"parameter, validation",spawning,state_var,tissue_reserves_lipids,NA
Fach et al (2008),biochemically based modeling study of antarctic krill euphausia superba growth and development,model,years,"spring, summer, autumn, winter",NA,Circumpolar,Ratio tissue carbohydrate:tissue lipid,calculation using literature values,mg mg-1,NA,NA,0.539,"parameter, validation",spawning,state_var,tissue_reserves_carbs,NA
Fach et al (2008),biochemically based modeling study of antarctic krill euphausia superba growth and development,model,years,"spring, summer, autumn, winter",NA,Circumpolar,Ratio tissue carbohydrate:tissue lipid,calculation using literature values,mg mg-1,NA,NA,0.539,"parameter, validation",spawning,state_var,tissue_reserves_lipids,NA
Fach et al (2008),biochemically based modeling study of antarctic krill euphausia superba growth and development,model,years,"spring, summer, autumn, winter",NA,Circumpolar,Ratio tissue protein:tissue lipid,calculation using literature values,mg mg-1,NA,NA,0.46,"parameter, validation",spawning,state_var,tissue_reserves_proteins,NA
Fach et al (2008),biochemically based modeling study of antarctic krill euphausia superba growth and development,model,years,"spring, summer, autumn, winter",NA,Circumpolar,Ratio tissue protein:tissue lipid,calculation using literature values,mg mg-1,NA,NA,0.46,"parameter, validation",spawning,state_var,tissue_reserves_lipids,NA
"schmidt, k; atkinson, a; venables, hj; pond, dw (2012)","early spawning of antarctic krill in the scotia sea is fuelled by ""superfluous"" feeding on non-ice associated phytoplankton blooms",observation,weeks,spring,2006,Scotia Sea,lipid content Station 1,NA,% DM,NA,adult,7.1,not assigned,spawning,state_var,tissue_reserves_lipids,NA
"schmidt, k; atkinson, a; venables, hj; pond, dw (2012)","early spawning of antarctic krill in the scotia sea is fuelled by ""superfluous"" feeding on non-ice associated phytoplankton blooms",observation,weeks,spring,2006,Scotia Sea,lipid content Station 2,NA,% DM,NA,adult,6.4,not assigned,spawning,state_var,tissue_reserves_lipids,NA
"schmidt, k; atkinson, a; venables, hj; pond, dw (2012)","early spawning of antarctic krill in the scotia sea is fuelled by ""superfluous"" feeding on non-ice associated phytoplankton blooms",observation,weeks,spring,2006,Scotia Sea,lipid content Station 3,NA,% DM,NA,adult,6.3,not assigned,spawning,state_var,tissue_reserves_lipids,NA
"schmidt, k; atkinson, a; venables, hj; pond, dw (2012)","early spawning of antarctic krill in the scotia sea is fuelled by ""superfluous"" feeding on non-ice associated phytoplankton blooms",observation,weeks,spring,2006,Scotia Sea,lipid content Station 4,NA,% DM,NA,adult,5.3,not assigned,spawning,state_var,tissue_reserves_lipids,NA
"schmidt, k; atkinson, a; venables, hj; pond, dw (2012)","early spawning of antarctic krill in the scotia sea is fuelled by ""superfluous"" feeding on non-ice associated phytoplankton blooms",observation,weeks,spring,2006,Scotia Sea,lipid content Station 5,NA,% DM,NA,adult,9.9,not assigned,spawning,state_var,tissue_reserves_lipids,NA
"schmidt, k; atkinson, a; venables, hj; pond, dw (2012)","early spawning of antarctic krill in the scotia sea is fuelled by ""superfluous"" feeding on non-ice associated phytoplankton blooms",observation,weeks,spring,2006,Scotia Sea,lipid content Station 6,NA,% DM,NA,adult,6.2,not assigned,spawning,state_var,tissue_reserves_lipids,NA
"schmidt, k; atkinson, a; venables, hj; pond, dw (2012)","early spawning of antarctic krill in the scotia sea is fuelled by ""superfluous"" feeding on non-ice associated phytoplankton blooms",observation,weeks,spring,2006,Scotia Sea,lipid content Station 7,NA,% DM,NA,adult,6.7,not assigned,spawning,state_var,tissue_reserves_lipids,NA
"schmidt, k; atkinson, a; venables, hj; pond, dw (2012)","early spawning of antarctic krill in the scotia sea is fuelled by ""superfluous"" feeding on non-ice associated phytoplankton blooms",observation,weeks,spring,2006,Scotia Sea,Female maturity stages Station 1,NA,NA,NA,adult,"FA1, FS",not assigned,spawning,state_var,gonads_development,NA
"schmidt, k; atkinson, a; venables, hj; pond, dw (2012)","early spawning of antarctic krill in the scotia sea is fuelled by ""superfluous"" feeding on non-ice associated phytoplankton blooms",observation,weeks,spring,2006,Scotia Sea,Female maturity stages Station 2,NA,NA,NA,adult,"FA1, FS",not assigned,spawning,state_var,gonads_development,NA
"schmidt, k; atkinson, a; venables, hj; pond, dw (2012)","early spawning of antarctic krill in the scotia sea is fuelled by ""superfluous"" feeding on non-ice associated phytoplankton blooms",observation,weeks,spring,2006,Scotia Sea,Female maturity stages Station 3,NA,NA,NA,adult,"FA1, FS",not assigned,spawning,state_var,gonads_development,NA
"schmidt, k; atkinson, a; venables, hj; pond, dw (2012)","early spawning of antarctic krill in the scotia sea is fuelled by ""superfluous"" feeding on non-ice associated phytoplankton blooms",observation,weeks,spring,2006,Scotia Sea,Female maturity stages Station 4,NA,NA,NA,adult,"FA1, FS",not assigned,spawning,state_var,gonads_development,NA
"schmidt, k; atkinson, a; venables, hj; pond, dw (2012)","early spawning of antarctic krill in the scotia sea is fuelled by ""superfluous"" feeding on non-ice associated phytoplankton blooms",observation,weeks,spring,2006,Scotia Sea,Female maturity stages Station 5,NA,NA,NA,adult,"FA2,FA4",not assigned,spawning,state_var,gonads_development,NA
"schmidt, k; atkinson, a; venables, hj; pond, dw (2012)","early spawning of antarctic krill in the scotia sea is fuelled by ""superfluous"" feeding on non-ice associated phytoplankton blooms",observation,weeks,spring,2006,Scotia Sea,Female maturity stages Station 6,NA,NA,NA,adult,FS,not assigned,spawning,state_var,gonads_development,NA
"schmidt, k; atkinson, a; venables, hj; pond, dw (2012)","early spawning of antarctic krill in the scotia sea is fuelled by ""superfluous"" feeding on non-ice associated phytoplankton blooms",observation,weeks,spring,2006,Scotia Sea,Female maturity stages Station 7,NA,NA,NA,adult,FS,not assigned,spawning,state_var,gonads_development,NA
"schmidt, k; atkinson, a; venables, hj; pond, dw (2012)","early spawning of antarctic krill in the scotia sea is fuelled by ""superfluous"" feeding on non-ice associated phytoplankton blooms",observation,weeks,spring,2006,Scotia Sea,Defecation Rate Station 1,NA,mm3 h-1 g-1 DM,NA,adult,1.3,not assigned,spawning,function,maintenance _excretion,photoperiod
"schmidt, k; atkinson, a; venables, hj; pond, dw (2012)","early spawning of antarctic krill in the scotia sea is fuelled by ""superfluous"" feeding on non-ice associated phytoplankton blooms",observation,weeks,spring,2006,Scotia Sea,Defecation Rate Station 2,NA,mm3 h-1 g-1 DM,NA,adult,0.5,not assigned,spawning,function,maintenance _excretion,photoperiod
"schmidt, k; atkinson, a; venables, hj; pond, dw (2012)","early spawning of antarctic krill in the scotia sea is fuelled by ""superfluous"" feeding on non-ice associated phytoplankton blooms",observation,weeks,spring,2006,Scotia Sea,Defecation Rate Station 3,NA,mm3 h-1 g-1 DM,NA,adult,2,not assigned,spawning,function,maintenance _excretion,photoperiod
"schmidt, k; atkinson, a; venables, hj; pond, dw (2012)","early spawning of antarctic krill in the scotia sea is fuelled by ""superfluous"" feeding on non-ice associated phytoplankton blooms",observation,weeks,spring,2006,Scotia Sea,Defecation Rate Station 4,NA,mm3 h-1 g-1 DM,NA,adult,1.1,not assigned,spawning,function,maintenance _excretion,photoperiod
"schmidt, k; atkinson, a; venables, hj; pond, dw (2012)","early spawning of antarctic krill in the scotia sea is fuelled by ""superfluous"" feeding on non-ice associated phytoplankton blooms",observation,weeks,spring,2006,Scotia Sea,Defecation Rate Station 5,NA,mm3 h-1 g-1 DM,NA,adult,8.9,not assigned,spawning,function,maintenance _excretion,photoperiod
"schmidt, k; atkinson, a; venables, hj; pond, dw (2012)","early spawning of antarctic krill in the scotia sea is fuelled by ""superfluous"" feeding on non-ice associated phytoplankton blooms",observation,weeks,spring,2006,Scotia Sea,Defecation Rate Station 6,NA,mm3 h-1 g-1 DM,NA,adult,2,not assigned,spawning,function,maintenance _excretion,photoperiod
"schmidt, k; atkinson, a; venables, hj; pond, dw (2012)","early spawning of antarctic krill in the scotia sea is fuelled by ""superfluous"" feeding on non-ice associated phytoplankton blooms",observation,weeks,spring,2006,Scotia Sea,Defecation Rate Station 7,NA,mm3 h-1 g-1 DM,NA,adult,2.1,not assigned,spawning,function,maintenance _excretion,photoperiod
"cho k.w., shin j., jung k. (1999)",lipid and fatty acid composition of the antarctic krill euphausia superba,observation,weeks,summer,1999,South Shetland Islands,mean lipid concentration,NA,mg g-1 DM,2kg wet mass,adult,72,"parameter, validation",spawning,state_var,tissue_reserves_lipids,NA
"cho k.w., shin j., jung k. (1999)",lipid and fatty acid composition of the antarctic krill euphausia superba,observation,weeks,summer,1999,South Shetland Islands,percentage phospholipids from total lipids,NA,%,2kg wet mass,adult,71,validation,spawning,state_var,tissue_reserves_lipids,NA
"cho k.w., shin j., jung k. (1999)",lipid and fatty acid composition of the antarctic krill euphausia superba,observation,weeks,summer,1999,South Shetland Islands,percentage neutral lipids from total lipids,NA,%,2kg wet mass,adult,29,validation,spawning,state_var,tissue_reserves_lipids,NA
"cho k.w., shin j., jung k. (1999)",lipid and fatty acid composition of the antarctic krill euphausia superba,observation,weeks,summer,1999,South Shetland Islands,fatty acid 14:0 total krill powder,NA,%,2kg wet mass,adult,5.44,validation,spawning,state_var,tissue_reserves_lipids,NA
"cho k.w., shin j., jung k. (1999)",lipid and fatty acid composition of the antarctic krill euphausia superba,observation,weeks,summer,1999,South Shetland Islands,fatty acid 16:0 total krill powder,NA,%,2kg wet mass,adult,19.95,validation,spawning,state_var,tissue_reserves_lipids,NA
"cho k.w., shin j., jung k. (1999)",lipid and fatty acid composition of the antarctic krill euphausia superba,observation,weeks,summer,1999,South Shetland Islands,fatty acid 16:1 total krill powder,NA,%,2kg wet mass,adult,4.51,validation,spawning,state_var,tissue_reserves_lipids,NA
"cho k.w., shin j., jung k. (1999)",lipid and fatty acid composition of the antarctic krill euphausia superba,observation,weeks,summer,1999,South Shetland Islands,fatty acid 18:0 total krill powder,NA,%,2kg wet mass,adult,12.37,validation,spawning,state_var,tissue_reserves_lipids,NA
"cho k.w., shin j., jung k. (1999)",lipid and fatty acid composition of the antarctic krill euphausia superba,observation,weeks,summer,1999,South Shetland Islands,fatty acid 18:1 (n-9) total krill powder,NA,%,2kg wet mass,adult,4.07,validation,spawning,state_var,tissue_reserves_lipids,NA
"cho k.w., shin j., jung k. (1999)",lipid and fatty acid composition of the antarctic krill euphausia superba,observation,weeks,summer,1999,South Shetland Islands,fatty acid 18:1 (n-7) total krill powder,NA,%,2kg wet mass,adult,5.25,validation,spawning,state_var,tissue_reserves_lipids,NA
"cho k.w., shin j., jung k. (1999)",lipid and fatty acid composition of the antarctic krill euphausia superba,observation,weeks,summer,1999,South Shetland Islands,fatty acid 18:2 (n-6) total krill powder,NA,%,2kg wet mass,adult,1.69,validation,spawning,state_var,tissue_reserves_lipids,NA
"cho k.w., shin j., jung k. (1999)",lipid and fatty acid composition of the antarctic krill euphausia superba,observation,weeks,summer,1999,South Shetland Islands,fatty acid 18:3 (n-3) total krill powder,NA,%,2kg wet mass,adult,0.71,validation,spawning,state_var,tissue_reserves_lipids,NA
"cho k.w., shin j., jung k. (1999)",lipid and fatty acid composition of the antarctic krill euphausia superba,observation,weeks,summer,1999,South Shetland Islands,fatty acid 18:4 (n-3) total krill powder,NA,%,2kg wet mass,adult,1.1,validation,spawning,state_var,tissue_reserves_lipids,NA
"cho k.w., shin j., jung k. (1999)",lipid and fatty acid composition of the antarctic krill euphausia superba,observation,weeks,summer,1999,South Shetland Islands,fatty acid 20:5 (n-3) total krill powder,NA,%,2kg wet mass,adult,16.14,validation,spawning,state_var,tissue_reserves_lipids,NA
"cho k.w., shin j., jung k. (1999)",lipid and fatty acid composition of the antarctic krill euphausia superba,observation,weeks,summer,1999,South Shetland Islands,fatty acid 22:6 (n-3) total krill powder,NA,%,2kg wet mass,adult,14.09,validation,spawning,state_var,tissue_reserves_lipids,NA
"cho k.w., shin j., jung k. (1999)",lipid and fatty acid composition of the antarctic krill euphausia superba,observation,weeks,summer,1999,South Shetland Islands,saturated fatty acid total krill powder,NA,%,2kg wet mass,adult,37.76,validation,spawning,state_var,tissue_reserves_lipids,NA
"cho k.w., shin j., jung k. (1999)",lipid and fatty acid composition of the antarctic krill euphausia superba,observation,weeks,summer,1999,South Shetland Islands,polyunsaturated fatty acid total krill powder,NA,%,2kg wet mass,adult,33.73,validation,spawning,state_var,tissue_reserves_lipids,NA
"cho k.w., shin j., jung k. (1999)",lipid and fatty acid composition of the antarctic krill euphausia superba,observation,weeks,summer,1999,South Shetland Islands,fatty acid 14:0 neutral lipid,NA,%,2kg wet mass,adult,6.85,validation,spawning,state_var,tissue_reserves_lipids,NA
"cho k.w., shin j., jung k. (1999)",lipid and fatty acid composition of the antarctic krill euphausia superba,observation,weeks,summer,1999,South Shetland Islands,fatty acid 16:0 neutral lipid,NA,%,2kg wet mass,adult,16.59,validation,spawning,state_var,tissue_reserves_lipids,NA
"cho k.w., shin j., jung k. (1999)",lipid and fatty acid composition of the antarctic krill euphausia superba,observation,weeks,summer,1999,South Shetland Islands,fatty acid 16:1 neutral lipid,NA,%,2kg wet mass,adult,3.35,validation,spawning,state_var,tissue_reserves_lipids,NA
"cho k.w., shin j., jung k. (1999)",lipid and fatty acid composition of the antarctic krill euphausia superba,observation,weeks,summer,1999,South Shetland Islands,fatty acid 18:0 neutral lipid,NA,%,2kg wet mass,adult,1.34,validation,spawning,state_var,tissue_reserves_lipids,NA
"cho k.w., shin j., jung k. (1999)",lipid and fatty acid composition of the antarctic krill euphausia superba,observation,weeks,summer,1999,South Shetland Islands,fatty acid 18:1 (n-9) neutral lipid,NA,%,2kg wet mass,adult,8.28,validation,spawning,state_var,tissue_reserves_lipids,NA
"cho k.w., shin j., jung k. (1999)",lipid and fatty acid composition of the antarctic krill euphausia superba,observation,weeks,summer,1999,South Shetland Islands,fatty acid 18:1 (n-7) neutral lipid,NA,%,2kg wet mass,adult,5.83,validation,spawning,state_var,tissue_reserves_lipids,NA
"cho k.w., shin j., jung k. (1999)",lipid and fatty acid composition of the antarctic krill euphausia superba,observation,weeks,summer,1999,South Shetland Islands,fatty acid 18:2 (n-6) neutral lipid,NA,%,2kg wet mass,adult,2.06,validation,spawning,state_var,tissue_reserves_lipids,NA
"cho k.w., shin j., jung k. (1999)",lipid and fatty acid composition of the antarctic krill euphausia superba,observation,weeks,summer,1999,South Shetland Islands,fatty acid 18:3 (n-3) neutral lipid,NA,%,2kg wet mass,adult,3.48,validation,spawning,state_var,tissue_reserves_lipids,NA
"cho k.w., shin j., jung k. (1999)",lipid and fatty acid composition of the antarctic krill euphausia superba,observation,weeks,summer,1999,South Shetland Islands,fatty acid 18:4 (n-3) neutral lipid,NA,%,2kg wet mass,adult,7.01,validation,spawning,state_var,tissue_reserves_lipids,NA
"cho k.w., shin j., jung k. (1999)",lipid and fatty acid composition of the antarctic krill euphausia superba,observation,weeks,summer,1999,South Shetland Islands,fatty acid 20:5 (n-3) neutral lipid,NA,%,2kg wet mass,adult,22.14,validation,spawning,state_var,tissue_reserves_lipids,NA
"cho k.w., shin j., jung k. (1999)",lipid and fatty acid composition of the antarctic krill euphausia superba,observation,weeks,summer,1999,South Shetland Islands,fatty acid 22:6 (n-3) neutral lipid,NA,%,2kg wet mass,adult,14.86,validation,spawning,state_var,tissue_reserves_lipids,NA
"cho k.w., shin j., jung k. (1999)",lipid and fatty acid composition of the antarctic krill euphausia superba,observation,weeks,summer,1999,South Shetland Islands,saturated fatty acid neutral lipid,NA,%,2kg wet mass,adult,24.78,validation,spawning,state_var,tissue_reserves_lipids,NA
"cho k.w., shin j., jung k. (1999)",lipid and fatty acid composition of the antarctic krill euphausia superba,observation,weeks,summer,1999,South Shetland Islands,polyunsaturated fatty acid neutral lipid,NA,%,2kg wet mass,adult,47.49,validation,spawning,state_var,tissue_reserves_lipids,NA
"cho k.w., shin j., jung k. (1999)",lipid and fatty acid composition of the antarctic krill euphausia superba,observation,weeks,summer,1999,South Shetland Islands,fatty acid 14:0 phospholipid,NA,%,2kg wet mass,adult,5.32,validation,spawning,state_var,tissue_reserves_lipids,NA
"cho k.w., shin j., jung k. (1999)",lipid and fatty acid composition of the antarctic krill euphausia superba,observation,weeks,summer,1999,South Shetland Islands,fatty acid 16:0 phospholipid,NA,%,2kg wet mass,adult,22.12,validation,spawning,state_var,tissue_reserves_lipids,NA
"cho k.w., shin j., jung k. (1999)",lipid and fatty acid composition of the antarctic krill euphausia superba,observation,weeks,summer,1999,South Shetland Islands,fatty acid 16:1 phospholipid,NA,%,2kg wet mass,adult,3.12,validation,spawning,state_var,tissue_reserves_lipids,NA
"cho k.w., shin j., jung k. (1999)",lipid and fatty acid composition of the antarctic krill euphausia superba,observation,weeks,summer,1999,South Shetland Islands,fatty acid 18:0 phospholipid,NA,%,2kg wet mass,adult,1.03,validation,spawning,state_var,tissue_reserves_lipids,NA
"cho k.w., shin j., jung k. (1999)",lipid and fatty acid composition of the antarctic krill euphausia superba,observation,weeks,summer,1999,South Shetland Islands,fatty acid 18:1 (n-9) phospholipid,NA,%,2kg wet mass,adult,5.44,validation,spawning,state_var,tissue_reserves_lipids,NA
"cho k.w., shin j., jung k. (1999)",lipid and fatty acid composition of the antarctic krill euphausia superba,observation,weeks,summer,1999,South Shetland Islands,fatty acid 18:1 (n-7) phospholipid,NA,%,2kg wet mass,adult,5.54,validation,spawning,state_var,tissue_reserves_lipids,NA
"cho k.w., shin j., jung k. (1999)",lipid and fatty acid composition of the antarctic krill euphausia superba,observation,weeks,summer,1999,South Shetland Islands,fatty acid 18:2 (n-6) phospholipid,NA,%,2kg wet mass,adult,1.99,validation,spawning,state_var,tissue_reserves_lipids,NA
"cho k.w., shin j., jung k. (1999)",lipid and fatty acid composition of the antarctic krill euphausia superba,observation,weeks,summer,1999,South Shetland Islands,fatty acid 18:3 (n-3) phospholipid,NA,%,2kg wet mass,adult,2.89,validation,spawning,state_var,tissue_reserves_lipids,NA
"cho k.w., shin j., jung k. (1999)",lipid and fatty acid composition of the antarctic krill euphausia superba,observation,weeks,summer,1999,South Shetland Islands,fatty acid 18:4 (n-3) phospholipid,NA,%,2kg wet mass,adult,5.19,validation,spawning,state_var,tissue_reserves_lipids,NA
"cho k.w., shin j., jung k. (1999)",lipid and fatty acid composition of the antarctic krill euphausia superba,observation,weeks,summer,1999,South Shetland Islands,fatty acid 20:5 (n-3) phospholipid,NA,%,2kg wet mass,adult,20.59,validation,spawning,state_var,tissue_reserves_lipids,NA
"cho k.w., shin j., jung k. (1999)",lipid and fatty acid composition of the antarctic krill euphausia superba,observation,weeks,summer,1999,South Shetland Islands,fatty acid 22:6 (n-3) phospholipid,NA,%,2kg wet mass,adult,16.86,validation,spawning,state_var,tissue_reserves_lipids,NA
"cho k.w., shin j., jung k. (1999)",lipid and fatty acid composition of the antarctic krill euphausia superba,observation,weeks,summer,1999,South Shetland Islands,saturated fatty acid phospholipid,NA,%,2kg wet mass,adult,28.47,validation,spawning,state_var,tissue_reserves_lipids,NA
"cho k.w., shin j., jung k. (1999)",lipid and fatty acid composition of the antarctic krill euphausia superba,observation,weeks,summer,1999,South Shetland Islands,polyunsaturated fatty acid phospholipid,NA,%,2kg wet mass,adult,45.53,validation,spawning,state_var,tissue_reserves_lipids,NA
"virtue p., nicol s., nichols p.d. (1993)","changes in the digestive gland of euphausia superba during short-term starvation: lipid class, fatty acid and sterol content and composition",observation,weeks,summer,1993,Prydz Bay,fatty acid 14:0 regression coefficient during 19 days of starvation in digestive gland,RMT8,NA,21,adult,0.25,"parameter, validation",spawning,state_var,tissue_reserves_lipids,NA
"virtue p., nicol s., nichols p.d. (1993)","changes in the digestive gland of euphausia superba during short-term starvation: lipid class, fatty acid and sterol content and composition",observation,weeks,summer,1993,Prydz Bay,fatty acid 16:1w7c regression coefficient during 19 days of starvation in digestive gland,RMT8,NA,21,adult,0.508,"parameter, validation",spawning,state_var,tissue_reserves_lipids,NA
"virtue p., nicol s., nichols p.d. (1993)","changes in the digestive gland of euphausia superba during short-term starvation: lipid class, fatty acid and sterol content and composition",observation,weeks,summer,1993,Prydz Bay,fatty acid 16:0 regression coefficient during 19 days of starvation in digestive gland,RMT8,NA,21,adult,0.181,"parameter, validation",spawning,state_var,tissue_reserves_lipids,NA
"virtue p., nicol s., nichols p.d. (1993)","changes in the digestive gland of euphausia superba during short-term starvation: lipid class, fatty acid and sterol content and composition",observation,weeks,summer,1993,Prydz Bay,fatty acid 18:4w3 regression coefficient during 19 days of starvation in digestive gland,RMT8,NA,21,adult,0.004,"parameter, validation",spawning,state_var,tissue_reserves_lipids,NA
"virtue p., nicol s., nichols p.d. (1993)","changes in the digestive gland of euphausia superba during short-term starvation: lipid class, fatty acid and sterol content and composition",observation,weeks,summer,1993,Prydz Bay,fatty acid 18:2w6 regression coefficient during 19 days of starvation in digestive gland,RMT8,NA,21,adult,0.045,"parameter, validation",spawning,state_var,tissue_reserves_lipids,NA
"virtue p., nicol s., nichols p.d. (1993)","changes in the digestive gland of euphausia superba during short-term starvation: lipid class, fatty acid and sterol content and composition",observation,weeks,summer,1993,Prydz Bay,fatty acid 18:3w3 regression coefficient during 19 days of starvation in digestive gland,RMT8,NA,21,adult,0.006,"parameter, validation",spawning,state_var,tissue_reserves_lipids,NA
"virtue p., nicol s., nichols p.d. (1993)","changes in the digestive gland of euphausia superba during short-term starvation: lipid class, fatty acid and sterol content and composition",observation,weeks,summer,1993,Prydz Bay,fatty acid 18:1w9c regression coefficient during 19 days of starvation in digestive gland,RMT8,NA,21,adult,0.673,"parameter, validation",spawning,state_var,tissue_reserves_lipids,NA
"virtue p., nicol s., nichols p.d. (1993)","changes in the digestive gland of euphausia superba during short-term starvation: lipid class, fatty acid and sterol content and composition",observation,weeks,summer,1993,Prydz Bay,fatty acid 18:1w7c regression coefficient during 19 days of starvation in digestive gland,RMT8,NA,21,adult,-0.049,"parameter, validation",spawning,state_var,tissue_reserves_lipids,NA
"virtue p., nicol s., nichols p.d. (1993)","changes in the digestive gland of euphausia superba during short-term starvation: lipid class, fatty acid and sterol content and composition",observation,weeks,summer,1993,Prydz Bay,fatty acid 18:0 regression coefficient during 19 days of starvation in digestive gland,RMT8,NA,21,adult,0.031,"parameter, validation",spawning,state_var,tissue_reserves_lipids,NA
"virtue p., nicol s., nichols p.d. (1993)","changes in the digestive gland of euphausia superba during short-term starvation: lipid class, fatty acid and sterol content and composition",observation,weeks,summer,1993,Prydz Bay,fatty acid 20:5w3 regression coefficient during 19 days of starvation in digestive gland,RMT8,NA,21,adult,-0.813,"parameter, validation",spawning,state_var,tissue_reserves_lipids,NA
"virtue p., nicol s., nichols p.d. (1993)","changes in the digestive gland of euphausia superba during short-term starvation: lipid class, fatty acid and sterol content and composition",observation,weeks,summer,1993,Prydz Bay,fatty acid 20:4w3 regression coefficient during 19 days of starvation in digestive gland,RMT8,NA,21,adult,-0.036,"parameter, validation",spawning,state_var,tissue_reserves_lipids,NA
"virtue p., nicol s., nichols p.d. (1993)","changes in the digestive gland of euphausia superba during short-term starvation: lipid class, fatty acid and sterol content and composition",observation,weeks,summer,1993,Prydz Bay,fatty acid 20:1 regression coefficient during 19 days of starvation in digestive gland,RMT8,NA,21,adult,-0.03,"parameter, validation",spawning,state_var,tissue_reserves_lipids,NA
"virtue p., nicol s., nichols p.d. (1993)","changes in the digestive gland of euphausia superba during short-term starvation: lipid class, fatty acid and sterol content and composition",observation,weeks,summer,1993,Prydz Bay,fatty acid 22:5w3 regression coefficient during 19 days of starvation in digestive gland,RMT8,NA,21,adult,-0.065,"parameter, validation",spawning,state_var,tissue_reserves_lipids,NA
"virtue p., nicol s., nichols p.d. (1993)","changes in the digestive gland of euphausia superba during short-term starvation: lipid class, fatty acid and sterol content and composition",observation,weeks,summer,1993,Prydz Bay,fatty acid 22:6w3 regression coefficient during 19 days of starvation in digestive gland,RMT8,NA,21,adult,-0.567,"parameter, validation",spawning,state_var,tissue_reserves_lipids,NA
"virtue p., nicol s., nichols p.d. (1993)","changes in the digestive gland of euphausia superba during short-term starvation: lipid class, fatty acid and sterol content and composition",observation,weeks,summer,1993,Prydz Bay,fatty acid 14:0 regression intercept during 19 days of starvation in digestive gland,RMT8,percentage fatty acid of lipid in digestive gland,21,adult,6.914,"parameter, validation",spawning,state_var,tissue_reserves_lipids,NA
"virtue p., nicol s., nichols p.d. (1993)","changes in the digestive gland of euphausia superba during short-term starvation: lipid class, fatty acid and sterol content and composition",observation,weeks,summer,1993,Prydz Bay,fatty acid 16:1w7c regression intercept during 19 days of starvation in digestive gland,RMT8,percentage fatty acid of lipid in digestive gland,21,adult,5.031,"parameter, validation",spawning,state_var,tissue_reserves_lipids,NA
"virtue p., nicol s., nichols p.d. (1993)","changes in the digestive gland of euphausia superba during short-term starvation: lipid class, fatty acid and sterol content and composition",observation,weeks,summer,1993,Prydz Bay,fatty acid 16:0 regression intercept during 19 days of starvation in digestive gland,RMT8,percentage fatty acid of lipid in digestive gland,21,adult,16.247,"parameter, validation",spawning,state_var,tissue_reserves_lipids,NA
"virtue p., nicol s., nichols p.d. (1993)","changes in the digestive gland of euphausia superba during short-term starvation: lipid class, fatty acid and sterol content and composition",observation,weeks,summer,1993,Prydz Bay,fatty acid 18:4w3 regression intercept during 19 days of starvation in digestive gland,RMT8,percentage fatty acid of lipid in digestive gland,21,adult,1.362,"parameter, validation",spawning,state_var,tissue_reserves_lipids,NA
"virtue p., nicol s., nichols p.d. (1993)","changes in the digestive gland of euphausia superba during short-term starvation: lipid class, fatty acid and sterol content and composition",observation,weeks,summer,1993,Prydz Bay,fatty acid 18:2w6 regression intercept during 19 days of starvation in digestive gland,RMT8,percentage fatty acid of lipid in digestive gland,21,adult,2.597,"parameter, validation",spawning,state_var,tissue_reserves_lipids,NA
"virtue p., nicol s., nichols p.d. (1993)","changes in the digestive gland of euphausia superba during short-term starvation: lipid class, fatty acid and sterol content and composition",observation,weeks,summer,1993,Prydz Bay,fatty acid 18:3w3 regression intercept during 19 days of starvation in digestive gland,RMT8,percentage fatty acid of lipid in digestive gland,21,adult,0.634,"parameter, validation",spawning,state_var,tissue_reserves_lipids,NA
"virtue p., nicol s., nichols p.d. (1993)","changes in the digestive gland of euphausia superba during short-term starvation: lipid class, fatty acid and sterol content and composition",observation,weeks,summer,1993,Prydz Bay,fatty acid 18:1w9c regression intercept during 19 days of starvation in digestive gland,RMT8,percentage fatty acid of lipid in digestive gland,21,adult,3.802,"parameter, validation",spawning,state_var,tissue_reserves_lipids,NA
"virtue p., nicol s., nichols p.d. (1993)","changes in the digestive gland of euphausia superba during short-term starvation: lipid class, fatty acid and sterol content and composition",observation,weeks,summer,1993,Prydz Bay,fatty acid 18:1w7c regression intercept during 19 days of starvation in digestive gland,RMT8,percentage fatty acid of lipid in digestive gland,21,adult,9.071,"parameter, validation",spawning,state_var,tissue_reserves_lipids,NA
"virtue p., nicol s., nichols p.d. (1993)","changes in the digestive gland of euphausia superba during short-term starvation: lipid class, fatty acid and sterol content and composition",observation,weeks,summer,1993,Prydz Bay,fatty acid 18:0 regression intercept during 19 days of starvation in digestive gland,RMT8,percentage fatty acid of lipid in digestive gland,21,adult,0.737,"parameter, validation",spawning,state_var,tissue_reserves_lipids,NA
"virtue p., nicol s., nichols p.d. (1993)","changes in the digestive gland of euphausia superba during short-term starvation: lipid class, fatty acid and sterol content and composition",observation,weeks,summer,1993,Prydz Bay,fatty acid 20:5w3 regression intercept during 19 days of starvation in digestive gland,RMT8,percentage fatty acid of lipid in digestive gland,21,adult,32.382,"parameter, validation",spawning,state_var,tissue_reserves_lipids,NA
"virtue p., nicol s., nichols p.d. (1993)","changes in the digestive gland of euphausia superba during short-term starvation: lipid class, fatty acid and sterol content and composition",observation,weeks,summer,1993,Prydz Bay,fatty acid 20:4w3 regression intercept during 19 days of starvation in digestive gland,RMT8,percentage fatty acid of lipid in digestive gland,21,adult,1.127,"parameter, validation",spawning,state_var,tissue_reserves_lipids,NA
"virtue p., nicol s., nichols p.d. (1993)","changes in the digestive gland of euphausia superba during short-term starvation: lipid class, fatty acid and sterol content and composition",observation,weeks,summer,1993,Prydz Bay,fatty acid 20:1 regression intercept during 19 days of starvation in digestive gland,RMT8,percentage fatty acid of lipid in digestive gland,21,adult,0.727,"parameter, validation",spawning,state_var,tissue_reserves_lipids,NA
"virtue p., nicol s., nichols p.d. (1993)","changes in the digestive gland of euphausia superba during short-term starvation: lipid class, fatty acid and sterol content and composition",observation,weeks,summer,1993,Prydz Bay,fatty acid 22:5w3 regression intercept during 19 days of starvation in digestive gland,RMT8,percentage fatty acid of lipid in digestive gland,21,adult,0.892,"parameter, validation",spawning,state_var,tissue_reserves_lipids,NA
"virtue p., nicol s., nichols p.d. (1993)","changes in the digestive gland of euphausia superba during short-term starvation: lipid class, fatty acid and sterol content and composition",observation,weeks,summer,1993,Prydz Bay,fatty acid 22:6w3 regression intercept during 19 days of starvation in digestive gland,RMT8,percentage fatty acid of lipid in digestive gland,21,adult,13.934,"parameter, validation",spawning,state_var,tissue_reserves_lipids,NA
"saether o., ellingsen t.e., mohr v. (1985)","the distribution of lipid in the tissues of antarctic krill, euphausia superba",observation,days,summer,1976,Bouvet Island,total lipid content female catch 1,IKTM,g 100g WW-1,9 to 11,adult,2.7,validation,spawning,state_var,tissue_reserves_lipids,NA
"saether o., ellingsen t.e., mohr v. (1985)","the distribution of lipid in the tissues of antarctic krill, euphausia superba",observation,days,summer,1976,Bouvet Island,total lipid content male catch 1,IKTM,g 100g WW-1,9 to 11,adult,1.3,validation,spawning,state_var,tissue_reserves_lipids,NA
"saether o., ellingsen t.e., mohr v. (1985)","the distribution of lipid in the tissues of antarctic krill, euphausia superba",observation,days,summer,1976,Bouvet Island,total lipid concentration head female catch 1,IKTM,g 100g WW-1,9 to 11,adult,2.9,validation,spawning,state_var,tissue_reserves_lipids,NA
"saether o., ellingsen t.e., mohr v. (1985)","the distribution of lipid in the tissues of antarctic krill, euphausia superba",observation,days,summer,1976,Bouvet Island,total lipid content thorax female catch 1,IKTM,g 100g WW-1,9 to 11,adult,3.45,validation,spawning,state_var,tissue_reserves_lipids,NA
"saether o., ellingsen t.e., mohr v. (1985)","the distribution of lipid in the tissues of antarctic krill, euphausia superba",observation,days,summer,1976,Bouvet Island,total lipid content abdomen female catch 1,IKTM,g 100g WW-1,9 to 11,adult,2.15,validation,spawning,state_var,tissue_reserves_lipids,NA
"saether o., ellingsen t.e., mohr v. (1985)","the distribution of lipid in the tissues of antarctic krill, euphausia superba",observation,days,summer,1976,Bouvet Island,total lipid concentration head male catch 1,IKTM,g 100g WW-1,9 to 11,adult,1.35,validation,spawning,state_var,tissue_reserves_lipids,NA
"saether o., ellingsen t.e., mohr v. (1985)","the distribution of lipid in the tissues of antarctic krill, euphausia superba",observation,days,summer,1976,Bouvet Island,total lipid content thorax male catch 1,IKTM,g 100g WW-1,9 to 11,adult,1.6,validation,spawning,state_var,tissue_reserves_lipids,NA
"saether o., ellingsen t.e., mohr v. (1985)","the distribution of lipid in the tissues of antarctic krill, euphausia superba",observation,days,summer,1976,Bouvet Island,total lipid content abdomen male catch 1,IKTM,g 100g WW-1,9 to 11,adult,1.25,validation,spawning,state_var,tissue_reserves_lipids,NA
"saether o., ellingsen t.e., mohr v. (1985)","the distribution of lipid in the tissues of antarctic krill, euphausia superba",observation,days,summer,1976,Bouvet Island,total lipid content female catch 2,IKTM,g 100g WW-1,9 to 11,adult,4.5,validation,spawning,state_var,tissue_reserves_lipids,NA
"saether o., ellingsen t.e., mohr v. (1985)","the distribution of lipid in the tissues of antarctic krill, euphausia superba",observation,days,summer,1976,Bouvet Island,total lipid content male catch 2,IKTM,g 100g WW-1,9 to 11,adult,1.9,validation,spawning,state_var,tissue_reserves_lipids,NA
"saether o., ellingsen t.e., mohr v. (1985)","the distribution of lipid in the tissues of antarctic krill, euphausia superba",observation,days,summer,1976,Bouvet Island,total lipid concentration head female catch 2,IKTM,g 100g WW-1,9 to 11,adult,4.6,validation,spawning,state_var,tissue_reserves_lipids,NA
"saether o., ellingsen t.e., mohr v. (1985)","the distribution of lipid in the tissues of antarctic krill, euphausia superba",observation,days,summer,1976,Bouvet Island,total lipid content thorax female catch 2,IKTM,g 100g WW-1,9 to 11,adult,6,validation,spawning,state_var,tissue_reserves_lipids,NA
"saether o., ellingsen t.e., mohr v. (1985)","the distribution of lipid in the tissues of antarctic krill, euphausia superba",observation,days,summer,1976,Bouvet Island,total lipid content abdomen female catch 2,IKTM,g 100g WW-1,9 to 11,adult,3.4,validation,spawning,state_var,tissue_reserves_lipids,NA
"saether o., ellingsen t.e., mohr v. (1985)","the distribution of lipid in the tissues of antarctic krill, euphausia superba",observation,days,summer,1976,Bouvet Island,total lipid concentration head male catch 2,IKTM,g 100g WW-1,9 to 11,adult,2.4,validation,spawning,state_var,tissue_reserves_lipids,NA
"saether o., ellingsen t.e., mohr v. (1985)","the distribution of lipid in the tissues of antarctic krill, euphausia superba",observation,days,summer,1976,Bouvet Island,total lipid content thorax male catch 2,IKTM,g 100g WW-1,9 to 11,adult,2.4,validation,spawning,state_var,tissue_reserves_lipids,NA
"saether o., ellingsen t.e., mohr v. (1985)","the distribution of lipid in the tissues of antarctic krill, euphausia superba",observation,days,summer,1976,Bouvet Island,total lipid content abdomen male catch 2,IKTM,g 100g WW-1,9 to 11,adult,1.9,validation,spawning,state_var,tissue_reserves_lipids,NA
"Fricke, H. et al. (1984)","lipid, sterol and fatty acid composition of antarctic krill (euphausia superba dana)",observation,days,summer,1977,Scotia Sea,total lipid content,1219 mesh pelagic krill net,% WW,NA,adult,2.7,"parameter, validation",spawning,state_var,tissue_reserves_lipids,NA
"Fricke, H. et al. (1984)","lipid, sterol and fatty acid composition of antarctic krill (euphausia superba dana)",observation,days,summer,1977,Scotia Sea,fatty acid 12:0,1219 mesh pelagic krill net,% total lipids,NA,adult,0.23,validation,spawning,state_var,tissue_reserves_lipids,NA
"Fricke, H. et al. (1984)","lipid, sterol and fatty acid composition of antarctic krill (euphausia superba dana)",observation,days,summer,1977,Scotia Sea,fatty acid 13:0,1219 mesh pelagic krill net,% total lipids,NA,adult,0.04,validation,spawning,state_var,tissue_reserves_lipids,NA
"Fricke, H. et al. (1984)","lipid, sterol and fatty acid composition of antarctic krill (euphausia superba dana)",observation,days,summer,1977,Scotia Sea,fatty acid 14:0,1219 mesh pelagic krill net,% total lipids,NA,adult,11.33,validation,spawning,state_var,tissue_reserves_lipids,NA
"Fricke, H. et al. (1984)","lipid, sterol and fatty acid composition of antarctic krill (euphausia superba dana)",observation,days,summer,1977,Scotia Sea,fatty acid 15:0,1219 mesh pelagic krill net,% total lipids,NA,adult,0.34,validation,spawning,state_var,tissue_reserves_lipids,NA
"Fricke, H. et al. (1984)","lipid, sterol and fatty acid composition of antarctic krill (euphausia superba dana)",observation,days,summer,1977,Scotia Sea,fatty acid 16:0,1219 mesh pelagic krill net,% total lipids,NA,adult,25.91,validation,spawning,state_var,tissue_reserves_lipids,NA
"Fricke, H. et al. (1984)","lipid, sterol and fatty acid composition of antarctic krill (euphausia superba dana)",observation,days,summer,1977,Scotia Sea,fatty acid 16:1(n-7),1219 mesh pelagic krill net,% total lipids,NA,adult,7.26,validation,spawning,state_var,tissue_reserves_lipids,NA
"Fricke, H. et al. (1984)","lipid, sterol and fatty acid composition of antarctic krill (euphausia superba dana)",observation,days,summer,1977,Scotia Sea,fatty acid 16:1(n-?),1219 mesh pelagic krill net,% total lipids,NA,adult,0.09,validation,spawning,state_var,tissue_reserves_lipids,NA
"Fricke, H. et al. (1984)","lipid, sterol and fatty acid composition of antarctic krill (euphausia superba dana)",observation,days,summer,1977,Scotia Sea,fatty acid 16:2(n-6),1219 mesh pelagic krill net,% total lipids,NA,adult,0.82,validation,spawning,state_var,tissue_reserves_lipids,NA
"Fricke, H. et al. (1984)","lipid, sterol and fatty acid composition of antarctic krill (euphausia superba dana)",observation,days,summer,1977,Scotia Sea,fatty acid 16:4(n-3),1219 mesh pelagic krill net,% total lipids,NA,adult,0.74,validation,spawning,state_var,tissue_reserves_lipids,NA
"Fricke, H. et al. (1984)","lipid, sterol and fatty acid composition of antarctic krill (euphausia superba dana)",observation,days,summer,1977,Scotia Sea,fatty acid 17:0,1219 mesh pelagic krill net,% total lipids,NA,adult,0.06,validation,spawning,state_var,tissue_reserves_lipids,NA
"Fricke, H. et al. (1984)","lipid, sterol and fatty acid composition of antarctic krill (euphausia superba dana)",observation,days,summer,1977,Scotia Sea,fatty acid 18:0,1219 mesh pelagic krill net,% total lipids,NA,adult,1.21,validation,spawning,state_var,tissue_reserves_lipids,NA
"Fricke, H. et al. (1984)","lipid, sterol and fatty acid composition of antarctic krill (euphausia superba dana)",observation,days,summer,1977,Scotia Sea,fatty acid 18:1(n-7),1219 mesh pelagic krill net,% total lipids,NA,adult,8.32,validation,spawning,state_var,tissue_reserves_lipids,NA
"Fricke, H. et al. (1984)","lipid, sterol and fatty acid composition of antarctic krill (euphausia superba dana)",observation,days,summer,1977,Scotia Sea,fatty acid 18:1(n-9),1219 mesh pelagic krill net,% total lipids,NA,adult,10.13,validation,spawning,state_var,tissue_reserves_lipids,NA
"Fricke, H. et al. (1984)","lipid, sterol and fatty acid composition of antarctic krill (euphausia superba dana)",observation,days,summer,1977,Scotia Sea,fatty acid 18:2(n-6),1219 mesh pelagic krill net,% total lipids,NA,adult,1.58,validation,spawning,state_var,tissue_reserves_lipids,NA
"Fricke, H. et al. (1984)","lipid, sterol and fatty acid composition of antarctic krill (euphausia superba dana)",observation,days,summer,1977,Scotia Sea,fatty acid 18:3(n-3),1219 mesh pelagic krill net,% total lipids,NA,adult,0.47,validation,spawning,state_var,tissue_reserves_lipids,NA
"Fricke, H. et al. (1984)","lipid, sterol and fatty acid composition of antarctic krill (euphausia superba dana)",observation,days,summer,1977,Scotia Sea,fatty acid 18:3(n-6),1219 mesh pelagic krill net,% total lipids,NA,adult,0.21,validation,spawning,state_var,tissue_reserves_lipids,NA
"Fricke, H. et al. (1984)","lipid, sterol and fatty acid composition of antarctic krill (euphausia superba dana)",observation,days,summer,1977,Scotia Sea,fatty acid 18:4(n-3),1219 mesh pelagic krill net,% total lipids,NA,adult,0.67,validation,spawning,state_var,tissue_reserves_lipids,NA
"Fricke, H. et al. (1984)","lipid, sterol and fatty acid composition of antarctic krill (euphausia superba dana)",observation,days,summer,1977,Scotia Sea,fatty acid 19:1,1219 mesh pelagic krill net,% total lipids,NA,adult,0.12,validation,spawning,state_var,tissue_reserves_lipids,NA
"Fricke, H. et al. (1984)","lipid, sterol and fatty acid composition of antarctic krill (euphausia superba dana)",observation,days,summer,1977,Scotia Sea,fatty acid 20:0,1219 mesh pelagic krill net,% total lipids,NA,adult,0.04,validation,spawning,state_var,tissue_reserves_lipids,NA
"Fricke, H. et al. (1984)","lipid, sterol and fatty acid composition of antarctic krill (euphausia superba dana)",observation,days,summer,1977,Scotia Sea,fatty acid 20:1(n-7),1219 mesh pelagic krill net,% total lipids,NA,adult,0.4,validation,spawning,state_var,tissue_reserves_lipids,NA
"Fricke, H. et al. (1984)","lipid, sterol and fatty acid composition of antarctic krill (euphausia superba dana)",observation,days,summer,1977,Scotia Sea,fatty acid 20:1(n-9),1219 mesh pelagic krill net,% total lipids,NA,adult,0.77,validation,spawning,state_var,tissue_reserves_lipids,NA
"Fricke, H. et al. (1984)","lipid, sterol and fatty acid composition of antarctic krill (euphausia superba dana)",observation,days,summer,1977,Scotia Sea,fatty acid 20:4(n-3),1219 mesh pelagic krill net,% total lipids,NA,adult,0.46,validation,spawning,state_var,tissue_reserves_lipids,NA
"Fricke, H. et al. (1984)","lipid, sterol and fatty acid composition of antarctic krill (euphausia superba dana)",observation,days,summer,1977,Scotia Sea,fatty acid 20:5(n-3),1219 mesh pelagic krill net,% total lipids,NA,adult,12.71,validation,spawning,state_var,tissue_reserves_lipids,NA
"Fricke, H. et al. (1984)","lipid, sterol and fatty acid composition of antarctic krill (euphausia superba dana)",observation,days,summer,1977,Scotia Sea,fatty acid 21:5(n-3),1219 mesh pelagic krill net,% total lipids,NA,adult,0.42,validation,spawning,state_var,tissue_reserves_lipids,NA
"Fricke, H. et al. (1984)","lipid, sterol and fatty acid composition of antarctic krill (euphausia superba dana)",observation,days,summer,1977,Scotia Sea,fatty acid 22:0,1219 mesh pelagic krill net,% total lipids,NA,adult,0.14,validation,spawning,state_var,tissue_reserves_lipids,NA
"Fricke, H. et al. (1984)","lipid, sterol and fatty acid composition of antarctic krill (euphausia superba dana)",observation,days,summer,1977,Scotia Sea,fatty acid 22:1(n-7),1219 mesh pelagic krill net,% total lipids,NA,adult,0.29,validation,spawning,state_var,tissue_reserves_lipids,NA
"Fricke, H. et al. (1984)","lipid, sterol and fatty acid composition of antarctic krill (euphausia superba dana)",observation,days,summer,1977,Scotia Sea,fatty acid 22:1(n-9),1219 mesh pelagic krill net,% total lipids,NA,adult,0.51,validation,spawning,state_var,tissue_reserves_lipids,NA
"Fricke, H. et al. (1984)","lipid, sterol and fatty acid composition of antarctic krill (euphausia superba dana)",observation,days,summer,1977,Scotia Sea,fatty acid 22:5(n-3),1219 mesh pelagic krill net,% total lipids,NA,adult,0.54,validation,spawning,state_var,tissue_reserves_lipids,NA
"Fricke, H. et al. (1984)","lipid, sterol and fatty acid composition of antarctic krill (euphausia superba dana)",observation,days,summer,1977,Scotia Sea,fatty acid 22:6(n-3),1219 mesh pelagic krill net,% total lipids,NA,adult,5.41,validation,spawning,state_var,tissue_reserves_lipids,NA
"Fricke, H. et al. (1984)","lipid, sterol and fatty acid composition of antarctic krill (euphausia superba dana)",observation,days,autumn,1977,Gerlache Strait,total lipid content,1219 mesh pelagic krill net,% WW,NA,adult,6.2,validation,spawning,state_var,tissue_reserves_lipids,NA
"Fricke, H. et al. (1984)","lipid, sterol and fatty acid composition of antarctic krill (euphausia superba dana)",observation,days,autumn,1977,Gerlache Strait,fatty acid 12:0,1219 mesh pelagic krill net,% total lipids,NA,adult,0.22,validation,spawning,state_var,tissue_reserves_lipids,NA
"Fricke, H. et al. (1984)","lipid, sterol and fatty acid composition of antarctic krill (euphausia superba dana)",observation,days,autumn,1977,Gerlache Strait,fatty acid 13:0,1219 mesh pelagic krill net,% total lipids,NA,adult,0.07,validation,spawning,state_var,tissue_reserves_lipids,NA
"Fricke, H. et al. (1984)","lipid, sterol and fatty acid composition of antarctic krill (euphausia superba dana)",observation,days,autumn,1977,Gerlache Strait,fatty acid 14:0,1219 mesh pelagic krill net,% total lipids,NA,adult,15.23,validation,spawning,state_var,tissue_reserves_lipids,NA
"Fricke, H. et al. (1984)","lipid, sterol and fatty acid composition of antarctic krill (euphausia superba dana)",observation,days,autumn,1977,Gerlache Strait,fatty acid 15:0,1219 mesh pelagic krill net,% total lipids,NA,adult,0.27,validation,spawning,state_var,tissue_reserves_lipids,NA
"Fricke, H. et al. (1984)","lipid, sterol and fatty acid composition of antarctic krill (euphausia superba dana)",observation,days,autumn,1977,Gerlache Strait,fatty acid 16:0,1219 mesh pelagic krill net,% total lipids,NA,adult,31.79,validation,spawning,state_var,tissue_reserves_lipids,NA
"Fricke, H. et al. (1984)","lipid, sterol and fatty acid composition of antarctic krill (euphausia superba dana)",observation,days,autumn,1977,Gerlache Strait,fatty acid 16:1(n-7),1219 mesh pelagic krill net,% total lipids,NA,adult,7.37,validation,spawning,state_var,tissue_reserves_lipids,NA
"Fricke, H. et al. (1984)","lipid, sterol and fatty acid composition of antarctic krill (euphausia superba dana)",observation,days,autumn,1977,Gerlache Strait,fatty acid 16:1(n-?),1219 mesh pelagic krill net,% total lipids,NA,adult,0.3,validation,spawning,state_var,tissue_reserves_lipids,NA
"Fricke, H. et al. (1984)","lipid, sterol and fatty acid composition of antarctic krill (euphausia superba dana)",observation,days,autumn,1977,Gerlache Strait,fatty acid 16:2(n-6),1219 mesh pelagic krill net,% total lipids,NA,adult,0.12,validation,spawning,state_var,tissue_reserves_lipids,NA
"Fricke, H. et al. (1984)","lipid, sterol and fatty acid composition of antarctic krill (euphausia superba dana)",observation,days,autumn,1977,Gerlache Strait,fatty acid 16:4(n-3),1219 mesh pelagic krill net,% total lipids,NA,adult,0.48,validation,spawning,state_var,tissue_reserves_lipids,NA
"Fricke, H. et al. (1984)","lipid, sterol and fatty acid composition of antarctic krill (euphausia superba dana)",observation,days,autumn,1977,Gerlache Strait,fatty acid 17:0,1219 mesh pelagic krill net,% total lipids,NA,adult,0.17,validation,spawning,state_var,tissue_reserves_lipids,NA
"Fricke, H. et al. (1984)","lipid, sterol and fatty acid composition of antarctic krill (euphausia superba dana)",observation,days,autumn,1977,Gerlache Strait,fatty acid 18:0,1219 mesh pelagic krill net,% total lipids,NA,adult,2.14,validation,spawning,state_var,tissue_reserves_lipids,NA
"Fricke, H. et al. (1984)","lipid, sterol and fatty acid composition of antarctic krill (euphausia superba dana)",observation,days,autumn,1977,Gerlache Strait,fatty acid 18:1(n-7),1219 mesh pelagic krill net,% total lipids,NA,adult,7.49,validation,spawning,state_var,tissue_reserves_lipids,NA
"Fricke, H. et al. (1984)","lipid, sterol and fatty acid composition of antarctic krill (euphausia superba dana)",observation,days,autumn,1977,Gerlache Strait,fatty acid 18:1(n-9),1219 mesh pelagic krill net,% total lipids,NA,adult,10.52,validation,spawning,state_var,tissue_reserves_lipids,NA
"Fricke, H. et al. (1984)","lipid, sterol and fatty acid composition of antarctic krill (euphausia superba dana)",observation,days,autumn,1977,Gerlache Strait,fatty acid 18:2(n-6),1219 mesh pelagic krill net,% total lipids,NA,adult,0.74,validation,spawning,state_var,tissue_reserves_lipids,NA
"Fricke, H. et al. (1984)","lipid, sterol and fatty acid composition of antarctic krill (euphausia superba dana)",observation,days,autumn,1977,Gerlache Strait,fatty acid 18:3(n-3),1219 mesh pelagic krill net,% total lipids,NA,adult,0.33,validation,spawning,state_var,tissue_reserves_lipids,NA
"Fricke, H. et al. (1984)","lipid, sterol and fatty acid composition of antarctic krill (euphausia superba dana)",observation,days,autumn,1977,Gerlache Strait,fatty acid 18:3(n-6),1219 mesh pelagic krill net,% total lipids,NA,adult,0.57,validation,spawning,state_var,tissue_reserves_lipids,NA
"Fricke, H. et al. (1984)","lipid, sterol and fatty acid composition of antarctic krill (euphausia superba dana)",observation,days,autumn,1977,Gerlache Strait,fatty acid 18:4(n-3),1219 mesh pelagic krill net,% total lipids,NA,adult,0.62,validation,spawning,state_var,tissue_reserves_lipids,NA
"Fricke, H. et al. (1984)","lipid, sterol and fatty acid composition of antarctic krill (euphausia superba dana)",observation,days,autumn,1977,Gerlache Strait,fatty acid 19:1,1219 mesh pelagic krill net,% total lipids,NA,adult,0.2,validation,spawning,state_var,tissue_reserves_lipids,NA
"Fricke, H. et al. (1984)","lipid, sterol and fatty acid composition of antarctic krill (euphausia superba dana)",observation,days,autumn,1977,Gerlache Strait,fatty acid 20:0,1219 mesh pelagic krill net,% total lipids,NA,adult,0.19,validation,spawning,state_var,tissue_reserves_lipids,NA
"Fricke, H. et al. (1984)","lipid, sterol and fatty acid composition of antarctic krill (euphausia superba dana)",observation,days,autumn,1977,Gerlache Strait,fatty acid 20:1(n-7),1219 mesh pelagic krill net,% total lipids,NA,adult,0.5,validation,spawning,state_var,tissue_reserves_lipids,NA
"Fricke, H. et al. (1984)","lipid, sterol and fatty acid composition of antarctic krill (euphausia superba dana)",observation,days,autumn,1977,Gerlache Strait,fatty acid 20:1(n-9),1219 mesh pelagic krill net,% total lipids,NA,adult,1.35,validation,spawning,state_var,tissue_reserves_lipids,NA
"Fricke, H. et al. (1984)","lipid, sterol and fatty acid composition of antarctic krill (euphausia superba dana)",observation,days,autumn,1977,Gerlache Strait,fatty acid 20:4(n-3),1219 mesh pelagic krill net,% total lipids,NA,adult,0.22,validation,spawning,state_var,tissue_reserves_lipids,NA
"Fricke, H. et al. (1984)","lipid, sterol and fatty acid composition of antarctic krill (euphausia superba dana)",observation,days,autumn,1977,Gerlache Strait,fatty acid 20:5(n-3),1219 mesh pelagic krill net,% total lipids,NA,adult,7.83,validation,spawning,state_var,tissue_reserves_lipids,NA
"Fricke, H. et al. (1984)","lipid, sterol and fatty acid composition of antarctic krill (euphausia superba dana)",observation,days,autumn,1977,Gerlache Strait,fatty acid 21:5(n-3),1219 mesh pelagic krill net,% total lipids,NA,adult,0.3,validation,spawning,state_var,tissue_reserves_lipids,NA
"Fricke, H. et al. (1984)","lipid, sterol and fatty acid composition of antarctic krill (euphausia superba dana)",observation,days,autumn,1977,Gerlache Strait,fatty acid 22:1(n-7),1219 mesh pelagic krill net,% total lipids,NA,adult,0.41,validation,spawning,state_var,tissue_reserves_lipids,NA
"Fricke, H. et al. (1984)","lipid, sterol and fatty acid composition of antarctic krill (euphausia superba dana)",observation,days,autumn,1977,Gerlache Strait,fatty acid 22:1(n-9),1219 mesh pelagic krill net,% total lipids,NA,adult,1.22,validation,spawning,state_var,tissue_reserves_lipids,NA
"Fricke, H. et al. (1984)","lipid, sterol and fatty acid composition of antarctic krill (euphausia superba dana)",observation,days,autumn,1977,Gerlache Strait,fatty acid 22:5(n-3),1219 mesh pelagic krill net,% total lipids,NA,adult,0.24,validation,spawning,state_var,tissue_reserves_lipids,NA
"Fricke, H. et al. (1984)","lipid, sterol and fatty acid composition of antarctic krill (euphausia superba dana)",observation,days,autumn,1977,Gerlache Strait,fatty acid 22:6(n-3),1219 mesh pelagic krill net,% total lipids,NA,adult,2.6,validation,spawning,state_var,tissue_reserves_lipids,NA
bottino n.r. (1975),lipid composition of two species of antarctic krill: euphausia superba and e. crystallorophias,observation,days,summer,1972,Ross Sea,fatty acid 12:0,mid-water trawl,% total lipids,NA,adult,0.3,validation,spawning,state_var,tissue_reserves_lipids,NA
bottino n.r. (1975),lipid composition of two species of antarctic krill: euphausia superba and e. crystallorophias,observation,days,summer,1972,Ross Sea,fatty acid 14:0,mid-water trawl,% total lipids,NA,adult,14.9,validation,spawning,state_var,tissue_reserves_lipids,NA
bottino n.r. (1975),lipid composition of two species of antarctic krill: euphausia superba and e. crystallorophias,observation,days,summer,1972,Ross Sea,fatty acid 15:0,mid-water trawl,% total lipids,NA,adult,0.5,validation,spawning,state_var,tissue_reserves_lipids,NA
bottino n.r. (1975),lipid composition of two species of antarctic krill: euphausia superba and e. crystallorophias,observation,days,summer,1972,Ross Sea,fatty acid 16:0,mid-water trawl,% total lipids,NA,adult,21.2,validation,spawning,state_var,tissue_reserves_lipids,NA
bottino n.r. (1975),lipid composition of two species of antarctic krill: euphausia superba and e. crystallorophias,observation,days,summer,1972,Ross Sea,fatty acid 18:0,mid-water trawl,% total lipids,NA,adult,0.7,validation,spawning,state_var,tissue_reserves_lipids,NA
bottino n.r. (1975),lipid composition of two species of antarctic krill: euphausia superba and e. crystallorophias,observation,days,summer,1972,Ross Sea,fatty acid 22:0,mid-water trawl,% total lipids,NA,adult,0.1,validation,spawning,state_var,tissue_reserves_lipids,NA
bottino n.r. (1975),lipid composition of two species of antarctic krill: euphausia superba and e. crystallorophias,observation,days,summer,1972,Ross Sea,fatty acid 14:1(n-?),mid-water trawl,% total lipids,NA,adult,0.3,validation,spawning,state_var,tissue_reserves_lipids,NA
bottino n.r. (1975),lipid composition of two species of antarctic krill: euphausia superba and e. crystallorophias,observation,days,summer,1972,Ross Sea,fatty acid 15:1(n-?),mid-water trawl,% total lipids,NA,adult,NA,validation,spawning,state_var,tissue_reserves_lipids,NA
bottino n.r. (1975),lipid composition of two species of antarctic krill: euphausia superba and e. crystallorophias,observation,days,summer,1972,Ross Sea,fatty acid 16:1(n-7),mid-water trawl,% total lipids,NA,adult,9,validation,spawning,state_var,tissue_reserves_lipids,NA
bottino n.r. (1975),lipid composition of two species of antarctic krill: euphausia superba and e. crystallorophias,observation,days,summer,1972,Ross Sea,fatty acid 17:1(n-8),mid-water trawl,% total lipids,NA,adult,0.7,validation,spawning,state_var,tissue_reserves_lipids,NA
bottino n.r. (1975),lipid composition of two species of antarctic krill: euphausia superba and e. crystallorophias,observation,days,summer,1972,Ross Sea,fatty acid 18:1(n-9),mid-water trawl,% total lipids,NA,adult,18.2,validation,spawning,state_var,tissue_reserves_lipids,NA
bottino n.r. (1975),lipid composition of two species of antarctic krill: euphausia superba and e. crystallorophias,observation,days,summer,1972,Ross Sea,fatty acid 20:1(n-9),mid-water trawl,% total lipids,NA,adult,0.6,validation,spawning,state_var,tissue_reserves_lipids,NA
bottino n.r. (1975),lipid composition of two species of antarctic krill: euphausia superba and e. crystallorophias,observation,days,summer,1972,Ross Sea,fatty acid 18:2(n-6),mid-water trawl,% total lipids,NA,adult,0.3,validation,spawning,state_var,tissue_reserves_lipids,NA
bottino n.r. (1975),lipid composition of two species of antarctic krill: euphausia superba and e. crystallorophias,observation,days,summer,1972,Ross Sea,fatty acid 18:2(n-3),mid-water trawl,% total lipids,NA,adult,2.6,validation,spawning,state_var,tissue_reserves_lipids,NA
bottino n.r. (1975),lipid composition of two species of antarctic krill: euphausia superba and e. crystallorophias,observation,days,summer,1972,Ross Sea,fatty acid 18:3(n-6),mid-water trawl,% total lipids,NA,adult,0.3,validation,spawning,state_var,tissue_reserves_lipids,NA
bottino n.r. (1975),lipid composition of two species of antarctic krill: euphausia superba and e. crystallorophias,observation,days,summer,1972,Ross Sea,fatty acid 18:3(n-3),mid-water trawl,% total lipids,NA,adult,1.1,validation,spawning,state_var,tissue_reserves_lipids,NA
bottino n.r. (1975),lipid composition of two species of antarctic krill: euphausia superba and e. crystallorophias,observation,days,summer,1972,Ross Sea,fatty acid 20:3(n-3),mid-water trawl,% total lipids,NA,adult,0.6,validation,spawning,state_var,tissue_reserves_lipids,NA
bottino n.r. (1975),lipid composition of two species of antarctic krill: euphausia superba and e. crystallorophias,observation,days,summer,1972,Ross Sea,fatty acid 18:4(n-3),mid-water trawl,% total lipids,NA,adult,2.2,validation,spawning,state_var,tissue_reserves_lipids,NA
bottino n.r. (1975),lipid composition of two species of antarctic krill: euphausia superba and e. crystallorophias,observation,days,summer,1972,Ross Sea,fatty acid 20:4(n-6),mid-water trawl,% total lipids,NA,adult,0.5,validation,spawning,state_var,tissue_reserves_lipids,NA
bottino n.r. (1975),lipid composition of two species of antarctic krill: euphausia superba and e. crystallorophias,observation,days,summer,1972,Ross Sea,fatty acid 20:4(n-3),mid-water trawl,% total lipids,NA,adult,0.5,validation,spawning,state_var,tissue_reserves_lipids,NA
bottino n.r. (1975),lipid composition of two species of antarctic krill: euphausia superba and e. crystallorophias,observation,days,summer,1972,Ross Sea,fatty acid 22:4(n-6),mid-water trawl,% total lipids,NA,adult,0.2,validation,spawning,state_var,tissue_reserves_lipids,NA
bottino n.r. (1975),lipid composition of two species of antarctic krill: euphausia superba and e. crystallorophias,observation,days,summer,1972,Ross Sea,fatty acid 20:5(n-3),mid-water trawl,% total lipids,NA,adult,16,validation,spawning,state_var,tissue_reserves_lipids,NA
bottino n.r. (1975),lipid composition of two species of antarctic krill: euphausia superba and e. crystallorophias,observation,days,summer,1972,Ross Sea,fatty acid 22:5(n-3),mid-water trawl,% total lipids,NA,adult,0.3,validation,spawning,state_var,tissue_reserves_lipids,NA
bottino n.r. (1975),lipid composition of two species of antarctic krill: euphausia superba and e. crystallorophias,observation,days,summer,1972,Ross Sea,fatty acid 22:6(n-3),mid-water trawl,% total lipids,NA,adult,8.6,validation,spawning,state_var,tissue_reserves_lipids,NA
bottino n.r. (1975),lipid composition of two species of antarctic krill: euphausia superba and e. crystallorophias,observation,days,summer,1972,Ross Sea,fatty acid 12:0,mid-water trawl,% total lipids,NA,adult,0.2,validation,spawning,state_var,tissue_reserves_lipids,NA
bottino n.r. (1975),lipid composition of two species of antarctic krill: euphausia superba and e. crystallorophias,observation,days,summer,1972,Ross Sea,fatty acid 14:0,mid-water trawl,% total lipids,NA,adult,14.3,validation,spawning,state_var,tissue_reserves_lipids,NA
bottino n.r. (1975),lipid composition of two species of antarctic krill: euphausia superba and e. crystallorophias,observation,days,summer,1972,Ross Sea,fatty acid 15:0,mid-water trawl,% total lipids,NA,adult,0.2,validation,spawning,state_var,tissue_reserves_lipids,NA
bottino n.r. (1975),lipid composition of two species of antarctic krill: euphausia superba and e. crystallorophias,observation,days,summer,1972,Ross Sea,fatty acid 16:0,mid-water trawl,% total lipids,NA,adult,24.7,validation,spawning,state_var,tissue_reserves_lipids,NA
bottino n.r. (1975),lipid composition of two species of antarctic krill: euphausia superba and e. crystallorophias,observation,days,summer,1972,Ross Sea,fatty acid 18:0,mid-water trawl,% total lipids,NA,adult,1.4,validation,spawning,state_var,tissue_reserves_lipids,NA
bottino n.r. (1975),lipid composition of two species of antarctic krill: euphausia superba and e. crystallorophias,observation,days,summer,1972,Ross Sea,fatty acid 22:0,mid-water trawl,% total lipids,NA,adult,0.1,validation,spawning,state_var,tissue_reserves_lipids,NA
bottino n.r. (1975),lipid composition of two species of antarctic krill: euphausia superba and e. crystallorophias,observation,days,summer,1972,Ross Sea,fatty acid 14:1(n-?),mid-water trawl,% total lipids,NA,adult,0.2,validation,spawning,state_var,tissue_reserves_lipids,NA
bottino n.r. (1975),lipid composition of two species of antarctic krill: euphausia superba and e. crystallorophias,observation,days,summer,1972,Ross Sea,fatty acid 15:1(n-?),mid-water trawl,% total lipids,NA,adult,0.1,validation,spawning,state_var,tissue_reserves_lipids,NA
bottino n.r. (1975),lipid composition of two species of antarctic krill: euphausia superba and e. crystallorophias,observation,days,summer,1972,Ross Sea,fatty acid 16:1(n-7),mid-water trawl,% total lipids,NA,adult,8.9,validation,spawning,state_var,tissue_reserves_lipids,NA
bottino n.r. (1975),lipid composition of two species of antarctic krill: euphausia superba and e. crystallorophias,observation,days,summer,1972,Ross Sea,fatty acid 17:1(n-8),mid-water trawl,% total lipids,NA,adult,0.3,validation,spawning,state_var,tissue_reserves_lipids,NA
bottino n.r. (1975),lipid composition of two species of antarctic krill: euphausia superba and e. crystallorophias,observation,days,summer,1972,Ross Sea,fatty acid 18:1(n-9),mid-water trawl,% total lipids,NA,adult,21.7,validation,spawning,state_var,tissue_reserves_lipids,NA
bottino n.r. (1975),lipid composition of two species of antarctic krill: euphausia superba and e. crystallorophias,observation,days,summer,1972,Ross Sea,fatty acid 20:1(n-9),mid-water trawl,% total lipids,NA,adult,0.9,validation,spawning,state_var,tissue_reserves_lipids,NA
bottino n.r. (1975),lipid composition of two species of antarctic krill: euphausia superba and e. crystallorophias,observation,days,summer,1972,Ross Sea,fatty acid 18:2(n-6),mid-water trawl,% total lipids,NA,adult,0.1,validation,spawning,state_var,tissue_reserves_lipids,NA
bottino n.r. (1975),lipid composition of two species of antarctic krill: euphausia superba and e. crystallorophias,observation,days,summer,1972,Ross Sea,fatty acid 18:2(n-3),mid-water trawl,% total lipids,NA,adult,2,validation,spawning,state_var,tissue_reserves_lipids,NA
bottino n.r. (1975),lipid composition of two species of antarctic krill: euphausia superba and e. crystallorophias,observation,days,summer,1972,Ross Sea,fatty acid 18:3(n-6),mid-water trawl,% total lipids,NA,adult,0.2,validation,spawning,state_var,tissue_reserves_lipids,NA
bottino n.r. (1975),lipid composition of two species of antarctic krill: euphausia superba and e. crystallorophias,observation,days,summer,1972,Ross Sea,fatty acid 18:3(n-3),mid-water trawl,% total lipids,NA,adult,1,validation,spawning,state_var,tissue_reserves_lipids,NA
bottino n.r. (1975),lipid composition of two species of antarctic krill: euphausia superba and e. crystallorophias,observation,days,summer,1972,Ross Sea,fatty acid 20:3(n-3),mid-water trawl,% total lipids,NA,adult,0.5,validation,spawning,state_var,tissue_reserves_lipids,NA
bottino n.r. (1975),lipid composition of two species of antarctic krill: euphausia superba and e. crystallorophias,observation,days,summer,1972,Ross Sea,fatty acid 18:4(n-3),mid-water trawl,% total lipids,NA,adult,3.3,validation,spawning,state_var,tissue_reserves_lipids,NA
bottino n.r. (1975),lipid composition of two species of antarctic krill: euphausia superba and e. crystallorophias,observation,days,summer,1972,Ross Sea,fatty acid 20:4(n-6),mid-water trawl,% total lipids,NA,adult,0.4,validation,spawning,state_var,tissue_reserves_lipids,NA
bottino n.r. (1975),lipid composition of two species of antarctic krill: euphausia superba and e. crystallorophias,observation,days,summer,1972,Ross Sea,fatty acid 20:4(n-3),mid-water trawl,% total lipids,NA,adult,0.2,validation,spawning,state_var,tissue_reserves_lipids,NA
bottino n.r. (1975),lipid composition of two species of antarctic krill: euphausia superba and e. crystallorophias,observation,days,summer,1972,Ross Sea,fatty acid 22:4(n-6),mid-water trawl,% total lipids,NA,adult,0.3,validation,spawning,state_var,tissue_reserves_lipids,NA
bottino n.r. (1975),lipid composition of two species of antarctic krill: euphausia superba and e. crystallorophias,observation,days,summer,1972,Ross Sea,fatty acid 20:5(n-3),mid-water trawl,% total lipids,NA,adult,11.4,validation,spawning,state_var,tissue_reserves_lipids,NA
bottino n.r. (1975),lipid composition of two species of antarctic krill: euphausia superba and e. crystallorophias,observation,days,summer,1972,Ross Sea,fatty acid 22:5(n-3),mid-water trawl,% total lipids,NA,adult,0.1,validation,spawning,state_var,tissue_reserves_lipids,NA
bottino n.r. (1975),lipid composition of two species of antarctic krill: euphausia superba and e. crystallorophias,observation,days,summer,1972,Ross Sea,fatty acid 22:6(n-3),mid-water trawl,% total lipids,NA,adult,7.3,validation,spawning,state_var,tissue_reserves_lipids,NA
"ikeda t., kirkwood r. (1989)","metabolism and body composition of two euphausiids (euphausia superba and e. crystallorophias) collected from under the pack-ice off enderby land, antarctica",observation,weeks,spring,1985,Enderby Land,mean body dry weight body size group 1,scuba dive and hand net,mg DW,21,juvenile,36.45,"parameter, validation",spawning,state_var,tissue_reserves_carbs,NA
"ikeda t., kirkwood r. (1989)","metabolism and body composition of two euphausiids (euphausia superba and e. crystallorophias) collected from under the pack-ice off enderby land, antarctica",observation,weeks,spring,1985,Enderby Land,mean body dry weight body size group 1,scuba dive and hand net,mg DW,21,juvenile,36.45,"parameter, validation",spawning,state_var,tissue_reserves_proteins,NA
"ikeda t., kirkwood r. (1989)","metabolism and body composition of two euphausiids (euphausia superba and e. crystallorophias) collected from under the pack-ice off enderby land, antarctica",observation,weeks,spring,1985,Enderby Land,mean body dry weight body size group 1,scuba dive and hand net,mg DW,21,juvenile,36.45,"parameter, validation",spawning,state_var,tissue_reserves_lipids,NA
"ikeda t., kirkwood r. (1989)","metabolism and body composition of two euphausiids (euphausia superba and e. crystallorophias) collected from under the pack-ice off enderby land, antarctica",observation,weeks,spring,1985,Enderby Land,mean body dry weight body size group 2,scuba dive and hand net,mg DW,36,adult,70.31,"parameter, validation",spawning,state_var,tissue_reserves_carbs,NA
"ikeda t., kirkwood r. (1989)","metabolism and body composition of two euphausiids (euphausia superba and e. crystallorophias) collected from under the pack-ice off enderby land, antarctica",observation,weeks,spring,1985,Enderby Land,mean body dry weight body size group 2,scuba dive and hand net,mg DW,36,adult,70.31,"parameter, validation",spawning,state_var,tissue_reserves_proteins,NA
"ikeda t., kirkwood r. (1989)","metabolism and body composition of two euphausiids (euphausia superba and e. crystallorophias) collected from under the pack-ice off enderby land, antarctica",observation,weeks,spring,1985,Enderby Land,mean body dry weight body size group 2,scuba dive and hand net,mg DW,36,adult,70.31,"parameter, validation",spawning,state_var,tissue_reserves_lipids,NA
"ikeda t., kirkwood r. (1989)","metabolism and body composition of two euphausiids (euphausia superba and e. crystallorophias) collected from under the pack-ice off enderby land, antarctica",observation,weeks,spring,1985,Enderby Land,mean body dry weight body size group 3,scuba dive and hand net,mg DW,15,adult,131.05,"parameter, validation",spawning,state_var,tissue_reserves_carbs,NA
"ikeda t., kirkwood r. (1989)","metabolism and body composition of two euphausiids (euphausia superba and e. crystallorophias) collected from under the pack-ice off enderby land, antarctica",observation,weeks,spring,1985,Enderby Land,mean body dry weight body size group 3,scuba dive and hand net,mg DW,15,adult,131.05,"parameter, validation",spawning,state_var,tissue_reserves_proteins,NA
"ikeda t., kirkwood r. (1989)","metabolism and body composition of two euphausiids (euphausia superba and e. crystallorophias) collected from under the pack-ice off enderby land, antarctica",observation,weeks,spring,1985,Enderby Land,mean body dry weight body size group 3,scuba dive and hand net,mg DW,15,adult,131.05,"parameter, validation",spawning,state_var,tissue_reserves_lipids,NA
"ikeda t., kirkwood r. (1989)","metabolism and body composition of two euphausiids (euphausia superba and e. crystallorophias) collected from under the pack-ice off enderby land, antarctica",observation,weeks,spring,1985,Enderby Land,oxygen consumption rate size group 1,scuba dive and hand net,ul O2 mg ind-1 h-1,21,juvenile,19.41,"parameter, validation",spawning,function,maintenance _respiration,temperature
"ikeda t., kirkwood r. (1989)","metabolism and body composition of two euphausiids (euphausia superba and e. crystallorophias) collected from under the pack-ice off enderby land, antarctica",observation,weeks,spring,1985,Enderby Land,ammonia excretion rate size group 1,scuba dive and hand net,ul N mg ind-1 h-1,21,juvenile,0.76,"parameter, validation",spawning,function,maintenance _excretion,temperature
"ikeda t., kirkwood r. (1989)","metabolism and body composition of two euphausiids (euphausia superba and e. crystallorophias) collected from under the pack-ice off enderby land, antarctica",observation,weeks,spring,1985,Enderby Land,phosphate excretion rate size group 1,scuba dive and hand net,ul P mg ind-1 h-1,21,juvenile,0.34,"parameter, validation",spawning,function,maintenance _excretion,temperature
"ikeda t., kirkwood r. (1989)","metabolism and body composition of two euphausiids (euphausia superba and e. crystallorophias) collected from under the pack-ice off enderby land, antarctica",observation,weeks,spring,1985,Enderby Land,daily metabolic carbon loss size group 1,scuba dive and hand net,%,21,juvenile,1.62,"parameter, validation",spawning,state_var,tissue_reserves_carbs,NA
"ikeda t., kirkwood r. (1989)","metabolism and body composition of two euphausiids (euphausia superba and e. crystallorophias) collected from under the pack-ice off enderby land, antarctica",observation,weeks,spring,1985,Enderby Land,daily metabolic carbon loss size group 1,scuba dive and hand net,%,21,juvenile,1.62,"parameter, validation",spawning,function,maintenance _respiration,temperature
"ikeda t., kirkwood r. (1989)","metabolism and body composition of two euphausiids (euphausia superba and e. crystallorophias) collected from under the pack-ice off enderby land, antarctica",observation,weeks,spring,1985,Enderby Land,daily metabolic nitrogen loss size group 1,scuba dive and hand net,%,21,juvenile,0.4,"parameter, validation",spawning,state_var,tissue_reserves_proteins,NA
"ikeda t., kirkwood r. (1989)","metabolism and body composition of two euphausiids (euphausia superba and e. crystallorophias) collected from under the pack-ice off enderby land, antarctica",observation,weeks,spring,1985,Enderby Land,daily metabolic nitrogen loss size group 1,scuba dive and hand net,%,21,juvenile,0.4,"parameter, validation",spawning,state_var,tissue_reserves_lipids,NA
"ikeda t., kirkwood r. (1989)","metabolism and body composition of two euphausiids (euphausia superba and e. crystallorophias) collected from under the pack-ice off enderby land, antarctica",observation,weeks,spring,1985,Enderby Land,daily metabolic nitrogen loss size group 1,scuba dive and hand net,%,21,juvenile,0.4,"parameter, validation",spawning,function,maintenance _respiration,temperature
"ikeda t., kirkwood r. (1989)","metabolism and body composition of two euphausiids (euphausia superba and e. crystallorophias) collected from under the pack-ice off enderby land, antarctica",observation,weeks,spring,1985,Enderby Land,daily metabolic phosphorus loss size group 1,scuba dive and hand net,%,21,juvenile,1.89,"parameter, validation",spawning,state_var,tissue_reserves_proteins,NA
"ikeda t., kirkwood r. (1989)","metabolism and body composition of two euphausiids (euphausia superba and e. crystallorophias) collected from under the pack-ice off enderby land, antarctica",observation,weeks,spring,1985,Enderby Land,daily metabolic phosphorus loss size group 1,scuba dive and hand net,%,21,juvenile,1.89,"parameter, validation",spawning,state_var,tissue_reserves_lipids,NA
"ikeda t., kirkwood r. (1989)","metabolism and body composition of two euphausiids (euphausia superba and e. crystallorophias) collected from under the pack-ice off enderby land, antarctica",observation,weeks,spring,1985,Enderby Land,daily metabolic phosphorus loss size group 1,scuba dive and hand net,%,21,juvenile,1.89,"parameter, validation",spawning,function,maintenance _respiration,temperature
"ikeda t., kirkwood r. (1989)","metabolism and body composition of two euphausiids (euphausia superba and e. crystallorophias) collected from under the pack-ice off enderby land, antarctica",observation,weeks,spring,1985,Enderby Land,oxygen consumption rate size group 2,scuba dive and hand net,ul O2 mg ind-1 h-1,36,adult,30.19,"parameter, validation",spawning,function,maintenance _respiration,temperature
"ikeda t., kirkwood r. (1989)","metabolism and body composition of two euphausiids (euphausia superba and e. crystallorophias) collected from under the pack-ice off enderby land, antarctica",observation,weeks,spring,1985,Enderby Land,ammonia excretion rate size group 2,scuba dive and hand net,ul N mg ind-1 h-1,36,adult,1.45,"parameter, validation",spawning,function,maintenance _excretion,temperature
"ikeda t., kirkwood r. (1989)","metabolism and body composition of two euphausiids (euphausia superba and e. crystallorophias) collected from under the pack-ice off enderby land, antarctica",observation,weeks,spring,1985,Enderby Land,phosphate excretion rate size group 2,scuba dive and hand net,ul P mg ind-1 h-1,36,adult,0.69,"parameter, validation",spawning,function,maintenance _excretion,temperature
"ikeda t., kirkwood r. (1989)","metabolism and body composition of two euphausiids (euphausia superba and e. crystallorophias) collected from under the pack-ice off enderby land, antarctica",observation,weeks,spring,1985,Enderby Land,daily metabolic carbon loss size group 2,scuba dive and hand net,%,36,adult,1.34,"parameter, validation",spawning,state_var,tissue_reserves_carbs,NA
"ikeda t., kirkwood r. (1989)","metabolism and body composition of two euphausiids (euphausia superba and e. crystallorophias) collected from under the pack-ice off enderby land, antarctica",observation,weeks,spring,1985,Enderby Land,daily metabolic carbon loss size group 2,scuba dive and hand net,%,36,adult,1.34,"parameter, validation",spawning,function,maintenance _respiration,temperature
"ikeda t., kirkwood r. (1989)","metabolism and body composition of two euphausiids (euphausia superba and e. crystallorophias) collected from under the pack-ice off enderby land, antarctica",observation,weeks,spring,1985,Enderby Land,daily metabolic nitrogen loss size group 2,scuba dive and hand net,%,36,adult,0.42,"parameter, validation",spawning,state_var,tissue_reserves_proteins,NA
"ikeda t., kirkwood r. (1989)","metabolism and body composition of two euphausiids (euphausia superba and e. crystallorophias) collected from under the pack-ice off enderby land, antarctica",observation,weeks,spring,1985,Enderby Land,daily metabolic nitrogen loss size group 2,scuba dive and hand net,%,36,adult,0.42,"parameter, validation",spawning,state_var,tissue_reserves_lipids,NA
"ikeda t., kirkwood r. (1989)","metabolism and body composition of two euphausiids (euphausia superba and e. crystallorophias) collected from under the pack-ice off enderby land, antarctica",observation,weeks,spring,1985,Enderby Land,daily metabolic nitrogen loss size group 2,scuba dive and hand net,%,36,adult,0.42,"parameter, validation",spawning,function,maintenance _respiration,temperature
"ikeda t., kirkwood r. (1989)","metabolism and body composition of two euphausiids (euphausia superba and e. crystallorophias) collected from under the pack-ice off enderby land, antarctica",observation,weeks,spring,1985,Enderby Land,daily metabolic phosphorus loss size group 2,scuba dive and hand net,%,36,adult,1.89,"parameter, validation",spawning,state_var,tissue_reserves_proteins,NA
"ikeda t., kirkwood r. (1989)","metabolism and body composition of two euphausiids (euphausia superba and e. crystallorophias) collected from under the pack-ice off enderby land, antarctica",observation,weeks,spring,1985,Enderby Land,daily metabolic phosphorus loss size group 2,scuba dive and hand net,%,36,adult,1.89,"parameter, validation",spawning,state_var,tissue_reserves_lipids,NA
"ikeda t., kirkwood r. (1989)","metabolism and body composition of two euphausiids (euphausia superba and e. crystallorophias) collected from under the pack-ice off enderby land, antarctica",observation,weeks,spring,1985,Enderby Land,daily metabolic phosphorus loss size group 2,scuba dive and hand net,%,36,adult,1.89,"parameter, validation",spawning,function,maintenance _respiration,temperature
"ikeda t., kirkwood r. (1989)","metabolism and body composition of two euphausiids (euphausia superba and e. crystallorophias) collected from under the pack-ice off enderby land, antarctica",observation,weeks,spring,1985,Enderby Land,oxygen consumption rate size group 3,scuba dive and hand net,ul O2 mg ind-1 h-1,15,adult,56.7,"parameter, validation",spawning,function,maintenance _respiration,temperature
"ikeda t., kirkwood r. (1989)","metabolism and body composition of two euphausiids (euphausia superba and e. crystallorophias) collected from under the pack-ice off enderby land, antarctica",observation,weeks,spring,1985,Enderby Land,ammonia excretion rate size group 3,scuba dive and hand net,ul N mg ind-1 h-1,15,adult,2.37,"parameter, validation",spawning,function,maintenance _excretion,temperature
"ikeda t., kirkwood r. (1989)","metabolism and body composition of two euphausiids (euphausia superba and e. crystallorophias) collected from under the pack-ice off enderby land, antarctica",observation,weeks,spring,1985,Enderby Land,phosphate excretion rate size group 3,scuba dive and hand net,ul P mg ind-1 h-1,15,adult,1.3,"parameter, validation",spawning,function,maintenance _excretion,temperature
"ikeda t., kirkwood r. (1989)","metabolism and body composition of two euphausiids (euphausia superba and e. crystallorophias) collected from under the pack-ice off enderby land, antarctica",observation,weeks,spring,1985,Enderby Land,daily metabolic carbon loss size group 3,scuba dive and hand net,%,15,adult,1.35,"parameter, validation",spawning,state_var,tissue_reserves_carbs,NA
"ikeda t., kirkwood r. (1989)","metabolism and body composition of two euphausiids (euphausia superba and e. crystallorophias) collected from under the pack-ice off enderby land, antarctica",observation,weeks,spring,1985,Enderby Land,daily metabolic carbon loss size group 3,scuba dive and hand net,%,15,adult,1.35,"parameter, validation",spawning,function,maintenance _respiration,temperature
"ikeda t., kirkwood r. (1989)","metabolism and body composition of two euphausiids (euphausia superba and e. crystallorophias) collected from under the pack-ice off enderby land, antarctica",observation,weeks,spring,1985,Enderby Land,daily metabolic nitrogen loss size group 3,scuba dive and hand net,%,15,adult,0.38,"parameter, validation",spawning,state_var,tissue_reserves_proteins,NA
"ikeda t., kirkwood r. (1989)","metabolism and body composition of two euphausiids (euphausia superba and e. crystallorophias) collected from under the pack-ice off enderby land, antarctica",observation,weeks,spring,1985,Enderby Land,daily metabolic nitrogen loss size group 3,scuba dive and hand net,%,15,adult,0.38,"parameter, validation",spawning,state_var,tissue_reserves_lipids,NA
"ikeda t., kirkwood r. (1989)","metabolism and body composition of two euphausiids (euphausia superba and e. crystallorophias) collected from under the pack-ice off enderby land, antarctica",observation,weeks,spring,1985,Enderby Land,daily metabolic nitrogen loss size group 3,scuba dive and hand net,%,15,adult,0.38,"parameter, validation",spawning,function,maintenance _respiration,temperature
"ikeda t., kirkwood r. (1989)","metabolism and body composition of two euphausiids (euphausia superba and e. crystallorophias) collected from under the pack-ice off enderby land, antarctica",observation,weeks,spring,1985,Enderby Land,daily metabolic phosphorus loss size group 3,scuba dive and hand net,%,15,adult,2.18,"parameter, validation",spawning,state_var,tissue_reserves_proteins,NA
"ikeda t., kirkwood r. (1989)","metabolism and body composition of two euphausiids (euphausia superba and e. crystallorophias) collected from under the pack-ice off enderby land, antarctica",observation,weeks,spring,1985,Enderby Land,daily metabolic phosphorus loss size group 3,scuba dive and hand net,%,15,adult,2.18,"parameter, validation",spawning,state_var,tissue_reserves_lipids,NA
"ikeda t., kirkwood r. (1989)","metabolism and body composition of two euphausiids (euphausia superba and e. crystallorophias) collected from under the pack-ice off enderby land, antarctica",observation,weeks,spring,1985,Enderby Land,daily metabolic phosphorus loss size group 3,scuba dive and hand net,%,15,adult,2.18,"parameter, validation",spawning,function,maintenance _respiration,temperature
"ikeda t., kirkwood r. (1989)","metabolism and body composition of two euphausiids (euphausia superba and e. crystallorophias) collected from under the pack-ice off enderby land, antarctica",observation,weeks,spring,1985,Enderby Land,carbon content size group 1,scuba dive and hand net,%DW,21,juvenile,40.72,"parameter, validation",spawning,state_var,tissue_reserves_carbs,NA
"ikeda t., kirkwood r. (1989)","metabolism and body composition of two euphausiids (euphausia superba and e. crystallorophias) collected from under the pack-ice off enderby land, antarctica",observation,weeks,spring,1985,Enderby Land,nitrogen content size group 1,scuba dive and hand net,%DW,21,juvenile,11.99,"parameter, validation",spawning,state_var,tissue_reserves_proteins,NA
"ikeda t., kirkwood r. (1989)","metabolism and body composition of two euphausiids (euphausia superba and e. crystallorophias) collected from under the pack-ice off enderby land, antarctica",observation,weeks,spring,1985,Enderby Land,nitrogen content size group 1,scuba dive and hand net,%DW,21,juvenile,11.99,"parameter, validation",spawning,state_var,tissue_reserves_lipids,NA
"ikeda t., kirkwood r. (1989)","metabolism and body composition of two euphausiids (euphausia superba and e. crystallorophias) collected from under the pack-ice off enderby land, antarctica",observation,weeks,spring,1985,Enderby Land,phosphorous content size group 1,scuba dive and hand net,%DW,21,juvenile,1.18,"parameter, validation",spawning,state_var,tissue_reserves_proteins,NA
"ikeda t., kirkwood r. (1989)","metabolism and body composition of two euphausiids (euphausia superba and e. crystallorophias) collected from under the pack-ice off enderby land, antarctica",observation,weeks,spring,1985,Enderby Land,phosphorous content size group 1,scuba dive and hand net,%DW,21,juvenile,1.18,"parameter, validation",spawning,state_var,tissue_reserves_lipids,NA
"ikeda t., kirkwood r. (1989)","metabolism and body composition of two euphausiids (euphausia superba and e. crystallorophias) collected from under the pack-ice off enderby land, antarctica",observation,weeks,spring,1985,Enderby Land,carbon content size group 2,scuba dive and hand net,%DW,36,adult,40.15,"parameter, validation",spawning,state_var,tissue_reserves_carbs,NA
"ikeda t., kirkwood r. (1989)","metabolism and body composition of two euphausiids (euphausia superba and e. crystallorophias) collected from under the pack-ice off enderby land, antarctica",observation,weeks,spring,1985,Enderby Land,nitrogen content size group 2,scuba dive and hand net,%DW,36,adult,11.84,"parameter, validation",spawning,state_var,tissue_reserves_proteins,NA
"ikeda t., kirkwood r. (1989)","metabolism and body composition of two euphausiids (euphausia superba and e. crystallorophias) collected from under the pack-ice off enderby land, antarctica",observation,weeks,spring,1985,Enderby Land,nitrogen content size group 2,scuba dive and hand net,%DW,36,adult,11.84,"parameter, validation",spawning,state_var,tissue_reserves_lipids,NA
"ikeda t., kirkwood r. (1989)","metabolism and body composition of two euphausiids (euphausia superba and e. crystallorophias) collected from under the pack-ice off enderby land, antarctica",observation,weeks,spring,1985,Enderby Land,phosphorous content size group 2,scuba dive and hand net,%DW,36,adult,1.19,"parameter, validation",spawning,state_var,tissue_reserves_proteins,NA
"ikeda t., kirkwood r. (1989)","metabolism and body composition of two euphausiids (euphausia superba and e. crystallorophias) collected from under the pack-ice off enderby land, antarctica",observation,weeks,spring,1985,Enderby Land,phosphorous content size group 2,scuba dive and hand net,%DW,36,adult,1.19,"parameter, validation",spawning,state_var,tissue_reserves_lipids,NA
"ikeda t., kirkwood r. (1989)","metabolism and body composition of two euphausiids (euphausia superba and e. crystallorophias) collected from under the pack-ice off enderby land, antarctica",observation,weeks,spring,1985,Enderby Land,carbon content size group 3,scuba dive and hand net,%DW,15,adult,40.67,"parameter, validation",spawning,state_var,tissue_reserves_carbs,NA
"ikeda t., kirkwood r. (1989)","metabolism and body composition of two euphausiids (euphausia superba and e. crystallorophias) collected from under the pack-ice off enderby land, antarctica",observation,weeks,spring,1985,Enderby Land,nitrogen content size group 3,scuba dive and hand net,%DW,15,adult,11.85,"parameter, validation",spawning,state_var,tissue_reserves_proteins,NA
"ikeda t., kirkwood r. (1989)","metabolism and body composition of two euphausiids (euphausia superba and e. crystallorophias) collected from under the pack-ice off enderby land, antarctica",observation,weeks,spring,1985,Enderby Land,nitrogen content size group 3,scuba dive and hand net,%DW,15,adult,11.85,"parameter, validation",spawning,state_var,tissue_reserves_lipids,NA
"ikeda t., kirkwood r. (1989)","metabolism and body composition of two euphausiids (euphausia superba and e. crystallorophias) collected from under the pack-ice off enderby land, antarctica",observation,weeks,spring,1985,Enderby Land,phosphorous content size group 3,scuba dive and hand net,%DW,15,adult,1.17,"parameter, validation",spawning,state_var,tissue_reserves_proteins,NA
"ikeda t., kirkwood r. (1989)","metabolism and body composition of two euphausiids (euphausia superba and e. crystallorophias) collected from under the pack-ice off enderby land, antarctica",observation,weeks,spring,1985,Enderby Land,phosphorous content size group 3,scuba dive and hand net,%DW,15,adult,1.17,"parameter, validation",spawning,state_var,tissue_reserves_lipids,NA
"virtue p., nichols p.d., nicol s., hosie g. (1996)","reproductive trade-off in male antarctic krill, euphausia superba",observation,days,summer,1993,Prydz Bay,lipid content males,NA,%DW,50,adult,1-3,"parameter, validation",spawning,state_var,tissue_reserves_carbs,NA
"virtue p., nichols p.d., nicol s., hosie g. (1996)","reproductive trade-off in male antarctic krill, euphausia superba",observation,days,summer,1993,Prydz Bay,lipid content females,NA,%DW,NA,adult,8-30,"parameter, validation",spawning,state_var,tissue_reserves_carbs,NA
"virtue p., nichols p.d., nicol s., hosie g. (1996)","reproductive trade-off in male antarctic krill, euphausia superba",observation,days,summer,1993,Prydz Bay,fatty acid 14:0 male,NA,%,NA,adult,1.3,validation,spawning,state_var,tissue_reserves_carbs,NA
"virtue p., nichols p.d., nicol s., hosie g. (1996)","reproductive trade-off in male antarctic krill, euphausia superba",observation,days,summer,1993,Prydz Bay,fatty acid 16:1w7c male,NA,%,NA,adult,1.3,validation,spawning,state_var,tissue_reserves_carbs,NA
"virtue p., nichols p.d., nicol s., hosie g. (1996)","reproductive trade-off in male antarctic krill, euphausia superba",observation,days,summer,1993,Prydz Bay,fatty acid 16:0 male,NA,%,NA,adult,17.2,validation,spawning,state_var,tissue_reserves_carbs,NA
"virtue p., nichols p.d., nicol s., hosie g. (1996)","reproductive trade-off in male antarctic krill, euphausia superba",observation,days,summer,1993,Prydz Bay,fatty acid 18:4w3 male,NA,%,NA,adult,0.3,validation,spawning,state_var,tissue_reserves_carbs,NA
"virtue p., nichols p.d., nicol s., hosie g. (1996)","reproductive trade-off in male antarctic krill, euphausia superba",observation,days,summer,1993,Prydz Bay,fatty acid 18:2w6 male,NA,%,NA,adult,2.7,validation,spawning,state_var,tissue_reserves_carbs,NA
"virtue p., nichols p.d., nicol s., hosie g. (1996)","reproductive trade-off in male antarctic krill, euphausia superba",observation,days,summer,1993,Prydz Bay,fatty acid 18:3w3 male,NA,%,NA,adult,0.8,validation,spawning,state_var,tissue_reserves_carbs,NA
"virtue p., nichols p.d., nicol s., hosie g. (1996)","reproductive trade-off in male antarctic krill, euphausia superba",observation,days,summer,1993,Prydz Bay,fatty acid 18:1w9c male,NA,%,NA,adult,7.6,validation,spawning,state_var,tissue_reserves_carbs,NA
"virtue p., nichols p.d., nicol s., hosie g. (1996)","reproductive trade-off in male antarctic krill, euphausia superba",observation,days,summer,1993,Prydz Bay,fatty acid 18:1w7c male,NA,%,NA,adult,7.2,validation,spawning,state_var,tissue_reserves_carbs,NA
"virtue p., nichols p.d., nicol s., hosie g. (1996)","reproductive trade-off in male antarctic krill, euphausia superba",observation,days,summer,1993,Prydz Bay,fatty acid 18:0 male,NA,%,NA,adult,0.7,validation,spawning,state_var,tissue_reserves_carbs,NA
"virtue p., nichols p.d., nicol s., hosie g. (1996)","reproductive trade-off in male antarctic krill, euphausia superba",observation,days,summer,1993,Prydz Bay,fatty acid 20:4w6 male,NA,%,NA,adult,1.5,validation,spawning,state_var,tissue_reserves_carbs,NA
"virtue p., nichols p.d., nicol s., hosie g. (1996)","reproductive trade-off in male antarctic krill, euphausia superba",observation,days,summer,1993,Prydz Bay,fatty acid 20:5w3 male,NA,%,NA,adult,28.3,validation,spawning,state_var,tissue_reserves_carbs,NA
"virtue p., nichols p.d., nicol s., hosie g. (1996)","reproductive trade-off in male antarctic krill, euphausia superba",observation,days,summer,1993,Prydz Bay,fatty acid 22:6w3 male,NA,%,NA,adult,26.3,validation,spawning,state_var,tissue_reserves_carbs,NA
"virtue p., nichols p.d., nicol s., hosie g. (1996)","reproductive trade-off in male antarctic krill, euphausia superba",observation,days,summer,1993,Prydz Bay,fatty acid 14:0 female gravid,NA,%,NA,adult,10.4,validation,spawning,state_var,tissue_reserves_carbs,NA
"virtue p., nichols p.d., nicol s., hosie g. (1996)","reproductive trade-off in male antarctic krill, euphausia superba",observation,days,summer,1993,Prydz Bay,fatty acid 16:1w7c female gravid,NA,%,NA,adult,9.5,validation,spawning,state_var,tissue_reserves_carbs,NA
"virtue p., nichols p.d., nicol s., hosie g. (1996)","reproductive trade-off in male antarctic krill, euphausia superba",observation,days,summer,1993,Prydz Bay,fatty acid 16:0 female gravid,NA,%,NA,adult,20.7,validation,spawning,state_var,tissue_reserves_carbs,NA
"virtue p., nichols p.d., nicol s., hosie g. (1996)","reproductive trade-off in male antarctic krill, euphausia superba",observation,days,summer,1993,Prydz Bay,fatty acid 18:4w3 female gravid,NA,%,NA,adult,0.5,validation,spawning,state_var,tissue_reserves_carbs,NA
"virtue p., nichols p.d., nicol s., hosie g. (1996)","reproductive trade-off in male antarctic krill, euphausia superba",observation,days,summer,1993,Prydz Bay,fatty acid 18:2w6 female gravid,NA,%,NA,adult,2.7,validation,spawning,state_var,tissue_reserves_carbs,NA
"virtue p., nichols p.d., nicol s., hosie g. (1996)","reproductive trade-off in male antarctic krill, euphausia superba",observation,days,summer,1993,Prydz Bay,fatty acid 18:3w3 female gravid,NA,%,NA,adult,0.5,validation,spawning,state_var,tissue_reserves_carbs,NA
"virtue p., nichols p.d., nicol s., hosie g. (1996)","reproductive trade-off in male antarctic krill, euphausia superba",observation,days,summer,1993,Prydz Bay,fatty acid 18:1w9c female gravid,NA,%,NA,adult,10.6,validation,spawning,state_var,tissue_reserves_carbs,NA
"virtue p., nichols p.d., nicol s., hosie g. (1996)","reproductive trade-off in male antarctic krill, euphausia superba",observation,days,summer,1993,Prydz Bay,fatty acid 18:1w7c female gravid,NA,%,NA,adult,9.3,validation,spawning,state_var,tissue_reserves_carbs,NA
"virtue p., nichols p.d., nicol s., hosie g. (1996)","reproductive trade-off in male antarctic krill, euphausia superba",observation,days,summer,1993,Prydz Bay,fatty acid 18:0 female gravid,NA,%,NA,adult,0.7,validation,spawning,state_var,tissue_reserves_carbs,NA
"virtue p., nichols p.d., nicol s., hosie g. (1996)","reproductive trade-off in male antarctic krill, euphausia superba",observation,days,summer,1993,Prydz Bay,fatty acid 20:4w6 female gravid,NA,%,NA,adult,0,validation,spawning,state_var,tissue_reserves_carbs,NA
"virtue p., nichols p.d., nicol s., hosie g. (1996)","reproductive trade-off in male antarctic krill, euphausia superba",observation,days,summer,1993,Prydz Bay,fatty acid 20:5w3 female gravid,NA,%,NA,adult,18.3,validation,spawning,state_var,tissue_reserves_carbs,NA
"virtue p., nichols p.d., nicol s., hosie g. (1996)","reproductive trade-off in male antarctic krill, euphausia superba",observation,days,summer,1993,Prydz Bay,fatty acid 22:6w3 female gravid,NA,%,NA,adult,8.8,validation,spawning,state_var,tissue_reserves_carbs,NA
"virtue p., nichols p.d., nicol s., hosie g. (1996)","reproductive trade-off in male antarctic krill, euphausia superba",observation,days,summer,1993,Prydz Bay,fatty acid 14:0 female spent,NA,%,NA,adult,9.5,validation,spawning,state_var,tissue_reserves_carbs,NA
"virtue p., nichols p.d., nicol s., hosie g. (1996)","reproductive trade-off in male antarctic krill, euphausia superba",observation,days,summer,1993,Prydz Bay,fatty acid 16:1w7c female spent,NA,%,NA,adult,9.9,validation,spawning,state_var,tissue_reserves_carbs,NA
"virtue p., nichols p.d., nicol s., hosie g. (1996)","reproductive trade-off in male antarctic krill, euphausia superba",observation,days,summer,1993,Prydz Bay,fatty acid 16:0 female spent,NA,%,NA,adult,20.8,validation,spawning,state_var,tissue_reserves_carbs,NA
"virtue p., nichols p.d., nicol s., hosie g. (1996)","reproductive trade-off in male antarctic krill, euphausia superba",observation,days,summer,1993,Prydz Bay,fatty acid 18:4w3 female spent,NA,%,NA,adult,0.8,validation,spawning,state_var,tissue_reserves_carbs,NA
"virtue p., nichols p.d., nicol s., hosie g. (1996)","reproductive trade-off in male antarctic krill, euphausia superba",observation,days,summer,1993,Prydz Bay,fatty acid 18:2w6 female spent,NA,%,NA,adult,2.3,validation,spawning,state_var,tissue_reserves_carbs,NA
"virtue p., nichols p.d., nicol s., hosie g. (1996)","reproductive trade-off in male antarctic krill, euphausia superba",observation,days,summer,1993,Prydz Bay,fatty acid 18:3w3 female spent,NA,%,NA,adult,0.6,validation,spawning,state_var,tissue_reserves_carbs,NA
"virtue p., nichols p.d., nicol s., hosie g. (1996)","reproductive trade-off in male antarctic krill, euphausia superba",observation,days,summer,1993,Prydz Bay,fatty acid 18:1w9c female spent,NA,%,NA,adult,10.5,validation,spawning,state_var,tissue_reserves_carbs,NA
"virtue p., nichols p.d., nicol s., hosie g. (1996)","reproductive trade-off in male antarctic krill, euphausia superba",observation,days,summer,1993,Prydz Bay,fatty acid 18:1w7c female spent,NA,%,NA,adult,10.3,validation,spawning,state_var,tissue_reserves_carbs,NA
"virtue p., nichols p.d., nicol s., hosie g. (1996)","reproductive trade-off in male antarctic krill, euphausia superba",observation,days,summer,1993,Prydz Bay,fatty acid 18:0 female spent,NA,%,NA,adult,0.9,validation,spawning,state_var,tissue_reserves_carbs,NA
"virtue p., nichols p.d., nicol s., hosie g. (1996)","reproductive trade-off in male antarctic krill, euphausia superba",observation,days,summer,1993,Prydz Bay,fatty acid 20:4w6 female spent,NA,%,NA,adult,0.5,validation,spawning,state_var,tissue_reserves_carbs,NA
"virtue p., nichols p.d., nicol s., hosie g. (1996)","reproductive trade-off in male antarctic krill, euphausia superba",observation,days,summer,1993,Prydz Bay,fatty acid 20:5w3 female spent,NA,%,NA,adult,18.2,validation,spawning,state_var,tissue_reserves_carbs,NA
"virtue p., nichols p.d., nicol s., hosie g. (1996)","reproductive trade-off in male antarctic krill, euphausia superba",observation,days,summer,1993,Prydz Bay,fatty acid 22:6w3 female spent,NA,%,NA,adult,9.5,validation,spawning,state_var,tissue_reserves_carbs,NA
Sidhu et al. (1970),biochemical composition and nutritive value of krill (euphausia superba dana),observation,days,winter,1968,Tasman Sea,lipid content,NA,%DW,NA,adult,21.9,"parameter, validation",spawning,state_var,tissue_reserves_carbs,NA
Sidhu et al. (1970),biochemical composition and nutritive value of krill (euphausia superba dana),observation,days,winter,1968,Tasman Sea,protein content,NA,%DW,NA,adult,48.9,"parameter, validation",spawning,state_var,tissue_reserves_proteins,NA
Sidhu et al. (1970),biochemical composition and nutritive value of krill (euphausia superba dana),observation,days,winter,1968,Tasman Sea,fatty acid 12:0,NA,%,NA,adult,0.2,validation,spawning,state_var,tissue_reserves_carbs,NA
Sidhu et al. (1970),biochemical composition and nutritive value of krill (euphausia superba dana),observation,days,winter,1968,Tasman Sea,fatty acid 14:0,NA,%,NA,adult,18.7,validation,spawning,state_var,tissue_reserves_carbs,NA
Sidhu et al. (1970),biochemical composition and nutritive value of krill (euphausia superba dana),observation,days,winter,1968,Tasman Sea,fatty acid 14:1,NA,%,NA,adult,0.5,validation,spawning,state_var,tissue_reserves_carbs,NA
Sidhu et al. (1970),biochemical composition and nutritive value of krill (euphausia superba dana),observation,days,winter,1968,Tasman Sea,fatty acid 15:0,NA,%,NA,adult,0.6,validation,spawning,state_var,tissue_reserves_carbs,NA
Sidhu et al. (1970),biochemical composition and nutritive value of krill (euphausia superba dana),observation,days,winter,1968,Tasman Sea,fatty acid 16:0,NA,%,NA,adult,24,validation,spawning,state_var,tissue_reserves_carbs,NA
Sidhu et al. (1970),biochemical composition and nutritive value of krill (euphausia superba dana),observation,days,winter,1968,Tasman Sea,fatty acid 16:1,NA,%,NA,adult,11.2,validation,spawning,state_var,tissue_reserves_carbs,NA
Sidhu et al. (1970),biochemical composition and nutritive value of krill (euphausia superba dana),observation,days,winter,1968,Tasman Sea,fatty acid 17:0,NA,%,NA,adult,0.9,validation,spawning,state_var,tissue_reserves_carbs,NA
Sidhu et al. (1970),biochemical composition and nutritive value of krill (euphausia superba dana),observation,days,winter,1968,Tasman Sea,fatty acid 18:0,NA,%,NA,adult,0.9,validation,spawning,state_var,tissue_reserves_carbs,NA
Sidhu et al. (1970),biochemical composition and nutritive value of krill (euphausia superba dana),observation,days,winter,1968,Tasman Sea,fatty acid 18:1,NA,%,NA,adult,20.5,validation,spawning,state_var,tissue_reserves_carbs,NA
Sidhu et al. (1970),biochemical composition and nutritive value of krill (euphausia superba dana),observation,days,winter,1968,Tasman Sea,fatty acid 18:2,NA,%,NA,adult,2.3,validation,spawning,state_var,tissue_reserves_carbs,NA
Sidhu et al. (1970),biochemical composition and nutritive value of krill (euphausia superba dana),observation,days,winter,1968,Tasman Sea,fatty acid 20:1,NA,%,NA,adult,0.6,validation,spawning,state_var,tissue_reserves_carbs,NA
Sidhu et al. (1970),biochemical composition and nutritive value of krill (euphausia superba dana),observation,days,winter,1968,Tasman Sea,fatty acid 20:2,NA,%,NA,adult,0.6,validation,spawning,state_var,tissue_reserves_carbs,NA
Sidhu et al. (1970),biochemical composition and nutritive value of krill (euphausia superba dana),observation,days,winter,1968,Tasman Sea,fatty acid 22:5(n-3),NA,%,NA,adult,13.2,validation,spawning,state_var,tissue_reserves_carbs,NA
Sidhu et al. (1970),biochemical composition and nutritive value of krill (euphausia superba dana),observation,days,winter,1968,Tasman Sea,fatty acid 22:6,NA,%,NA,adult,5.9,validation,spawning,state_var,tissue_reserves_carbs,NA
Sidhu et al. (1970),biochemical composition and nutritive value of krill (euphausia superba dana),observation,days,autumn,1968,Ross Sea,lipid content,NA,%DW,NA,adult,27.4,"parameter, validation",spawning,state_var,tissue_reserves_carbs,NA
Sidhu et al. (1970),biochemical composition and nutritive value of krill (euphausia superba dana),observation,days,autumn,1968,Ross Sea,protein content,NA,%DW,NA,adult,49,"parameter, validation",spawning,state_var,tissue_reserves_proteins,NA
"ikeda t., mitchell a.w. (1982)","oxygen uptake, ammonia excretion and phosphate excretion by krill and other antarctic zooplankton in relation to their body size and chemical composition",observation,days,summer,1980,Wilkes Land,mean body dry weight DW 50-100mg,ORI-A net,ul O2 ind-1 h-1,17,adult,76.77,not assigned,spawning,state_var,tissue_reserves_carbs,NA
"ikeda t., mitchell a.w. (1982)","oxygen uptake, ammonia excretion and phosphate excretion by krill and other antarctic zooplankton in relation to their body size and chemical composition",observation,days,summer,1980,Wilkes Land,mean body dry weight DW 50-100mg,ORI-A net,ul O2 ind-1 h-1,17,adult,76.77,not assigned,spawning,state_var,tissue_reserves_proteins,NA
"ikeda t., mitchell a.w. (1982)","oxygen uptake, ammonia excretion and phosphate excretion by krill and other antarctic zooplankton in relation to their body size and chemical composition",observation,days,summer,1980,Wilkes Land,mean body dry weight DW 50-100mg,ORI-A net,ul O2 ind-1 h-1,17,adult,76.77,not assigned,spawning,state_var,tissue_reserves_lipids,NA
"ikeda t., mitchell a.w. (1982)","oxygen uptake, ammonia excretion and phosphate excretion by krill and other antarctic zooplankton in relation to their body size and chemical composition",observation,days,summer,1980,Wilkes Land,mean body dry weight DW 100-200mg,ORI-A net,ul O2 ind-1 h-1,26,adult,142.86,not assigned,spawning,state_var,tissue_reserves_carbs,NA
"ikeda t., mitchell a.w. (1982)","oxygen uptake, ammonia excretion and phosphate excretion by krill and other antarctic zooplankton in relation to their body size and chemical composition",observation,days,summer,1980,Wilkes Land,mean body dry weight DW 100-200mg,ORI-A net,ul O2 ind-1 h-1,26,adult,142.86,not assigned,spawning,state_var,tissue_reserves_proteins,NA
"ikeda t., mitchell a.w. (1982)","oxygen uptake, ammonia excretion and phosphate excretion by krill and other antarctic zooplankton in relation to their body size and chemical composition",observation,days,summer,1980,Wilkes Land,mean body dry weight DW 100-200mg,ORI-A net,ul O2 ind-1 h-1,26,adult,142.86,not assigned,spawning,state_var,tissue_reserves_lipids,NA
"ikeda t., mitchell a.w. (1982)","oxygen uptake, ammonia excretion and phosphate excretion by krill and other antarctic zooplankton in relation to their body size and chemical composition",observation,days,summer,1980,Wilkes Land,mean body dry weight DW 200-300mg,ORI-A net,ul O2 ind-1 h-1,7,adult,237.68,not assigned,spawning,state_var,tissue_reserves_carbs,NA
"ikeda t., mitchell a.w. (1982)","oxygen uptake, ammonia excretion and phosphate excretion by krill and other antarctic zooplankton in relation to their body size and chemical composition",observation,days,summer,1980,Wilkes Land,mean body dry weight DW 200-300mg,ORI-A net,ul O2 ind-1 h-1,7,adult,237.68,not assigned,spawning,state_var,tissue_reserves_proteins,NA
"ikeda t., mitchell a.w. (1982)","oxygen uptake, ammonia excretion and phosphate excretion by krill and other antarctic zooplankton in relation to their body size and chemical composition",observation,days,summer,1980,Wilkes Land,mean body dry weight DW 200-300mg,ORI-A net,ul O2 ind-1 h-1,7,adult,237.68,not assigned,spawning,state_var,tissue_reserves_lipids,NA
"ikeda t., mitchell a.w. (1982)","oxygen uptake, ammonia excretion and phosphate excretion by krill and other antarctic zooplankton in relation to their body size and chemical composition",observation,days,summer,1980,Wilkes Land,mean body dry weight DW >300mg,ORI-A net,ul O2 ind-1 h-1,7,adult,353.78,not assigned,spawning,state_var,tissue_reserves_carbs,NA
"ikeda t., mitchell a.w. (1982)","oxygen uptake, ammonia excretion and phosphate excretion by krill and other antarctic zooplankton in relation to their body size and chemical composition",observation,days,summer,1980,Wilkes Land,mean body dry weight DW >300mg,ORI-A net,ul O2 ind-1 h-1,7,adult,353.78,not assigned,spawning,state_var,tissue_reserves_proteins,NA
"ikeda t., mitchell a.w. (1982)","oxygen uptake, ammonia excretion and phosphate excretion by krill and other antarctic zooplankton in relation to their body size and chemical composition",observation,days,summer,1980,Wilkes Land,mean body dry weight DW >300mg,ORI-A net,ul O2 ind-1 h-1,7,adult,353.78,not assigned,spawning,state_var,tissue_reserves_lipids,NA
"ikeda t., mitchell a.w. (1982)","oxygen uptake, ammonia excretion and phosphate excretion by krill and other antarctic zooplankton in relation to their body size and chemical composition",observation,days,summer,1980,Wilkes Land,oxygen uptake rate DW 50-100mg,ORI-A net,ul O2 ind-1 h-1,17,adult,33.84,"parameter, validation",spawning,function,maintenance _respiration,temperature
"ikeda t., mitchell a.w. (1982)","oxygen uptake, ammonia excretion and phosphate excretion by krill and other antarctic zooplankton in relation to their body size and chemical composition",observation,days,summer,1980,Wilkes Land,oxygen uptake rate DW 100-200mg,ORI-A net,ul O2 ind-1 h-1,26,adult,58.23,"parameter, validation",spawning,function,maintenance _respiration,temperature
"ikeda t., mitchell a.w. (1982)","oxygen uptake, ammonia excretion and phosphate excretion by krill and other antarctic zooplankton in relation to their body size and chemical composition",observation,days,summer,1980,Wilkes Land,oxygen uptake rate DW 200-300mg,ORI-A net,ul O2 ind-1 h-1,7,adult,90.64,"parameter, validation",spawning,function,maintenance _respiration,temperature
"ikeda t., mitchell a.w. (1982)","oxygen uptake, ammonia excretion and phosphate excretion by krill and other antarctic zooplankton in relation to their body size and chemical composition",observation,days,summer,1980,Wilkes Land,oxygen uptake rate DW >300mg,ORI-A net,ul O2 ind-1 h-1,7,adult,123.57,"parameter, validation",spawning,function,maintenance _respiration,temperature
"ikeda t., mitchell a.w. (1982)","oxygen uptake, ammonia excretion and phosphate excretion by krill and other antarctic zooplankton in relation to their body size and chemical composition",observation,days,summer,1980,Wilkes Land,ammonia excretion rate DW 50-100mg,ORI-A net,ug N in-1 h-1,17,adult,2.63,"parameter, validation",spawning,function,maintenance _excretion,temperature
"ikeda t., mitchell a.w. (1982)","oxygen uptake, ammonia excretion and phosphate excretion by krill and other antarctic zooplankton in relation to their body size and chemical composition",observation,days,summer,1980,Wilkes Land,ammonia excretion rate DW 100-200mg,ORI-A net,ug N in-1 h-1,26,adult,4.35,"parameter, validation",spawning,function,maintenance _excretion,temperature
"ikeda t., mitchell a.w. (1982)","oxygen uptake, ammonia excretion and phosphate excretion by krill and other antarctic zooplankton in relation to their body size and chemical composition",observation,days,summer,1980,Wilkes Land,ammonia excretion rate DW 200-300mg,ORI-A net,ug N in-1 h-1,7,adult,6.98,"parameter, validation",spawning,function,maintenance _excretion,temperature
"ikeda t., mitchell a.w. (1982)","oxygen uptake, ammonia excretion and phosphate excretion by krill and other antarctic zooplankton in relation to their body size and chemical composition",observation,days,summer,1980,Wilkes Land,ammonia excretion rate DW >300mg,ORI-A net,ug N in-1 h-1,7,adult,10.28,"parameter, validation",spawning,function,maintenance _excretion,temperature
"ikeda t., mitchell a.w. (1982)","oxygen uptake, ammonia excretion and phosphate excretion by krill and other antarctic zooplankton in relation to their body size and chemical composition",observation,days,summer,1980,Wilkes Land,phosphate excretion rate DW 50-100mg,ORI-A net,ug P in-1 h-1,17,adult,0.5,"parameter, validation",spawning,function,maintenance _excretion,temperature
"ikeda t., mitchell a.w. (1982)","oxygen uptake, ammonia excretion and phosphate excretion by krill and other antarctic zooplankton in relation to their body size and chemical composition",observation,days,summer,1980,Wilkes Land,phosphate excretion rate DW 100-200mg,ORI-A net,ug P in-1 h-1,26,adult,0.83,"parameter, validation",spawning,function,maintenance _excretion,temperature
"ikeda t., mitchell a.w. (1982)","oxygen uptake, ammonia excretion and phosphate excretion by krill and other antarctic zooplankton in relation to their body size and chemical composition",observation,days,summer,1980,Wilkes Land,phosphate excretion rate DW 200-300mg,ORI-A net,ug P in-1 h-1,7,adult,1.11,"parameter, validation",spawning,function,maintenance _excretion,temperature
"ikeda t., mitchell a.w. (1982)","oxygen uptake, ammonia excretion and phosphate excretion by krill and other antarctic zooplankton in relation to their body size and chemical composition",observation,days,summer,1980,Wilkes Land,phosphate excretion rate DW >300mg,ORI-A net,ug P in-1 h-1,7,adult,1.62,"parameter, validation",spawning,function,maintenance _excretion,temperature
"ikeda t., mitchell a.w. (1982)","oxygen uptake, ammonia excretion and phosphate excretion by krill and other antarctic zooplankton in relation to their body size and chemical composition",observation,days,summer,1980,Wilkes Land,carbon content DW 50-100mg,ORI-A net,%DW,17,adult,44.7,"parameter, validation",spawning,state_var,tissue_reserves_carbs,NA
"ikeda t., mitchell a.w. (1982)","oxygen uptake, ammonia excretion and phosphate excretion by krill and other antarctic zooplankton in relation to their body size and chemical composition",observation,days,summer,1980,Wilkes Land,carbon content DW 100-200mg,ORI-A net,%DW,26,adult,46.6,"parameter, validation",spawning,state_var,tissue_reserves_carbs,NA
"ikeda t., mitchell a.w. (1982)","oxygen uptake, ammonia excretion and phosphate excretion by krill and other antarctic zooplankton in relation to their body size and chemical composition",observation,days,summer,1980,Wilkes Land,carbon content DW 200-300mg,ORI-A net,%DW,7,adult,47.4,"parameter, validation",spawning,state_var,tissue_reserves_carbs,NA
"ikeda t., mitchell a.w. (1982)","oxygen uptake, ammonia excretion and phosphate excretion by krill and other antarctic zooplankton in relation to their body size and chemical composition",observation,days,summer,1980,Wilkes Land,carbon content DW >300mg,ORI-A net,%DW,7,adult,47.5,"parameter, validation",spawning,state_var,tissue_reserves_carbs,NA
"ikeda t., mitchell a.w. (1982)","oxygen uptake, ammonia excretion and phosphate excretion by krill and other antarctic zooplankton in relation to their body size and chemical composition",observation,days,summer,1980,Wilkes Land,nitrogen content DW 50-100mg,ORI-A net,%DW,17,adult,10.2,"parameter, validation",spawning,state_var,tissue_reserves_proteins,NA
"ikeda t., mitchell a.w. (1982)","oxygen uptake, ammonia excretion and phosphate excretion by krill and other antarctic zooplankton in relation to their body size and chemical composition",observation,days,summer,1980,Wilkes Land,nitrogen content DW 50-100mg,ORI-A net,%DW,17,adult,10.2,"parameter, validation",spawning,state_var,tissue_reserves_lipids,NA
"ikeda t., mitchell a.w. (1982)","oxygen uptake, ammonia excretion and phosphate excretion by krill and other antarctic zooplankton in relation to their body size and chemical composition",observation,days,summer,1980,Wilkes Land,nitrogen content DW 100-200mg,ORI-A net,%DW,26,adult,9.9,"parameter, validation",spawning,state_var,tissue_reserves_proteins,NA
"ikeda t., mitchell a.w. (1982)","oxygen uptake, ammonia excretion and phosphate excretion by krill and other antarctic zooplankton in relation to their body size and chemical composition",observation,days,summer,1980,Wilkes Land,nitrogen content DW 100-200mg,ORI-A net,%DW,26,adult,9.9,"parameter, validation",spawning,state_var,tissue_reserves_lipids,NA
"ikeda t., mitchell a.w. (1982)","oxygen uptake, ammonia excretion and phosphate excretion by krill and other antarctic zooplankton in relation to their body size and chemical composition",observation,days,summer,1980,Wilkes Land,nitrogen content DW 200-300mg,ORI-A net,%DW,7,adult,10.2,"parameter, validation",spawning,state_var,tissue_reserves_proteins,NA
"ikeda t., mitchell a.w. (1982)","oxygen uptake, ammonia excretion and phosphate excretion by krill and other antarctic zooplankton in relation to their body size and chemical composition",observation,days,summer,1980,Wilkes Land,nitrogen content DW 200-300mg,ORI-A net,%DW,7,adult,10.2,"parameter, validation",spawning,state_var,tissue_reserves_lipids,NA
"ikeda t., mitchell a.w. (1982)","oxygen uptake, ammonia excretion and phosphate excretion by krill and other antarctic zooplankton in relation to their body size and chemical composition",observation,days,summer,1980,Wilkes Land,nitrogen content DW >300mg,ORI-A net,%DW,7,adult,10.3,"parameter, validation",spawning,state_var,tissue_reserves_proteins,NA
"ikeda t., mitchell a.w. (1982)","oxygen uptake, ammonia excretion and phosphate excretion by krill and other antarctic zooplankton in relation to their body size and chemical composition",observation,days,summer,1980,Wilkes Land,nitrogen content DW >300mg,ORI-A net,%DW,7,adult,10.3,"parameter, validation",spawning,state_var,tissue_reserves_lipids,NA
"ikeda t., mitchell a.w. (1982)","oxygen uptake, ammonia excretion and phosphate excretion by krill and other antarctic zooplankton in relation to their body size and chemical composition",observation,days,summer,1980,Wilkes Land,phosphorus content DW 50-100mg,ORI-A net,%DW,17,adult,0.89,"parameter, validation",spawning,state_var,tissue_reserves_proteins,NA
"ikeda t., mitchell a.w. (1982)","oxygen uptake, ammonia excretion and phosphate excretion by krill and other antarctic zooplankton in relation to their body size and chemical composition",observation,days,summer,1980,Wilkes Land,phosphorus content DW 50-100mg,ORI-A net,%DW,17,adult,0.89,"parameter, validation",spawning,state_var,tissue_reserves_lipids,NA
"ikeda t., mitchell a.w. (1982)","oxygen uptake, ammonia excretion and phosphate excretion by krill and other antarctic zooplankton in relation to their body size and chemical composition",observation,days,summer,1980,Wilkes Land,phosphorus content DW 100-200mg,ORI-A net,%DW,26,adult,0.75,"parameter, validation",spawning,state_var,tissue_reserves_proteins,NA
"ikeda t., mitchell a.w. (1982)","oxygen uptake, ammonia excretion and phosphate excretion by krill and other antarctic zooplankton in relation to their body size and chemical composition",observation,days,summer,1980,Wilkes Land,phosphorus content DW 100-200mg,ORI-A net,%DW,26,adult,0.75,"parameter, validation",spawning,state_var,tissue_reserves_lipids,NA
"ikeda t., mitchell a.w. (1982)","oxygen uptake, ammonia excretion and phosphate excretion by krill and other antarctic zooplankton in relation to their body size and chemical composition",observation,days,summer,1980,Wilkes Land,phosphorus content DW 200-300mg,ORI-A net,%DW,7,adult,0.81,"parameter, validation",spawning,state_var,tissue_reserves_proteins,NA
"ikeda t., mitchell a.w. (1982)","oxygen uptake, ammonia excretion and phosphate excretion by krill and other antarctic zooplankton in relation to their body size and chemical composition",observation,days,summer,1980,Wilkes Land,phosphorus content DW 200-300mg,ORI-A net,%DW,7,adult,0.81,"parameter, validation",spawning,state_var,tissue_reserves_lipids,NA
"ikeda t., mitchell a.w. (1982)","oxygen uptake, ammonia excretion and phosphate excretion by krill and other antarctic zooplankton in relation to their body size and chemical composition",observation,days,summer,1980,Wilkes Land,phosphorus content DW >300mg,ORI-A net,%DW,7,adult,0.78,"parameter, validation",spawning,state_var,tissue_reserves_proteins,NA
"ikeda t., mitchell a.w. (1982)","oxygen uptake, ammonia excretion and phosphate excretion by krill and other antarctic zooplankton in relation to their body size and chemical composition",observation,days,summer,1980,Wilkes Land,phosphorus content DW >300mg,ORI-A net,%DW,7,adult,0.78,"parameter, validation",spawning,state_var,tissue_reserves_lipids,NA
"ikeda t., mitchell a.w. (1982)","oxygen uptake, ammonia excretion and phosphate excretion by krill and other antarctic zooplankton in relation to their body size and chemical composition",observation,days,summer,1980,Wilkes Land,oxygen uptake as function of dry mass,ORI-A net,ul O2 mg DW-1 h-1,77,NA,logY = -0.101 + 0.862*log(DW),parameter,spawning,function,maintenance _respiration,temperature
"ikeda t., mitchell a.w. (1982)","oxygen uptake, ammonia excretion and phosphate excretion by krill and other antarctic zooplankton in relation to their body size and chemical composition",observation,days,summer,1980,Wilkes Land,ammonia excretion as function of dry mass,ORI-A net,ul N mg DW-1 h-1,77,NA,logY = -1.024 + 0.771*log(DW),parameter,spawning,function,maintenance _excretion,temperature
"ikeda t., mitchell a.w. (1982)","oxygen uptake, ammonia excretion and phosphate excretion by krill and other antarctic zooplankton in relation to their body size and chemical composition",observation,days,summer,1980,Wilkes Land,phosphorus excretion as function of dry mass,ORI-A net,ul P mg DW-1 h-1,77,NA,logY = -1.658 + 0.703*log(DW),parameter,spawning,function,maintenance _excretion,temperature
"ikeda t., mitchell a.w. (1982)","oxygen uptake, ammonia excretion and phosphate excretion by krill and other antarctic zooplankton in relation to their body size and chemical composition",observation,days,summer,1980,Wilkes Land,daily carbon loss DW 50-100mg,ORI-A net,%C d-1,17,adult,1,"parameter, validation",spawning,state_var,tissue_reserves_carbs,NA
"ikeda t., mitchell a.w. (1982)","oxygen uptake, ammonia excretion and phosphate excretion by krill and other antarctic zooplankton in relation to their body size and chemical composition",observation,days,summer,1980,Wilkes Land,daily carbon loss DW 50-100mg,ORI-A net,%C d-1,17,adult,1,"parameter, validation",spawning,function,maintenance _respiration,temperature
"ikeda t., mitchell a.w. (1982)","oxygen uptake, ammonia excretion and phosphate excretion by krill and other antarctic zooplankton in relation to their body size and chemical composition",observation,days,summer,1980,Wilkes Land,daily carbon loss DW 100-200mg,ORI-A net,%C d-1,26,adult,0.9,"parameter, validation",spawning,state_var,tissue_reserves_carbs,NA
"ikeda t., mitchell a.w. (1982)","oxygen uptake, ammonia excretion and phosphate excretion by krill and other antarctic zooplankton in relation to their body size and chemical composition",observation,days,summer,1980,Wilkes Land,daily carbon loss DW 100-200mg,ORI-A net,%C d-1,26,adult,0.9,"parameter, validation",spawning,function,maintenance _respiration,temperature
"ikeda t., mitchell a.w. (1982)","oxygen uptake, ammonia excretion and phosphate excretion by krill and other antarctic zooplankton in relation to their body size and chemical composition",observation,days,summer,1980,Wilkes Land,daily carbon loss DW 200-300mg,ORI-A net,%C d-1,7,adult,0.84,"parameter, validation",spawning,state_var,tissue_reserves_carbs,NA
"ikeda t., mitchell a.w. (1982)","oxygen uptake, ammonia excretion and phosphate excretion by krill and other antarctic zooplankton in relation to their body size and chemical composition",observation,days,summer,1980,Wilkes Land,daily carbon loss DW 200-300mg,ORI-A net,%C d-1,7,adult,0.84,"parameter, validation",spawning,function,maintenance _respiration,temperature
"ikeda t., mitchell a.w. (1982)","oxygen uptake, ammonia excretion and phosphate excretion by krill and other antarctic zooplankton in relation to their body size and chemical composition",observation,days,summer,1980,Wilkes Land,daily carbon loss DW >300mg,ORI-A net,%C d-1,7,adult,0.76,"parameter, validation",spawning,state_var,tissue_reserves_carbs,NA
"ikeda t., mitchell a.w. (1982)","oxygen uptake, ammonia excretion and phosphate excretion by krill and other antarctic zooplankton in relation to their body size and chemical composition",observation,days,summer,1980,Wilkes Land,daily carbon loss DW >300mg,ORI-A net,%C d-1,7,adult,0.76,"parameter, validation",spawning,function,maintenance _respiration,temperature
"ikeda t., mitchell a.w. (1982)","oxygen uptake, ammonia excretion and phosphate excretion by krill and other antarctic zooplankton in relation to their body size and chemical composition",observation,days,summer,1980,Wilkes Land,daily nitrogen loss DW 50-100mg,ORI-A net,%C d-1,17,adult,0.82,"parameter, validation",spawning,state_var,tissue_reserves_proteins,NA
"ikeda t., mitchell a.w. (1982)","oxygen uptake, ammonia excretion and phosphate excretion by krill and other antarctic zooplankton in relation to their body size and chemical composition",observation,days,summer,1980,Wilkes Land,daily nitrogen loss DW 50-100mg,ORI-A net,%C d-1,17,adult,0.82,"parameter, validation",spawning,state_var,tissue_reserves_lipids,NA
"ikeda t., mitchell a.w. (1982)","oxygen uptake, ammonia excretion and phosphate excretion by krill and other antarctic zooplankton in relation to their body size and chemical composition",observation,days,summer,1980,Wilkes Land,daily nitrogen loss DW 50-100mg,ORI-A net,%C d-1,17,adult,0.82,"parameter, validation",spawning,function,maintenance _respiration,temperature
"ikeda t., mitchell a.w. (1982)","oxygen uptake, ammonia excretion and phosphate excretion by krill and other antarctic zooplankton in relation to their body size and chemical composition",observation,days,summer,1980,Wilkes Land,daily nitrogen loss DW 100-200mg,ORI-A net,%C d-1,26,adult,0.76,"parameter, validation",spawning,state_var,tissue_reserves_proteins,NA
"ikeda t., mitchell a.w. (1982)","oxygen uptake, ammonia excretion and phosphate excretion by krill and other antarctic zooplankton in relation to their body size and chemical composition",observation,days,summer,1980,Wilkes Land,daily nitrogen loss DW 100-200mg,ORI-A net,%C d-1,26,adult,0.76,"parameter, validation",spawning,state_var,tissue_reserves_lipids,NA
"ikeda t., mitchell a.w. (1982)","oxygen uptake, ammonia excretion and phosphate excretion by krill and other antarctic zooplankton in relation to their body size and chemical composition",observation,days,summer,1980,Wilkes Land,daily nitrogen loss DW 100-200mg,ORI-A net,%C d-1,26,adult,0.76,"parameter, validation",spawning,function,maintenance _respiration,temperature
"ikeda t., mitchell a.w. (1982)","oxygen uptake, ammonia excretion and phosphate excretion by krill and other antarctic zooplankton in relation to their body size and chemical composition",observation,days,summer,1980,Wilkes Land,daily nitrogen loss DW 200-300mg,ORI-A net,%C d-1,7,adult,0.68,"parameter, validation",spawning,state_var,tissue_reserves_proteins,NA
"ikeda t., mitchell a.w. (1982)","oxygen uptake, ammonia excretion and phosphate excretion by krill and other antarctic zooplankton in relation to their body size and chemical composition",observation,days,summer,1980,Wilkes Land,daily nitrogen loss DW 200-300mg,ORI-A net,%C d-1,7,adult,0.68,"parameter, validation",spawning,state_var,tissue_reserves_lipids,NA
"ikeda t., mitchell a.w. (1982)","oxygen uptake, ammonia excretion and phosphate excretion by krill and other antarctic zooplankton in relation to their body size and chemical composition",observation,days,summer,1980,Wilkes Land,daily nitrogen loss DW 200-300mg,ORI-A net,%C d-1,7,adult,0.68,"parameter, validation",spawning,function,maintenance _respiration,temperature
"ikeda t., mitchell a.w. (1982)","oxygen uptake, ammonia excretion and phosphate excretion by krill and other antarctic zooplankton in relation to their body size and chemical composition",observation,days,summer,1980,Wilkes Land,daily nitrogen loss DW >300mg,ORI-A net,%C d-1,7,adult,0.69,"parameter, validation",spawning,state_var,tissue_reserves_proteins,NA
"ikeda t., mitchell a.w. (1982)","oxygen uptake, ammonia excretion and phosphate excretion by krill and other antarctic zooplankton in relation to their body size and chemical composition",observation,days,summer,1980,Wilkes Land,daily nitrogen loss DW >300mg,ORI-A net,%C d-1,7,adult,0.69,"parameter, validation",spawning,state_var,tissue_reserves_lipids,NA
"ikeda t., mitchell a.w. (1982)","oxygen uptake, ammonia excretion and phosphate excretion by krill and other antarctic zooplankton in relation to their body size and chemical composition",observation,days,summer,1980,Wilkes Land,daily nitrogen loss DW >300mg,ORI-A net,%C d-1,7,adult,0.69,"parameter, validation",spawning,function,maintenance _respiration,temperature
"ikeda t., mitchell a.w. (1982)","oxygen uptake, ammonia excretion and phosphate excretion by krill and other antarctic zooplankton in relation to their body size and chemical composition",observation,days,summer,1980,Wilkes Land,daily phosphorus loss DW 50-100mg,ORI-A net,%C d-1,17,adult,1.9,"parameter, validation",spawning,state_var,tissue_reserves_proteins,NA
"ikeda t., mitchell a.w. (1982)","oxygen uptake, ammonia excretion and phosphate excretion by krill and other antarctic zooplankton in relation to their body size and chemical composition",observation,days,summer,1980,Wilkes Land,daily phosphorus loss DW 50-100mg,ORI-A net,%C d-1,17,adult,1.9,"parameter, validation",spawning,state_var,tissue_reserves_lipids,NA
"ikeda t., mitchell a.w. (1982)","oxygen uptake, ammonia excretion and phosphate excretion by krill and other antarctic zooplankton in relation to their body size and chemical composition",observation,days,summer,1980,Wilkes Land,daily phosphorus loss DW 50-100mg,ORI-A net,%C d-1,17,adult,1.9,"parameter, validation",spawning,function,maintenance _respiration,temperature
"ikeda t., mitchell a.w. (1982)","oxygen uptake, ammonia excretion and phosphate excretion by krill and other antarctic zooplankton in relation to their body size and chemical composition",observation,days,summer,1980,Wilkes Land,daily phosphorus loss DW 100-200mg,ORI-A net,%C d-1,26,adult,1.86,"parameter, validation",spawning,state_var,tissue_reserves_proteins,NA
"ikeda t., mitchell a.w. (1982)","oxygen uptake, ammonia excretion and phosphate excretion by krill and other antarctic zooplankton in relation to their body size and chemical composition",observation,days,summer,1980,Wilkes Land,daily phosphorus loss DW 100-200mg,ORI-A net,%C d-1,26,adult,1.86,"parameter, validation",spawning,state_var,tissue_reserves_lipids,NA
"ikeda t., mitchell a.w. (1982)","oxygen uptake, ammonia excretion and phosphate excretion by krill and other antarctic zooplankton in relation to their body size and chemical composition",observation,days,summer,1980,Wilkes Land,daily phosphorus loss DW 100-200mg,ORI-A net,%C d-1,26,adult,1.86,"parameter, validation",spawning,function,maintenance _respiration,temperature
"ikeda t., mitchell a.w. (1982)","oxygen uptake, ammonia excretion and phosphate excretion by krill and other antarctic zooplankton in relation to their body size and chemical composition",observation,days,summer,1980,Wilkes Land,daily phosphorus loss DW 200-300mg,ORI-A net,%C d-1,7,adult,1.38,"parameter, validation",spawning,state_var,tissue_reserves_proteins,NA
"ikeda t., mitchell a.w. (1982)","oxygen uptake, ammonia excretion and phosphate excretion by krill and other antarctic zooplankton in relation to their body size and chemical composition",observation,days,summer,1980,Wilkes Land,daily phosphorus loss DW 200-300mg,ORI-A net,%C d-1,7,adult,1.38,"parameter, validation",spawning,state_var,tissue_reserves_lipids,NA
"ikeda t., mitchell a.w. (1982)","oxygen uptake, ammonia excretion and phosphate excretion by krill and other antarctic zooplankton in relation to their body size and chemical composition",observation,days,summer,1980,Wilkes Land,daily phosphorus loss DW 200-300mg,ORI-A net,%C d-1,7,adult,1.38,"parameter, validation",spawning,function,maintenance _respiration,temperature
"ikeda t., mitchell a.w. (1982)","oxygen uptake, ammonia excretion and phosphate excretion by krill and other antarctic zooplankton in relation to their body size and chemical composition",observation,days,summer,1980,Wilkes Land,daily phosphorus loss DW >300mg,ORI-A net,%C d-1,7,adult,1.47,"parameter, validation",spawning,state_var,tissue_reserves_proteins,NA
"ikeda t., mitchell a.w. (1982)","oxygen uptake, ammonia excretion and phosphate excretion by krill and other antarctic zooplankton in relation to their body size and chemical composition",observation,days,summer,1980,Wilkes Land,daily phosphorus loss DW >300mg,ORI-A net,%C d-1,7,adult,1.47,"parameter, validation",spawning,state_var,tissue_reserves_lipids,NA
"ikeda t., mitchell a.w. (1982)","oxygen uptake, ammonia excretion and phosphate excretion by krill and other antarctic zooplankton in relation to their body size and chemical composition",observation,days,summer,1980,Wilkes Land,daily phosphorus loss DW >300mg,ORI-A net,%C d-1,7,adult,1.47,"parameter, validation",spawning,function,maintenance _respiration,temperature
bottino n.r. (1975),the fatty acids of antarctic phytoplankton and euphausiids. fatty acid exchange among trophic levels of the ross sea,observation,days,summer,1972,Ross Sea,fatty acid 12:0,NA,%,NA,adult,0.2,"parameter, validation",spawning,state_var,tissue_reserves_carbs,NA
bottino n.r. (1975),the fatty acids of antarctic phytoplankton and euphausiids. fatty acid exchange among trophic levels of the ross sea,observation,days,summer,1972,Ross Sea,fatty acid 14:0,NA,%,NA,adult,14,"parameter, validation",spawning,state_var,tissue_reserves_carbs,NA
bottino n.r. (1975),the fatty acids of antarctic phytoplankton and euphausiids. fatty acid exchange among trophic levels of the ross sea,observation,days,summer,1972,Ross Sea,fatty acid 15:0,NA,%,NA,adult,0.4,"parameter, validation",spawning,state_var,tissue_reserves_carbs,NA
bottino n.r. (1975),the fatty acids of antarctic phytoplankton and euphausiids. fatty acid exchange among trophic levels of the ross sea,observation,days,summer,1972,Ross Sea,fatty acid 16:0,NA,%,NA,adult,22.3,"parameter, validation",spawning,state_var,tissue_reserves_carbs,NA
bottino n.r. (1975),the fatty acids of antarctic phytoplankton and euphausiids. fatty acid exchange among trophic levels of the ross sea,observation,days,summer,1972,Ross Sea,fatty acid 18:0,NA,%,NA,adult,1,"parameter, validation",spawning,state_var,tissue_reserves_carbs,NA
bottino n.r. (1975),the fatty acids of antarctic phytoplankton and euphausiids. fatty acid exchange among trophic levels of the ross sea,observation,days,summer,1972,Ross Sea,fatty acid 16:1(n-?),NA,%,NA,adult,9.5,"parameter, validation",spawning,state_var,tissue_reserves_carbs,NA
bottino n.r. (1975),the fatty acids of antarctic phytoplankton and euphausiids. fatty acid exchange among trophic levels of the ross sea,observation,days,summer,1972,Ross Sea,fatty acid 17:1(n-?),NA,%,NA,adult,0.5,"parameter, validation",spawning,state_var,tissue_reserves_carbs,NA
bottino n.r. (1975),the fatty acids of antarctic phytoplankton and euphausiids. fatty acid exchange among trophic levels of the ross sea,observation,days,summer,1972,Ross Sea,fatty acid 18:1(n-9),NA,%,NA,adult,20.8,"parameter, validation",spawning,state_var,tissue_reserves_carbs,NA
bottino n.r. (1975),the fatty acids of antarctic phytoplankton and euphausiids. fatty acid exchange among trophic levels of the ross sea,observation,days,summer,1972,Ross Sea,fatty acid 20:1(n-9),NA,%,NA,adult,0.9,"parameter, validation",spawning,state_var,tissue_reserves_carbs,NA
bottino n.r. (1975),the fatty acids of antarctic phytoplankton and euphausiids. fatty acid exchange among trophic levels of the ross sea,observation,days,summer,1972,Ross Sea,fatty acid 18:2(n-6),NA,%,NA,adult,0.2,"parameter, validation",spawning,state_var,tissue_reserves_carbs,NA
bottino n.r. (1975),the fatty acids of antarctic phytoplankton and euphausiids. fatty acid exchange among trophic levels of the ross sea,observation,days,summer,1972,Ross Sea,fatty acid 18:2(n-3),NA,%,NA,adult,2.4,"parameter, validation",spawning,state_var,tissue_reserves_carbs,NA
bottino n.r. (1975),the fatty acids of antarctic phytoplankton and euphausiids. fatty acid exchange among trophic levels of the ross sea,observation,days,summer,1972,Ross Sea,fatty acid 18:3(n-6),NA,%,NA,adult,0.2,"parameter, validation",spawning,state_var,tissue_reserves_carbs,NA
bottino n.r. (1975),the fatty acids of antarctic phytoplankton and euphausiids. fatty acid exchange among trophic levels of the ross sea,observation,days,summer,1972,Ross Sea,fatty acid 18:3(n-3),NA,%,NA,adult,1.2,"parameter, validation",spawning,state_var,tissue_reserves_carbs,NA
bottino n.r. (1975),the fatty acids of antarctic phytoplankton and euphausiids. fatty acid exchange among trophic levels of the ross sea,observation,days,summer,1972,Ross Sea,fatty acid 20:3(n-3),NA,%,NA,adult,0.5,"parameter, validation",spawning,state_var,tissue_reserves_carbs,NA
bottino n.r. (1975),the fatty acids of antarctic phytoplankton and euphausiids. fatty acid exchange among trophic levels of the ross sea,observation,days,summer,1972,Ross Sea,fatty acid 18:4(n-3),NA,%,NA,adult,2.7,"parameter, validation",spawning,state_var,tissue_reserves_carbs,NA
bottino n.r. (1975),the fatty acids of antarctic phytoplankton and euphausiids. fatty acid exchange among trophic levels of the ross sea,observation,days,summer,1972,Ross Sea,fatty acid 20:4(n-6),NA,%,NA,adult,0.4,"parameter, validation",spawning,state_var,tissue_reserves_carbs,NA
bottino n.r. (1975),the fatty acids of antarctic phytoplankton and euphausiids. fatty acid exchange among trophic levels of the ross sea,observation,days,summer,1972,Ross Sea,fatty acid 20:4(n-3),NA,%,NA,adult,0.4,"parameter, validation",spawning,state_var,tissue_reserves_carbs,NA
bottino n.r. (1975),the fatty acids of antarctic phytoplankton and euphausiids. fatty acid exchange among trophic levels of the ross sea,observation,days,summer,1972,Ross Sea,fatty acid 22:4(n-6),NA,%,NA,adult,0.2,"parameter, validation",spawning,state_var,tissue_reserves_carbs,NA
bottino n.r. (1975),the fatty acids of antarctic phytoplankton and euphausiids. fatty acid exchange among trophic levels of the ross sea,observation,days,summer,1972,Ross Sea,fatty acid 20:5(n-3),NA,%,NA,adult,13.1,"parameter, validation",spawning,state_var,tissue_reserves_carbs,NA
bottino n.r. (1975),the fatty acids of antarctic phytoplankton and euphausiids. fatty acid exchange among trophic levels of the ross sea,observation,days,summer,1972,Ross Sea,fatty acid 22:5(n-3),NA,%,NA,adult,0.2,"parameter, validation",spawning,state_var,tissue_reserves_carbs,NA
bottino n.r. (1975),the fatty acids of antarctic phytoplankton and euphausiids. fatty acid exchange among trophic levels of the ross sea,observation,days,summer,1972,Ross Sea,fatty acid 22:6(n-3),NA,%,NA,adult,8.1,"parameter, validation",spawning,state_var,tissue_reserves_carbs,NA
