author,title,study_type,study_duration,season,study_years,location,parameter_name,parameter_origin,parameter_unit,sample_size,parameter_lifestage,parameter_value,informationCategory,submechanism,type,name
Phleger et al. 2002,"Interannual and between species comparison of the lipids, fatty acids and sterols of Antarctic krill from the US AMLR Elephant Island survey area",hybrid,months,"autumn, summer",1997-1998,Elephant Island,total mean fatty acid composition,Pearson’s correlation coefficient and non-metric multidimensional scaling (MDS),mg g wet mass,2,juvenile,10.5,"parameter, validation",overwintering,state_var,tissue_reserves_lipids
Phleger et al. 2002,"Interannual and between species comparison of the lipids, fatty acids and sterols of Antarctic krill from the US AMLR Elephant Island survey area",hybrid,months,"autumn, summer",1997-1998,Elephant Island,total mean fatty acid composition,Pearson’s correlation coefficient and non-metric multidimensional scaling (MDS),mg g wet mass,2,juvenile,12.7,"parameter, validation",overwintering,state_var,tissue_reserves_lipids
Phleger et al. 2002,"Interannual and between species comparison of the lipids, fatty acids and sterols of Antarctic krill from the US AMLR Elephant Island survey area",hybrid,months,"autumn, summer",1997-1998,Elephant Island,mean lipid class composition/individual,measurement and multidimensional scaling,mg g wet mass,2,juvenile,8,"parameter, validation",overwintering,state_var,tissue_reserves_lipids
Hagen et al. 2001,lipid metabolism of the antarctic krill euphausia superba and its ecological implications,observation,months,spring,1983,Antarctic Peninsula,lipid mass,measurement,mg,10,juvenile,2,"parameter, validation",overwintering,state_var,tissue_reserves_lipids
Hagen et al. 2001,lipid metabolism of the antarctic krill euphausia superba and its ecological implications,observation,months,spring,1983,Antarctic Peninsula,% lipid of DM,measurement,%,10,juvenile,10,"parameter, validation",overwintering,state_var,tissue_reserves_lipids
Hagen et al. 2001,lipid metabolism of the antarctic krill euphausia superba and its ecological implications,observation,months,spring,1983,Antarctic Peninsula,lipid mass,measurement,mg,14,juvenile,4.5,"parameter, validation",overwintering,state_var,tissue_reserves_lipids
Hagen et al. 2001,lipid metabolism of the antarctic krill euphausia superba and its ecological implications,observation,months,spring,1983,Antarctic Peninsula,% lipid of DM,measurement,%,14,juvenile,8.6,"parameter, validation",overwintering,state_var,tissue_reserves_lipids
Hagen et al. 2001,lipid metabolism of the antarctic krill euphausia superba and its ecological implications,observation,months,winter,1986,Lazarev Sea,lipid mass,measurement,mg,4,juvenile,3.8,"parameter, validation",overwintering,state_var,tissue_reserves_lipids
Hagen et al. 2001,lipid metabolism of the antarctic krill euphausia superba and its ecological implications,observation,months,winter,1986,Lazarev Sea,% lipid of DM,measurement,%,4,juvenile,16.2,"parameter, validation",overwintering,state_var,tissue_reserves_lipids
Atkinson et al. (2002),feeding and energy budgets of antarctic krill euphausia superba at the onset of winter - ii. juveniles and adults,observation,days,"autumn, winter",1999,Lazarev Sea,algae mass specific clearance rates for size spectra,Bongo net,NA,NA,juvenile,NA,"parameter, validation",overwintering,function,ingestion
Atkinson et al. (2002),feeding and energy budgets of antarctic krill euphausia superba at the onset of winter - ii. juveniles and adults,observation,days,"autumn, winter",1999,Lazarev Sea,protozoans mass specific clearance rates for size spectra,Bongo net,NA,NA,juvenile,NA,"parameter, validation",overwintering,function,ingestion
Atkinson et al. (2002),feeding and energy budgets of antarctic krill euphausia superba at the onset of winter - ii. juveniles and adults,observation,days,"autumn, winter",1999,Lazarev Sea,nauplii mass specific clearance rates for size spectra,Bongo net,NA,NA,juvenile,NA,"parameter, validation",overwintering,function,ingestion
Atkinson et al. (2002),feeding and energy budgets of antarctic krill euphausia superba at the onset of winter - ii. juveniles and adults,observation,days,"autumn, winter",1999,Lazarev Sea,cyclopoid mass specific clearance rates for size spectra,Bongo net,NA,NA,juvenile,NA,"parameter, validation",overwintering,function,ingestion
Atkinson et al. (2002),feeding and energy budgets of antarctic krill euphausia superba at the onset of winter - ii. juveniles and adults,observation,days,"autumn, winter",1999,Lazarev Sea,calanoid copepods mass specific clearance rates for size spectra,Bongo net,NA,NA,juvenile,NA,"parameter, validation",overwintering,function,ingestion
Atkinson et al. (2002),feeding and energy budgets of antarctic krill euphausia superba at the onset of winter - ii. juveniles and adults,observation,days,"autumn, winter",1999,Lazarev Sea,median clearance rates algae,Bongo net,ml (mgDM)-1 h-1,NA,juvenile,1,"parameter, validation",overwintering,function,ingestion
Atkinson et al. (2002),feeding and energy budgets of antarctic krill euphausia superba at the onset of winter - ii. juveniles and adults,observation,days,"autumn, winter",1999,Lazarev Sea,median clearance rates protozoans,Bongo net,ml (mgDM)-1 h-1,NA,juvenile,0.98,"parameter, validation",overwintering,function,ingestion
Atkinson et al. (2002),feeding and energy budgets of antarctic krill euphausia superba at the onset of winter - ii. juveniles and adults,observation,days,"autumn, winter",1999,Lazarev Sea,median clearance rates copepods,Bongo net,ml (mgDM)-1 h-1,NA,juvenile,0.99,"parameter, validation",overwintering,function,ingestion
Atkinson et al. (2002),feeding and energy budgets of antarctic krill euphausia superba at the onset of winter - ii. juveniles and adults,observation,days,"autumn, winter",1999,Lazarev Sea,ration,Bongo net,% body C d-1,NA,juvenile,0.0025 * (mgC m-3) + 0.05,"parameter, validation",overwintering,function,assimilation
"Hagen, W. (1996)",seasonal lipid storage as overwintering strategy of antarctic krill,observation,months,"winter, summer, spring",1986,Weddell Sea,lipid content,measurement,% DW,NA,juvenile to adult,10.5,"parameter, validation",overwintering,state_var,tissue_reserves_lipids
"Hofmann, E. F. and Lascara, C. M. (2000)",modeling the growth dynamics of antarctic krill euphausia superba,model,years,"summer, autumn, winter, spring",NA,Antarctic Peninsula,dryWeightToFiltrationRateFR0,reference,m3 d-1 mgDW-1,8,"juveniles, adults",0.00343,"parameter, validation",overwintering,function,ingestion
"Hofmann, E. F. and Lascara, C. M. (2000)",modeling the growth dynamics of antarctic krill euphausia superba,model,years,"summer, autumn, winter, spring",NA,Antarctic Peninsula,dryWeightToFiltrationRateExponent,reference,NA,8,"juveniles, adults",0.514,"parameter, validation",overwintering,function,ingestion
Hagen et al. 2001,lipid metabolism of the antarctic krill euphausia superba and its ecological implications,observation,months,spring,1983,Antarctic Peninsula,lipid mass,measurement,mg,5,larvae,0.21,"parameter, validation",overwintering,state_var,tissue_reserves_lipids
Hagen et al. 2001,lipid metabolism of the antarctic krill euphausia superba and its ecological implications,observation,months,spring,1983,Antarctic Peninsula,% lipid of DM,measurement,%,5,larvae,9.7,"parameter, validation",overwintering,state_var,tissue_reserves_lipids
Ju et al. (2009),comparative lipid dynamics of euphausiids from the antarctic and northeast pacific oceans,hybrid,months,winter,2001-2001,Western Antarctic Peninsula,total lipid content,"Lipid class analysis via Iatroscan TLC/FID and gas chromatography–mass spectrometry (GC-MS), Fisher's least significant difference",%,2,larvae,11.2,"parameter, validation",overwintering,state_var,tissue_reserves_lipids
Ju et al. (2009),comparative lipid dynamics of euphausiids from the antarctic and northeast pacific oceans,hybrid,months,winter,2001-2001,Western Antarctic Peninsula,total lipid content % dry mass,"Lipid class analysis via Iatroscan TLC/FID and gas chromatography–mass spectrometry (GC-MS), Fisher's least significant difference",% dry mass,2,larvae,4.4,"parameter, validation",overwintering,state_var,tissue_reserves_lipids
Walsh et al. (2020),flexibility in antarctic krill euphausia superba decouples diet and recruitment from overwinter sea-ice conditions in the northern antarctic peninsula,observation,years,spring,2013-2016,Antarctic Peninsula,Mean larvae percent lipid 2013,Pooled samples for lipid and fatty acid analysis,percent,2,larvae,14.7,"parameter, validation",overwintering,state_var,tissue_reserves_lipids
Walsh et al. (2020),flexibility in antarctic krill euphausia superba decouples diet and recruitment from overwinter sea-ice conditions in the northern antarctic peninsula,observation,years,spring,2013-2016,Antarctic Peninsula,Mean larvae percent lipid 2014,Pooled samples for lipid and fatty acid analysis,percent,9,larvae,4.3,"parameter, validation",overwintering,state_var,tissue_reserves_lipids
Walsh et al. (2020),flexibility in antarctic krill euphausia superba decouples diet and recruitment from overwinter sea-ice conditions in the northern antarctic peninsula,observation,years,spring,2013-2016,Antarctic Peninsula,Mean larvae percent lipid 2015,Pooled samples for lipid and fatty acid analysis,percent,15,larvae,6.7,"parameter, validation",overwintering,state_var,tissue_reserves_lipids
Walsh et al. (2020),flexibility in antarctic krill euphausia superba decouples diet and recruitment from overwinter sea-ice conditions in the northern antarctic peninsula,observation,years,spring,2013-2016,Antarctic Peninsula,Mean larvae percent lipid 2016,Pooled samples for lipid and fatty acid analysis,percent,18,larvae,6.2,"parameter, validation",overwintering,state_var,tissue_reserves_lipids
"Meyer, B. and Pogoda, B. (2005)",effects of short-term starvation on composition and metabolism of larval antarctic krill euphausia superba,observation,days,autumn,2005,Bellinghausen Sea,CarbonIntake,observation,gC gBodyC-1 d-1,30,larvae,13,parameter,overwintering,function,ingestion
"Frazer, T. K (2002)","energetic demands of larval krill, euphausia superba, in winter",observation,months,winter,1993,Antarctic Peninsula,carbonMetabolismFed,conversion,gC gBodyC-1 d-1,NA,larvae,1.34,"parameter, validation",overwintering,function,maintenance _respiration
"Frazer, T. K (2002)","energetic demands of larval krill, euphausia superba, in winter",observation,months,winter,1993,Antarctic Peninsula,carbonMetabolismFed,conversion,gC gBodyC-1 d-1,NA,larvae,1.34,"parameter, validation",overwintering,function,maintenance _respiration
"Frazer, T. K (2002)","energetic demands of larval krill, euphausia superba, in winter",observation,months,winter,1993,Antarctic Peninsula,carbonMetabolismStarved,conversion,gC gBodyC-1 d-1,NA,larvae,0.67,"parameter, validation",overwintering,function,maintenance _respiration
"Frazer, T. K (2002)","energetic demands of larval krill, euphausia superba, in winter",observation,months,winter,1993,Antarctic Peninsula,carbonMetabolismStarved,conversion,gC gBodyC-1 d-1,NA,larvae,0.67,"parameter, validation",overwintering,function,maintenance _respiration
"Frazer, T. K (2002)","energetic demands of larval krill, euphausia superba, in winter",observation,months,winter,1993,Antarctic Peninsula,carbonMetabolismFed,conversion,gC gBodyC-1 d-1,NA,larvae,1.8,"parameter, validation",overwintering,function,maintenance _respiration
"Frazer, T. K (2002)","energetic demands of larval krill, euphausia superba, in winter",observation,months,winter,1993,Antarctic Peninsula,carbonMetabolismFed,conversion,gC gBodyC-1 d-1,NA,larvae,1.8,"parameter, validation",overwintering,function,maintenance _respiration
"Frazer, T. K (2002)","energetic demands of larval krill, euphausia superba, in winter",observation,months,winter,1993,Antarctic Peninsula,carbonMetabolismStarved,conversion,gC gBodyC-1 d-1,NA,larvae,0.9,"parameter, validation",overwintering,function,maintenance _respiration
"Frazer, T. K (2002)","energetic demands of larval krill, euphausia superba, in winter",observation,months,winter,1993,Antarctic Peninsula,carbonMetabolismStarved,conversion,gC gBodyC-1 d-1,NA,larvae,0.9,"parameter, validation",overwintering,function,maintenance _respiration
Wickham and Berninger (2007),"krill larvae, copepods and the microbial food web: interactions during the antarctic fall",observation,weeks,autumn,2001,Bellinghausen Sea,grazingFurcilia:Chla,observation,NA,8,larvae,NA,correlation,overwintering,function,ingestion
Wickham and Berninger (2007),"krill larvae, copepods and the microbial food web: interactions during the antarctic fall",observation,weeks,autumn,2001,Bellinghausen Sea,grazingFurcilia:Chla,observation,NA,8,larvae,NA,correlation,overwintering,function,assimilation
Wickham and Berninger (2007),"krill larvae, copepods and the microbial food web: interactions during the antarctic fall",observation,weeks,autumn,2001,Bellinghausen Sea,grazingFurcilia:Dinoflagellates,observation,NA,8,larvae,NA,correlation,overwintering,function,ingestion
Wickham and Berninger (2007),"krill larvae, copepods and the microbial food web: interactions during the antarctic fall",observation,weeks,autumn,2001,Bellinghausen Sea,grazingFurcilia:Dinoflagellates,observation,NA,8,larvae,NA,correlation,overwintering,function,assimilation
Wickham and Berninger (2007),"krill larvae, copepods and the microbial food web: interactions during the antarctic fall",observation,weeks,autumn,2001,Bellinghausen Sea,grazingFurcilia:Ciliates,observation,NA,8,larvae,NA,correlation,overwintering,function,ingestion
Wickham and Berninger (2007),"krill larvae, copepods and the microbial food web: interactions during the antarctic fall",observation,weeks,autumn,2001,Bellinghausen Sea,grazingFurcilia:Ciliates,observation,NA,8,larvae,NA,correlation,overwintering,function,assimilation
Wickham and Berninger (2007),"krill larvae, copepods and the microbial food web: interactions during the antarctic fall",observation,weeks,autumn,2001,Bellinghausen Sea,grazingFurcilia:Bacteria,observation,NA,8,larvae,NA,correlation,overwintering,function,ingestion
Wickham and Berninger (2007),"krill larvae, copepods and the microbial food web: interactions during the antarctic fall",observation,weeks,autumn,2001,Bellinghausen Sea,grazingFurcilia:Bacteria,observation,NA,8,larvae,NA,correlation,overwintering,function,assimilation
Wickham and Berninger (2007),"krill larvae, copepods and the microbial food web: interactions during the antarctic fall",observation,weeks,autumn,2001,Bellinghausen Sea,grazingFurcilia:heterotrophicNanoplankton,observation,NA,8,larvae,NA,correlation,overwintering,function,ingestion
Wickham and Berninger (2007),"krill larvae, copepods and the microbial food web: interactions during the antarctic fall",observation,weeks,autumn,2001,Bellinghausen Sea,grazingFurcilia:heterotrophicNanoplankton,observation,NA,8,larvae,NA,correlation,overwintering,function,assimilation
Wickham and Berninger (2007),"krill larvae, copepods and the microbial food web: interactions during the antarctic fall",observation,weeks,autumn,2001,Bellinghausen Sea,grazingFurcilia:phototrophicNanoplankton,observation,NA,8,larvae,NA,correlation,overwintering,function,ingestion
Wickham and Berninger (2007),"krill larvae, copepods and the microbial food web: interactions during the antarctic fall",observation,weeks,autumn,2001,Bellinghausen Sea,grazingFurcilia:phototrophicNanoplankton,observation,NA,8,larvae,NA,correlation,overwintering,function,assimilation
Wickham and Berninger (2007),"krill larvae, copepods and the microbial food web: interactions during the antarctic fall",observation,weeks,autumn,2001,Bellinghausen Sea,grazingFurcilia:Oithona,observation,NA,8,larvae,NA,correlation,overwintering,function,ingestion
Wickham and Berninger (2007),"krill larvae, copepods and the microbial food web: interactions during the antarctic fall",observation,weeks,autumn,2001,Bellinghausen Sea,grazingFurcilia:Oithona,observation,NA,8,larvae,NA,correlation,overwintering,function,assimilation
Lowe et al. (2012),simulating larval antarctic krill growth and condition factor during fall and winter in response to environmental variability,hybrid,months,"autumn, winter",2001-2002,Antarctic Peninsula,ivlevFunctionalResponseParameterA1WaterColumn,mechanistic model,NA,NA,larvae,0.0308,"parameter, validation",overwintering,function,ingestion
Lowe et al. (2012),simulating larval antarctic krill growth and condition factor during fall and winter in response to environmental variability,hybrid,months,"autumn, winter",2001-2002,Antarctic Peninsula,ivlevFunctionalResponseParameterA2WaterColumn,mechanistic model,NA,NA,larvae,0.0369,"parameter, validation",overwintering,function,ingestion
Lowe et al. (2012),simulating larval antarctic krill growth and condition factor during fall and winter in response to environmental variability,hybrid,months,"autumn, winter",2001-2002,Antarctic Peninsula,ivlevFunctionalResponseParameterR1WaterColumn,mechanistic model,NA,NA,larvae,0.1585,"parameter, validation",overwintering,function,ingestion
Lowe et al. (2012),simulating larval antarctic krill growth and condition factor during fall and winter in response to environmental variability,hybrid,months,"autumn, winter",2001-2002,Antarctic Peninsula,ivlevFunctionalResponseParameterR2WaterColumn,mechanistic model,NA,NA,larvae,0.1126,"parameter, validation",overwintering,function,ingestion
Lowe et al. (2012),simulating larval antarctic krill growth and condition factor during fall and winter in response to environmental variability,hybrid,months,"autumn, winter",2001-2002,Antarctic Peninsula,SeaIceBiotaIngestionParameter1,mechanistic model,NA,NA,larvae,0.92,"parameter, validation",overwintering,function,ingestion
Lowe et al. (2012),simulating larval antarctic krill growth and condition factor during fall and winter in response to environmental variability,hybrid,months,"autumn, winter",2001-2002,Antarctic Peninsula,SeaIceBiotaIngestionParameter2,mechanistic model,NA,NA,larvae,2.84,"parameter, validation",overwintering,function,ingestion
Lowe et al. (2012),simulating larval antarctic krill growth and condition factor during fall and winter in response to environmental variability,hybrid,months,"autumn, winter",2001-2002,Antarctic Peninsula,SeaIceBiotaIngestionParameter3,mechanistic model,NA,NA,larvae,-0.248,"parameter, validation",overwintering,function,ingestion
Lowe et al. (2012),simulating larval antarctic krill growth and condition factor during fall and winter in response to environmental variability,hybrid,months,"autumn, winter",2001-2002,Antarctic Peninsula,SeaIceBiotaIngestionParameter4,mechanistic model,NA,NA,larvae,-0.92,"parameter, validation",overwintering,function,ingestion
Lowe et al. (2012),simulating larval antarctic krill growth and condition factor during fall and winter in response to environmental variability,hybrid,months,winter,2001-2002,Antarctic Peninsula,tempDependentRespirationRateParameter1,mechanistic model,ul O2 mgWW-1,NA,larvae,0.141,"parameter, validation",overwintering,function,maintenance _respiration
Lowe et al. (2012),simulating larval antarctic krill growth and condition factor during fall and winter in response to environmental variability,hybrid,months,"autumn, winter",2001-2002,Antarctic Peninsula,tempDependentRespirationRateParameter2,mechanistic model,1/C,NA,larvae,0.1017,"parameter, validation",overwintering,function,maintenance _respiration
Lowe et al. (2012),simulating larval antarctic krill growth and condition factor during fall and winter in response to environmental variability,hybrid,months,"autumn, winter",2001-2002,Antarctic Peninsula,oxygenToCo2Conversion,mechanistic model,ugCO2 ulO2-1,NA,larvae,0.72,"parameter, validation",overwintering,function,maintenance _respiration
Lowe et al. (2012),simulating larval antarctic krill growth and condition factor during fall and winter in response to environmental variability,hybrid,months,"autumn, winter",2001-2002,Antarctic Peninsula,assimilationEfficiency,mechanistic model,NA,NA,larvae,0.8,"parameter, validation",overwintering,function,assimilation
Lowe et al. (2012),simulating larval antarctic krill growth and condition factor during fall and winter in response to environmental variability,hybrid,months,"autumn, winter",2001-2002,Antarctic Peninsula,assimilationEfficiency,mechanistic model,NA,NA,larvae,0.8,"parameter, validation",overwintering,function,assimilation
Lowe et al. (2012),simulating larval antarctic krill growth and condition factor during fall and winter in response to environmental variability,hybrid,months,"autumn, winter",2001-2002,Antarctic Peninsula,assimilationEfficiency,mechanistic model,NA,NA,larvae,0.8,"parameter, validation",overwintering,function,assimilation
Lowe et al. (2012),simulating larval antarctic krill growth and condition factor during fall and winter in response to environmental variability,hybrid,months,"autumn, winter",2001-2002,Antarctic Peninsula,feedingTimeSeaIceWaterColumn,mechanistic model,NA,NA,larvae,NA,parameter,overwintering,function,ingestion
Lowe et al. (2012),simulating larval antarctic krill growth and condition factor during fall and winter in response to environmental variability,hybrid,months,"autumn, winter",2001-2002,Antarctic Peninsula,metabolicSwitchConditionFactor,mechanistic model,ugC mm-3,NA,larvae,0.55,parameter,overwintering,function,maintenance _respiration
"Hofmann, E. F. and Lascara, C. M. (2000)",modeling the growth dynamics of antarctic krill euphausia superba,model,years,"summer, autumn, winter, spring",NA,Antarctic Peninsula,dryWeightToRespirationRateRR0,reference,muL h-1 mgDW-1,NA,larvae,0.686,"parameter, validation",overwintering,function,maintenance _respiration
"Hofmann, E. F. and Lascara, C. M. (2000)",modeling the growth dynamics of antarctic krill euphausia superba,model,years,"summer, autumn, winter, spring",NA,Antarctic Peninsula,dryWeightToRespirationRateExponent,reference,NA,NA,larvae,1.031,"parameter, validation",overwintering,function,maintenance _respiration
Meyer et al (2003),feeding and energy budgets of larval antarctic krill euphausia superba in summer,observation,days,"summer, autumn",2000,Antarctic Peninsula,calyptotis III clearance rate,200um mesh net,ml (mgBodyC)-1 h-1,18,larvae,CR = -19.72*ln(food_ug_C l-1) + 142.37,"parameter, validation",overwintering,function,ingestion
Meyer et al (2003),feeding and energy budgets of larval antarctic krill euphausia superba in summer,observation,days,"summer, autumn",2000,Antarctic Peninsula,furcilia I clearance rate,200um mesh net,ml (mgBodyC)-1 h-1,16,larvae,CR = -17.34*ln(food_ug_C l-1) + 125.88,"parameter, validation",overwintering,function,ingestion
Meyer et al (2003),feeding and energy budgets of larval antarctic krill euphausia superba in summer,observation,days,"summer, autumn",2000,Antarctic Peninsula,furcilia II clearance rate,200um mesh net,ml (mgBodyC)-1 h-1,6,larvae,CR = -8.71*ln(food_ug_C l-1) + 66.91,"parameter, validation",overwintering,function,ingestion
Meyer et al (2003),feeding and energy budgets of larval antarctic krill euphausia superba in summer,observation,days,"summer, autumn",2000,Antarctic Peninsula,calyptotis III diatom size specific clearance rate,200um mesh net,ml (mgBodyC)-1 h-1,162,larvae,CR = -0.43*(cellSize) + 57.43,"parameter, validation",overwintering,function,ingestion
Meyer et al (2003),feeding and energy budgets of larval antarctic krill euphausia superba in summer,observation,days,"summer, autumn",2000,Antarctic Peninsula,furcilia I diatom size specific clearance rate,200um mesh net,ml (mgBodyC)-1 h-1,144,larvae,CR = -0.28*(cellSize) + 44.63,"parameter, validation",overwintering,function,ingestion
Meyer et al (2003),feeding and energy budgets of larval antarctic krill euphausia superba in summer,observation,days,"summer, autumn",2000,Antarctic Peninsula,furcilia II diatom size specific clearance rate,200um mesh net,ml (mgBodyC)-1 h-1,54,larvae,CR = 0.06*(cellSize) + 17.86,"parameter, validation",overwintering,function,ingestion
Meyer et al (2003),feeding and energy budgets of larval antarctic krill euphausia superba in summer,observation,days,"summer, autumn",2000,Antarctic Peninsula,calyptotis III motile taxa size specific clearance rate,200um mesh net,ml (mgBodyC)-1 h-1,72,larvae,CR = 0.187*(cellSize) + 13.08,"parameter, validation",overwintering,function,ingestion
Meyer et al (2003),feeding and energy budgets of larval antarctic krill euphausia superba in summer,observation,days,"summer, autumn",2000,Antarctic Peninsula,furcilia I motile taxa size specific clearance rate,200um mesh net,ml (mgBodyC)-1 h-1,64,larvae,CR = 0.246*(cellSize) + 10.23,"parameter, validation",overwintering,function,ingestion
Meyer et al (2003),feeding and energy budgets of larval antarctic krill euphausia superba in summer,observation,days,"summer, autumn",2000,Antarctic Peninsula,furcilia II motile taxa size specific clearance rate,200um mesh net,ml (mgBodyC)-1 h-1,24,larvae,CR =0.309*(cellSize) + 4.216,"parameter, validation",overwintering,function,ingestion
Meyer et al (2003),feeding and energy budgets of larval antarctic krill euphausia superba in summer,observation,days,"summer, autumn",2000,Antarctic Peninsula,carbon assimilation efficiency,200um mesh net,NA,NA,larvae,0.7-0.92,"parameter, validation",overwintering,function,assimilation
Meyer et al (2003),feeding and energy budgets of larval antarctic krill euphausia superba in summer,observation,days,"summer, autumn",2000,Antarctic Peninsula,respiration rates,200um mesh net,ul O2 mg DM-1 h-1,NA,larvae,0.7-1.1,"parameter, validation",overwintering,function,maintenance _respiration
Meyer et al (2003),feeding and energy budgets of larval antarctic krill euphausia superba in summer,observation,days,"summer, autumn",2000,Antarctic Peninsula,calyptotis III daily C loss,200um mesh net,% body C d-1,15,larvae,DCL=0.007*(food_ug_C_l-1) + 0.424,"parameter, validation",overwintering,function,maintenance _respiration
Meyer et al (2003),feeding and energy budgets of larval antarctic krill euphausia superba in summer,observation,days,"summer, autumn",2000,Antarctic Peninsula,furcilia I daily C loss,200um mesh net,% body C d-1,16,larvae,DCL=0.003*(food_ug_C_l-1) + 0.589,"parameter, validation",overwintering,function,maintenance _respiration
Meyer et al (2003),feeding and energy budgets of larval antarctic krill euphausia superba in summer,observation,days,"summer, autumn",2000,Antarctic Peninsula,furcilia II daily C loss,200um mesh net,% body C d-1,12,larvae,DCL=0.003*(food_ug_C_l-1) + 1.198,"parameter, validation",overwintering,function,maintenance _respiration
Huntley and Brinton (1990),mesoscale variation in growth and early development of euphausia-superba dana in the western bransfield strait region,observation,months,summer,1986-1987,Gerlache Strait,ingestion calyptotis I,NA,ug C d-1,NA,larvae,6.33,"parameter, validation",overwintering,function,ingestion
Huntley and Brinton (1990),mesoscale variation in growth and early development of euphausia-superba dana in the western bransfield strait region,observation,months,summer,1986-1987,Gerlache Strait,ingestion calyptotis II,NA,ug C d-1,NA,larvae,11.87,"parameter, validation",overwintering,function,ingestion
Huntley and Brinton (1990),mesoscale variation in growth and early development of euphausia-superba dana in the western bransfield strait region,observation,months,summer,1986-1987,Gerlache Strait,ingestion calyptotis III,NA,ug C d-1,NA,larvae,25.94,"parameter, validation",overwintering,function,ingestion
Huntley and Brinton (1990),mesoscale variation in growth and early development of euphausia-superba dana in the western bransfield strait region,observation,months,summer,1986-1987,Gerlache Strait,ingestion furcilia I,NA,ug C d-1,NA,larvae,21.64,"parameter, validation",overwintering,function,ingestion
Huntley and Brinton (1990),mesoscale variation in growth and early development of euphausia-superba dana in the western bransfield strait region,observation,months,summer,1986-1987,Gerlache Strait,ingestion furcilia II,NA,ug C d-1,NA,larvae,18.82,"parameter, validation",overwintering,function,ingestion
Huntley and Brinton (1990),mesoscale variation in growth and early development of euphausia-superba dana in the western bransfield strait region,observation,months,summer,1986-1987,Gerlache Strait,ingestion furcilia III,NA,ug C d-1,NA,larvae,24.03,"parameter, validation",overwintering,function,ingestion
Huntley and Brinton (1990),mesoscale variation in growth and early development of euphausia-superba dana in the western bransfield strait region,observation,months,summer,1986-1987,Gerlache Strait,ingestion furcilia IV,NA,ug C d-1,NA,larvae,22.26,"parameter, validation",overwintering,function,ingestion
Huntley and Brinton (1990),mesoscale variation in growth and early development of euphausia-superba dana in the western bransfield strait region,observation,months,summer,1986-1987,Gerlache Strait,daily ration calyptotis I,NA,% day-1,NA,larvae,19.7,"parameter, validation",overwintering,function,ingestion
Huntley and Brinton (1990),mesoscale variation in growth and early development of euphausia-superba dana in the western bransfield strait region,observation,months,summer,1986-1987,Gerlache Strait,daily ration calyptotis I,NA,% day-1,NA,larvae,19.7,"parameter, validation",overwintering,function,assimilation
Huntley and Brinton (1990),mesoscale variation in growth and early development of euphausia-superba dana in the western bransfield strait region,observation,months,summer,1986-1987,Gerlache Strait,daily ration calyptotis I,NA,% day-1,NA,larvae,19.7,"parameter, validation",overwintering,function,ingestion
Huntley and Brinton (1990),mesoscale variation in growth and early development of euphausia-superba dana in the western bransfield strait region,observation,months,summer,1986-1987,Gerlache Strait,daily ration calyptotis I,NA,% day-1,NA,larvae,19.7,"parameter, validation",overwintering,function,assimilation
Huntley and Brinton (1990),mesoscale variation in growth and early development of euphausia-superba dana in the western bransfield strait region,observation,months,summer,1986-1987,Gerlache Strait,daily ration calyptotis II,NA,% day-1,NA,larvae,19.1,"parameter, validation",overwintering,function,ingestion
Huntley and Brinton (1990),mesoscale variation in growth and early development of euphausia-superba dana in the western bransfield strait region,observation,months,summer,1986-1987,Gerlache Strait,daily ration calyptotis II,NA,% day-1,NA,larvae,19.1,"parameter, validation",overwintering,function,assimilation
Huntley and Brinton (1990),mesoscale variation in growth and early development of euphausia-superba dana in the western bransfield strait region,observation,months,summer,1986-1987,Gerlache Strait,daily ration calyptotis II,NA,% day-1,NA,larvae,19.1,"parameter, validation",overwintering,function,ingestion
Huntley and Brinton (1990),mesoscale variation in growth and early development of euphausia-superba dana in the western bransfield strait region,observation,months,summer,1986-1987,Gerlache Strait,daily ration calyptotis II,NA,% day-1,NA,larvae,19.1,"parameter, validation",overwintering,function,assimilation
Huntley and Brinton (1990),mesoscale variation in growth and early development of euphausia-superba dana in the western bransfield strait region,observation,months,summer,1986-1987,Gerlache Strait,daily ration calyptotis III,NA,% day-1,NA,larvae,17.8,"parameter, validation",overwintering,function,ingestion
Huntley and Brinton (1990),mesoscale variation in growth and early development of euphausia-superba dana in the western bransfield strait region,observation,months,summer,1986-1987,Gerlache Strait,daily ration calyptotis III,NA,% day-1,NA,larvae,17.8,"parameter, validation",overwintering,function,assimilation
Huntley and Brinton (1990),mesoscale variation in growth and early development of euphausia-superba dana in the western bransfield strait region,observation,months,summer,1986-1987,Gerlache Strait,daily ration calyptotis III,NA,% day-1,NA,larvae,17.8,"parameter, validation",overwintering,function,ingestion
Huntley and Brinton (1990),mesoscale variation in growth and early development of euphausia-superba dana in the western bransfield strait region,observation,months,summer,1986-1987,Gerlache Strait,daily ration calyptotis III,NA,% day-1,NA,larvae,17.8,"parameter, validation",overwintering,function,assimilation
Huntley and Brinton (1990),mesoscale variation in growth and early development of euphausia-superba dana in the western bransfield strait region,observation,months,summer,1986-1987,Gerlache Strait,daily ration furcilia I,NA,% day-1,NA,larvae,8.5,"parameter, validation",overwintering,function,ingestion
Huntley and Brinton (1990),mesoscale variation in growth and early development of euphausia-superba dana in the western bransfield strait region,observation,months,summer,1986-1987,Gerlache Strait,daily ration furcilia I,NA,% day-1,NA,larvae,8.5,"parameter, validation",overwintering,function,assimilation
Huntley and Brinton (1990),mesoscale variation in growth and early development of euphausia-superba dana in the western bransfield strait region,observation,months,summer,1986-1987,Gerlache Strait,daily ration furcilia I,NA,% day-1,NA,larvae,8.5,"parameter, validation",overwintering,function,ingestion
Huntley and Brinton (1990),mesoscale variation in growth and early development of euphausia-superba dana in the western bransfield strait region,observation,months,summer,1986-1987,Gerlache Strait,daily ration furcilia I,NA,% day-1,NA,larvae,8.5,"parameter, validation",overwintering,function,assimilation
Huntley and Brinton (1990),mesoscale variation in growth and early development of euphausia-superba dana in the western bransfield strait region,observation,months,summer,1986-1987,Gerlache Strait,daily ration furcilia II,NA,% day-1,NA,larvae,5.7,"parameter, validation",overwintering,function,ingestion
Huntley and Brinton (1990),mesoscale variation in growth and early development of euphausia-superba dana in the western bransfield strait region,observation,months,summer,1986-1987,Gerlache Strait,daily ration furcilia II,NA,% day-1,NA,larvae,5.7,"parameter, validation",overwintering,function,assimilation
Huntley and Brinton (1990),mesoscale variation in growth and early development of euphausia-superba dana in the western bransfield strait region,observation,months,summer,1986-1987,Gerlache Strait,daily ration furcilia II,NA,% day-1,NA,larvae,5.7,"parameter, validation",overwintering,function,ingestion
Huntley and Brinton (1990),mesoscale variation in growth and early development of euphausia-superba dana in the western bransfield strait region,observation,months,summer,1986-1987,Gerlache Strait,daily ration furcilia II,NA,% day-1,NA,larvae,5.7,"parameter, validation",overwintering,function,assimilation
Huntley and Brinton (1990),mesoscale variation in growth and early development of euphausia-superba dana in the western bransfield strait region,observation,months,summer,1986-1987,Gerlache Strait,daily ration furcilia III,NA,% day-1,NA,larvae,5.7,"parameter, validation",overwintering,function,ingestion
Huntley and Brinton (1990),mesoscale variation in growth and early development of euphausia-superba dana in the western bransfield strait region,observation,months,summer,1986-1987,Gerlache Strait,daily ration furcilia III,NA,% day-1,NA,larvae,5.7,"parameter, validation",overwintering,function,assimilation
Huntley and Brinton (1990),mesoscale variation in growth and early development of euphausia-superba dana in the western bransfield strait region,observation,months,summer,1986-1987,Gerlache Strait,daily ration furcilia III,NA,% day-1,NA,larvae,5.7,"parameter, validation",overwintering,function,ingestion
Huntley and Brinton (1990),mesoscale variation in growth and early development of euphausia-superba dana in the western bransfield strait region,observation,months,summer,1986-1987,Gerlache Strait,daily ration furcilia III,NA,% day-1,NA,larvae,5.7,"parameter, validation",overwintering,function,assimilation
Huntley and Brinton (1990),mesoscale variation in growth and early development of euphausia-superba dana in the western bransfield strait region,observation,months,summer,1986-1987,Gerlache Strait,daily ration furcilia IV,NA,% day-1,NA,larvae,4.4,"parameter, validation",overwintering,function,ingestion
Huntley and Brinton (1990),mesoscale variation in growth and early development of euphausia-superba dana in the western bransfield strait region,observation,months,summer,1986-1987,Gerlache Strait,daily ration furcilia IV,NA,% day-1,NA,larvae,4.4,"parameter, validation",overwintering,function,assimilation
Huntley and Brinton (1990),mesoscale variation in growth and early development of euphausia-superba dana in the western bransfield strait region,observation,months,summer,1986-1987,Gerlache Strait,daily ration furcilia IV,NA,% day-1,NA,larvae,4.4,"parameter, validation",overwintering,function,ingestion
Huntley and Brinton (1990),mesoscale variation in growth and early development of euphausia-superba dana in the western bransfield strait region,observation,months,summer,1986-1987,Gerlache Strait,daily ration furcilia IV,NA,% day-1,NA,larvae,4.4,"parameter, validation",overwintering,function,assimilation
Huntley and Brinton (1990),mesoscale variation in growth and early development of euphausia-superba dana in the western bransfield strait region,observation,months,summer,1986-1987,Gerlache Strait,excretion calyptotis I,NA,ug N d-1,NA,larvae,0.05,"parameter, validation",overwintering,function,maintenance _excretion
Huntley and Brinton (1990),mesoscale variation in growth and early development of euphausia-superba dana in the western bransfield strait region,observation,months,summer,1986-1987,Gerlache Strait,excretion calyptotis II,NA,ug N d-1,NA,larvae,0.11,"parameter, validation",overwintering,function,maintenance _excretion
Huntley and Brinton (1990),mesoscale variation in growth and early development of euphausia-superba dana in the western bransfield strait region,observation,months,summer,1986-1987,Gerlache Strait,excretion calyptotis III,NA,ug N d-1,NA,larvae,0.26,"parameter, validation",overwintering,function,maintenance _excretion
Huntley and Brinton (1990),mesoscale variation in growth and early development of euphausia-superba dana in the western bransfield strait region,observation,months,summer,1986-1987,Gerlache Strait,excretion furcilia I,NA,ug N d-1,NA,larvae,0.45,"parameter, validation",overwintering,function,maintenance _excretion
Huntley and Brinton (1990),mesoscale variation in growth and early development of euphausia-superba dana in the western bransfield strait region,observation,months,summer,1986-1987,Gerlache Strait,excretion furcilia II,NA,ug N d-1,NA,larvae,0.6,"parameter, validation",overwintering,function,maintenance _excretion
Huntley and Brinton (1990),mesoscale variation in growth and early development of euphausia-superba dana in the western bransfield strait region,observation,months,summer,1986-1987,Gerlache Strait,excretion furcilia III,NA,ug N d-1,NA,larvae,0.78,"parameter, validation",overwintering,function,maintenance _excretion
Huntley and Brinton (1990),mesoscale variation in growth and early development of euphausia-superba dana in the western bransfield strait region,observation,months,summer,1986-1987,Gerlache Strait,excretion furcilia IV,NA,ug N d-1,NA,larvae,0.72,"parameter, validation",overwintering,function,maintenance _excretion
Huntley and Brinton (1990),mesoscale variation in growth and early development of euphausia-superba dana in the western bransfield strait region,observation,months,summer,1986-1987,Gerlache Strait,ingestion calyptotis I,NA,ug N d-1,NA,larvae,1.21,"parameter, validation",overwintering,function,ingestion
Huntley and Brinton (1990),mesoscale variation in growth and early development of euphausia-superba dana in the western bransfield strait region,observation,months,summer,1986-1987,Gerlache Strait,ingestion calyptotis II,NA,ug N d-1,NA,larvae,2.35,"parameter, validation",overwintering,function,ingestion
Huntley and Brinton (1990),mesoscale variation in growth and early development of euphausia-superba dana in the western bransfield strait region,observation,months,summer,1986-1987,Gerlache Strait,ingestion calyptotis III,NA,ug N d-1,NA,larvae,4.95,"parameter, validation",overwintering,function,ingestion
Huntley and Brinton (1990),mesoscale variation in growth and early development of euphausia-superba dana in the western bransfield strait region,observation,months,summer,1986-1987,Gerlache Strait,ingestion furcilia I,NA,ug N d-1,NA,larvae,3.49,"parameter, validation",overwintering,function,ingestion
Huntley and Brinton (1990),mesoscale variation in growth and early development of euphausia-superba dana in the western bransfield strait region,observation,months,summer,1986-1987,Gerlache Strait,ingestion furcilia II,NA,ug N d-1,NA,larvae,2.39,"parameter, validation",overwintering,function,ingestion
Huntley and Brinton (1990),mesoscale variation in growth and early development of euphausia-superba dana in the western bransfield strait region,observation,months,summer,1986-1987,Gerlache Strait,ingestion furcilia III,NA,ug N d-1,NA,larvae,3.25,"parameter, validation",overwintering,function,ingestion
Huntley and Brinton (1990),mesoscale variation in growth and early development of euphausia-superba dana in the western bransfield strait region,observation,months,summer,1986-1987,Gerlache Strait,ingestion furcilia IV,NA,ug N d-1,NA,larvae,2.41,"parameter, validation",overwintering,function,ingestion
Huntley and Brinton (1990),mesoscale variation in growth and early development of euphausia-superba dana in the western bransfield strait region,observation,months,summer,1986-1987,Gerlache Strait,daily ration calyptotis I,NA,% day-1,NA,larvae,14.5,"parameter, validation",overwintering,function,assimilation
Huntley and Brinton (1990),mesoscale variation in growth and early development of euphausia-superba dana in the western bransfield strait region,observation,months,summer,1986-1987,Gerlache Strait,daily ration calyptotis II,NA,% day-1,NA,larvae,14.5,"parameter, validation",overwintering,function,assimilation
Huntley and Brinton (1990),mesoscale variation in growth and early development of euphausia-superba dana in the western bransfield strait region,observation,months,summer,1986-1987,Gerlache Strait,daily ration calyptotis III,NA,% day-1,NA,larvae,13.6,"parameter, validation",overwintering,function,assimilation
Fach et al (2008),biochemically based modeling study of antarctic krill euphausia superba growth and development,model,years,"spring, summer, autumn, winter",NA,Circumpolar,Polar lipid (%DW) vs total lipid (%DW): Polar lipid = 1.86+0.272*total_lipid,linear regression of values from literature,intercept,67,NA,1.86,"parameter, validation",overwintering,state_var,tissue_reserves_lipids
Fach et al (2008),biochemically based modeling study of antarctic krill euphausia superba growth and development,model,years,"spring, summer, autumn, winter",NA,Circumpolar,Polar lipid (%DW) vs total lipid (%DW): Polar lipid = 1.86+0.272*total_lipid,linear regression of values from literature,slope,67,NA,0.272,"parameter, validation",overwintering,state_var,tissue_reserves_lipids
Huntley and Brinton (1990),mesoscale variation in growth and early development of euphausia-superba dana in the western bransfield strait region,observation,months,summer,1986-1987,Gerlache Strait,daily ration furcilia I,NA,% day-1,NA,larvae,5.6,"parameter, validation",overwintering,function,assimilation
Huntley and Brinton (1990),mesoscale variation in growth and early development of euphausia-superba dana in the western bransfield strait region,observation,months,summer,1986-1987,Gerlache Strait,daily ration furcilia II,NA,% day-1,NA,larvae,2.9,"parameter, validation",overwintering,function,assimilation
Huntley and Brinton (1990),mesoscale variation in growth and early development of euphausia-superba dana in the western bransfield strait region,observation,months,summer,1986-1987,Gerlache Strait,daily ration furcilia III,NA,% day-1,NA,larvae,3.2,"parameter, validation",overwintering,function,assimilation
Huntley and Brinton (1990),mesoscale variation in growth and early development of euphausia-superba dana in the western bransfield strait region,observation,months,summer,1986-1987,Gerlache Strait,daily ration furcilia IV,NA,% day-1,NA,larvae,1.9,"parameter, validation",overwintering,function,assimilation
Daly (1990),"overwintering development, growth, and feeding of larval euphausia-superba in the antarctic marginal ice-zone",observation,months,winter,1988,Scotia Sea,larvae winter growth rate,plummet nets,mm d-1,NA,larvae,0.07,"parameter, validation",overwintering,state_var,tissue_reserves_carbs
Daly (1990),"overwintering development, growth, and feeding of larval euphausia-superba in the antarctic marginal ice-zone",observation,months,winter,1988,Scotia Sea,larvae winter growth rate,plummet nets,mm d-1,NA,larvae,0.07,"parameter, validation",overwintering,state_var,tissue_reserves_proteins
Daly (1990),"overwintering development, growth, and feeding of larval euphausia-superba in the antarctic marginal ice-zone",observation,months,winter,1988,Scotia Sea,larvae winter growth rate,plummet nets,mm d-1,NA,larvae,0.07,"parameter, validation",overwintering,state_var,tissue_reserves_lipids
Daly (1990),"overwintering development, growth, and feeding of larval euphausia-superba in the antarctic marginal ice-zone",observation,months,winter,1988,Scotia Sea,intermoult period larvae,plummet nets,days,NA,larvae,20,"parameter, validation",overwintering,function,maintenance _moulting
Daly (1990),"overwintering development, growth, and feeding of larval euphausia-superba in the antarctic marginal ice-zone",observation,months,winter,1988,Scotia Sea,gut clearance rate,plummet nets,hours,NA,larvae,1.58,"parameter, validation",overwintering,function,assimilation
Daly (1990),"overwintering development, growth, and feeding of larval euphausia-superba in the antarctic marginal ice-zone",observation,months,winter,1988,Scotia Sea,ingestion rate ice floe I,plummet nets,ng krill-1 h-1,20,larvae,3.5,"parameter, validation",overwintering,function,ingestion
Daly (1990),"overwintering development, growth, and feeding of larval euphausia-superba in the antarctic marginal ice-zone",observation,months,winter,1988,Scotia Sea,ingestion rate ice floe II,plummet nets,ng krill-1 h-1,20,larvae,3.4,"parameter, validation",overwintering,function,ingestion
Daly (1990),"overwintering development, growth, and feeding of larval euphausia-superba in the antarctic marginal ice-zone",observation,months,winter,1988,Scotia Sea,ingestion rate ice edge I,plummet nets,ng krill-1 h-1,25,larvae,13.3,"parameter, validation",overwintering,function,ingestion
Daly (1990),"overwintering development, growth, and feeding of larval euphausia-superba in the antarctic marginal ice-zone",observation,months,winter,1988,Scotia Sea,ingestion rate ice edge I,plummet nets,ng krill-1 h-1,25,larvae,9.2,"parameter, validation",overwintering,function,ingestion
Daly (1990),"overwintering development, growth, and feeding of larval euphausia-superba in the antarctic marginal ice-zone",observation,months,winter,1988,Scotia Sea,ingestion rate ice floe III,plummet nets,ng krill-1 h-1,20,larvae,2.9,"parameter, validation",overwintering,function,ingestion
Daly (1990),"overwintering development, growth, and feeding of larval euphausia-superba in the antarctic marginal ice-zone",observation,months,winter,1988,Scotia Sea,ingestion rate ice floe IV,plummet nets,ng krill-1 h-1,25,larvae,2.5,"parameter, validation",overwintering,function,ingestion
Daly (1990),"overwintering development, growth, and feeding of larval euphausia-superba in the antarctic marginal ice-zone",observation,months,winter,1988,Scotia Sea,ingestion rate ice floe V,plummet nets,ng krill-1 h-1,25,larvae,2.6,"parameter, validation",overwintering,function,ingestion
Daly (1990),"overwintering development, growth, and feeding of larval euphausia-superba in the antarctic marginal ice-zone",observation,months,winter,1988,Scotia Sea,ingestion rate water column autotrophic C,plummet nets,% body C d-1,NA,larvae,3.2,"parameter, validation",overwintering,function,ingestion
Daly (1990),"overwintering development, growth, and feeding of larval euphausia-superba in the antarctic marginal ice-zone",observation,months,winter,1988,Scotia Sea,ingestion rate water column total POC,plummet nets,% body C d-1,NA,larvae,51.7,"parameter, validation",overwintering,function,ingestion
Daly (1990),"overwintering development, growth, and feeding of larval euphausia-superba in the antarctic marginal ice-zone",observation,months,winter,1988,Scotia Sea,ingestion rate first year ice autotrophic C,plummet nets,% body C d-1,NA,larvae,2,"parameter, validation",overwintering,function,ingestion
Daly (1990),"overwintering development, growth, and feeding of larval euphausia-superba in the antarctic marginal ice-zone",observation,months,winter,1988,Scotia Sea,ingestion rate first year ice total POC,plummet nets,% body C d-1,NA,larvae,44,"parameter, validation",overwintering,function,ingestion
Daly (1990),"overwintering development, growth, and feeding of larval euphausia-superba in the antarctic marginal ice-zone",observation,months,winter,1988,Scotia Sea,clearance rate water column,plummet nets,ml krill-1 h-1,NA,larvae,0.1,"parameter, validation",overwintering,function,ingestion
Daly (1990),"overwintering development, growth, and feeding of larval euphausia-superba in the antarctic marginal ice-zone",observation,months,winter,1988,Scotia Sea,clearance rate first year ice,plummet nets,ml krill-1 h-1,NA,larvae,7,"parameter, validation",overwintering,function,ingestion
Daly (1990),"overwintering development, growth, and feeding of larval euphausia-superba in the antarctic marginal ice-zone",observation,months,winter,1988,Scotia Sea,larvae winter growth rate,plummet nets,ug C d-1,NA,larvae,6.13,"parameter, validation",overwintering,state_var,tissue_reserves_carbs
Daly (1990),"overwintering development, growth, and feeding of larval euphausia-superba in the antarctic marginal ice-zone",observation,months,winter,1988,Scotia Sea,larvae winter growth rate,plummet nets,ug C d-1,NA,larvae,6.13,"parameter, validation",overwintering,state_var,tissue_reserves_proteins
Daly (1990),"overwintering development, growth, and feeding of larval euphausia-superba in the antarctic marginal ice-zone",observation,months,winter,1988,Scotia Sea,larvae winter growth rate,plummet nets,ug C d-1,NA,larvae,6.13,"parameter, validation",overwintering,state_var,tissue_reserves_lipids
Daly (2004),overwintering growth and development of larval euphausia superba: an interannual comparison under varying environmental conditions west of the antarctic peninsula,observation,years,"autumn, winter",2001-2002,Antarctic Peninsula,body length dry weight regression fall 2001,Reeve net,mg,131,larvae,DW_mg = 3.35 * 10^-3*L_mm^2.47,"parameter, validation",overwintering,state_var,tissue_reserves_carbs
Daly (2004),overwintering growth and development of larval euphausia superba: an interannual comparison under varying environmental conditions west of the antarctic peninsula,observation,years,"autumn, winter",2001-2002,Antarctic Peninsula,body length dry weight regression fall 2001,Reeve net,mg,131,larvae,DW_mg = 3.35 * 10^-3*L_mm^2.47,"parameter, validation",overwintering,state_var,tissue_reserves_proteins
Daly (2004),overwintering growth and development of larval euphausia superba: an interannual comparison under varying environmental conditions west of the antarctic peninsula,observation,years,"autumn, winter",2001-2002,Antarctic Peninsula,body length dry weight regression fall 2001,Reeve net,mg,131,larvae,DW_mg = 3.35 * 10^-3*L_mm^2.47,"parameter, validation",overwintering,state_var,tissue_reserves_lipids
Daly (2004),overwintering growth and development of larval euphausia superba: an interannual comparison under varying environmental conditions west of the antarctic peninsula,observation,years,"autumn, winter",2001-2002,Antarctic Peninsula,body length dry weight regression winter 2001,Reeve net,mg,159,larvae,DW_mg = 2.35 * 10^-3*L_mm^2.48,"parameter, validation",overwintering,state_var,tissue_reserves_carbs
Daly (2004),overwintering growth and development of larval euphausia superba: an interannual comparison under varying environmental conditions west of the antarctic peninsula,observation,years,"autumn, winter",2001-2002,Antarctic Peninsula,body length dry weight regression winter 2001,Reeve net,mg,159,larvae,DW_mg = 2.35 * 10^-3*L_mm^2.48,"parameter, validation",overwintering,state_var,tissue_reserves_proteins
Daly (2004),overwintering growth and development of larval euphausia superba: an interannual comparison under varying environmental conditions west of the antarctic peninsula,observation,years,"autumn, winter",2001-2002,Antarctic Peninsula,body length dry weight regression winter 2001,Reeve net,mg,159,larvae,DW_mg = 2.35 * 10^-3*L_mm^2.48,"parameter, validation",overwintering,state_var,tissue_reserves_lipids
Daly (2004),overwintering growth and development of larval euphausia superba: an interannual comparison under varying environmental conditions west of the antarctic peninsula,observation,years,"autumn, winter",2001-2002,Antarctic Peninsula,body length dry weight regression fall 2002,Reeve net,mg,16,larvae,DW_mg = 4.51 * 10^-2*L_mm^1.55,"parameter, validation",overwintering,state_var,tissue_reserves_carbs
Daly (2004),overwintering growth and development of larval euphausia superba: an interannual comparison under varying environmental conditions west of the antarctic peninsula,observation,years,"autumn, winter",2001-2002,Antarctic Peninsula,body length dry weight regression fall 2002,Reeve net,mg,16,larvae,DW_mg = 4.51 * 10^-2*L_mm^1.55,"parameter, validation",overwintering,state_var,tissue_reserves_proteins
Daly (2004),overwintering growth and development of larval euphausia superba: an interannual comparison under varying environmental conditions west of the antarctic peninsula,observation,years,"autumn, winter",2001-2002,Antarctic Peninsula,body length dry weight regression fall 2002,Reeve net,mg,16,larvae,DW_mg = 4.51 * 10^-2*L_mm^1.55,"parameter, validation",overwintering,state_var,tissue_reserves_lipids
Daly (2004),overwintering growth and development of larval euphausia superba: an interannual comparison under varying environmental conditions west of the antarctic peninsula,observation,years,"autumn, winter",2001-2002,Antarctic Peninsula,body length dry weight regression winter 2002,Reeve net,mg,68,larvae,DW_mg = 4.24 * 10^-3*L_mm^2.38,"parameter, validation",overwintering,state_var,tissue_reserves_carbs
Daly (2004),overwintering growth and development of larval euphausia superba: an interannual comparison under varying environmental conditions west of the antarctic peninsula,observation,years,"autumn, winter",2001-2002,Antarctic Peninsula,body length dry weight regression winter 2002,Reeve net,mg,68,larvae,DW_mg = 4.24 * 10^-3*L_mm^2.38,"parameter, validation",overwintering,state_var,tissue_reserves_proteins
Daly (2004),overwintering growth and development of larval euphausia superba: an interannual comparison under varying environmental conditions west of the antarctic peninsula,observation,years,"autumn, winter",2001-2002,Antarctic Peninsula,body length dry weight regression winter 2002,Reeve net,mg,68,larvae,DW_mg = 4.24 * 10^-3*L_mm^2.38,"parameter, validation",overwintering,state_var,tissue_reserves_lipids
Daly (2004),overwintering growth and development of larval euphausia superba: an interannual comparison under varying environmental conditions west of the antarctic peninsula,observation,years,"autumn, winter",2001-2002,Antarctic Peninsula,body carbon dry weight regression fall 2001,Reeve net,ug,52,larvae,C_ug = 418*DW_mg + 0.467,"parameter, validation",overwintering,state_var,tissue_reserves_carbs
Daly (2004),overwintering growth and development of larval euphausia superba: an interannual comparison under varying environmental conditions west of the antarctic peninsula,observation,years,"autumn, winter",2001-2002,Antarctic Peninsula,body carbon dry weight regression winter 2001,Reeve net,ug,34,larvae,C_ug = 405*DW_mg - 34.4,"parameter, validation",overwintering,state_var,tissue_reserves_carbs
Daly (2004),overwintering growth and development of larval euphausia superba: an interannual comparison under varying environmental conditions west of the antarctic peninsula,observation,years,"autumn, winter",2001-2002,Antarctic Peninsula,body carbon dry weight regression fall 2002,Reeve net,ug,9,larvae,C_ug = 406*DW_mg - 37.2,"parameter, validation",overwintering,state_var,tissue_reserves_carbs
Daly (2004),overwintering growth and development of larval euphausia superba: an interannual comparison under varying environmental conditions west of the antarctic peninsula,observation,years,"autumn, winter",2001-2002,Antarctic Peninsula,body carbon dry weight regression winter 2002,Reeve net,ug,15,larvae,C_ug = 206*DW_mg - 54.8,"parameter, validation",overwintering,state_var,tissue_reserves_carbs
Daly (2004),overwintering growth and development of larval euphausia superba: an interannual comparison under varying environmental conditions west of the antarctic peninsula,observation,years,"autumn, winter",2001-2002,Antarctic Peninsula,body nitrogen dry weight regression fall 2001,Reeve net,ug,52,larvae,N_ug = 85.2*DW_mg + 4.68,"parameter, validation",overwintering,state_var,tissue_reserves_proteins
Daly (2004),overwintering growth and development of larval euphausia superba: an interannual comparison under varying environmental conditions west of the antarctic peninsula,observation,years,"autumn, winter",2001-2002,Antarctic Peninsula,body nitrogen dry weight regression fall 2001,Reeve net,ug,52,larvae,N_ug = 85.2*DW_mg + 4.68,"parameter, validation",overwintering,state_var,tissue_reserves_lipids
Daly (2004),overwintering growth and development of larval euphausia superba: an interannual comparison under varying environmental conditions west of the antarctic peninsula,observation,years,"autumn, winter",2001-2002,Antarctic Peninsula,body nitrogen dry weight regression winter 2001,Reeve net,ug,34,larvae,N_ug = 88.9*DW_mg - 7.01,"parameter, validation",overwintering,state_var,tissue_reserves_proteins
Daly (2004),overwintering growth and development of larval euphausia superba: an interannual comparison under varying environmental conditions west of the antarctic peninsula,observation,years,"autumn, winter",2001-2002,Antarctic Peninsula,body nitrogen dry weight regression winter 2001,Reeve net,ug,34,larvae,N_ug = 88.9*DW_mg - 7.01,"parameter, validation",overwintering,state_var,tissue_reserves_lipids
Daly (2004),overwintering growth and development of larval euphausia superba: an interannual comparison under varying environmental conditions west of the antarctic peninsula,observation,years,"autumn, winter",2001-2002,Antarctic Peninsula,body nitrogen dry weight regression fall 2002,Reeve net,ug,9,larvae,N_ug = 83.3*DW_mg - 1.1,"parameter, validation",overwintering,state_var,tissue_reserves_proteins
Daly (2004),overwintering growth and development of larval euphausia superba: an interannual comparison under varying environmental conditions west of the antarctic peninsula,observation,years,"autumn, winter",2001-2002,Antarctic Peninsula,body nitrogen dry weight regression fall 2002,Reeve net,ug,9,larvae,N_ug = 83.3*DW_mg - 1.1,"parameter, validation",overwintering,state_var,tissue_reserves_lipids
Daly (2004),overwintering growth and development of larval euphausia superba: an interannual comparison under varying environmental conditions west of the antarctic peninsula,observation,years,"autumn, winter",2001-2002,Antarctic Peninsula,body nitrogen dry weight regression winter 2002,Reeve net,ug,15,larvae,N_ug = 55.7*DW_mg + 15,"parameter, validation",overwintering,state_var,tissue_reserves_proteins
Daly (2004),overwintering growth and development of larval euphausia superba: an interannual comparison under varying environmental conditions west of the antarctic peninsula,observation,years,"autumn, winter",2001-2002,Antarctic Peninsula,body nitrogen dry weight regression winter 2002,Reeve net,ug,15,larvae,N_ug = 55.7*DW_mg + 15,"parameter, validation",overwintering,state_var,tissue_reserves_lipids
Daly (2004),overwintering growth and development of larval euphausia superba: an interannual comparison under varying environmental conditions west of the antarctic peninsula,observation,years,"autumn, winter",2001-2002,Antarctic Peninsula,IMP winter 2001,Reeve net,days,15,larvae,23,"parameter, validation",overwintering,function,maintenance _moulting
Daly (2004),overwintering growth and development of larval euphausia superba: an interannual comparison under varying environmental conditions west of the antarctic peninsula,observation,years,"autumn, winter",2001-2002,Antarctic Peninsula,IMP winter 2001,Reeve net,days,10,larvae,51,"parameter, validation",overwintering,function,maintenance _moulting
Daly (2004),overwintering growth and development of larval euphausia superba: an interannual comparison under varying environmental conditions west of the antarctic peninsula,observation,years,"autumn, winter",2001-2002,Antarctic Peninsula,IMP winter 2001,Reeve net,days,11,larvae,31,"parameter, validation",overwintering,function,maintenance _moulting
Daly (2004),overwintering growth and development of larval euphausia superba: an interannual comparison under varying environmental conditions west of the antarctic peninsula,observation,years,"autumn, winter",2001-2002,Antarctic Peninsula,growth rate winter 2001,Reeve net,mm d-1,15,larvae,0,"parameter, validation",overwintering,state_var,tissue_reserves_carbs
Daly (2004),overwintering growth and development of larval euphausia superba: an interannual comparison under varying environmental conditions west of the antarctic peninsula,observation,years,"autumn, winter",2001-2002,Antarctic Peninsula,growth rate winter 2001,Reeve net,mm d-1,15,larvae,0,"parameter, validation",overwintering,state_var,tissue_reserves_proteins
Daly (2004),overwintering growth and development of larval euphausia superba: an interannual comparison under varying environmental conditions west of the antarctic peninsula,observation,years,"autumn, winter",2001-2002,Antarctic Peninsula,growth rate winter 2001,Reeve net,mm d-1,15,larvae,0,"parameter, validation",overwintering,state_var,tissue_reserves_lipids
Daly (2004),overwintering growth and development of larval euphausia superba: an interannual comparison under varying environmental conditions west of the antarctic peninsula,observation,years,"autumn, winter",2001-2002,Antarctic Peninsula,growth rate winter 2001,Reeve net,mm d-1,10,larvae,0,"parameter, validation",overwintering,state_var,tissue_reserves_carbs
Daly (2004),overwintering growth and development of larval euphausia superba: an interannual comparison under varying environmental conditions west of the antarctic peninsula,observation,years,"autumn, winter",2001-2002,Antarctic Peninsula,growth rate winter 2001,Reeve net,mm d-1,10,larvae,0,"parameter, validation",overwintering,state_var,tissue_reserves_proteins
Daly (2004),overwintering growth and development of larval euphausia superba: an interannual comparison under varying environmental conditions west of the antarctic peninsula,observation,years,"autumn, winter",2001-2002,Antarctic Peninsula,growth rate winter 2001,Reeve net,mm d-1,10,larvae,0,"parameter, validation",overwintering,state_var,tissue_reserves_lipids
Daly (2004),overwintering growth and development of larval euphausia superba: an interannual comparison under varying environmental conditions west of the antarctic peninsula,observation,years,"autumn, winter",2001-2002,Antarctic Peninsula,growth rate winter 2001,Reeve net,mm d-1,11,larvae,0.005,"parameter, validation",overwintering,state_var,tissue_reserves_carbs
Daly (2004),overwintering growth and development of larval euphausia superba: an interannual comparison under varying environmental conditions west of the antarctic peninsula,observation,years,"autumn, winter",2001-2002,Antarctic Peninsula,growth rate winter 2001,Reeve net,mm d-1,11,larvae,0.005,"parameter, validation",overwintering,state_var,tissue_reserves_proteins
Daly (2004),overwintering growth and development of larval euphausia superba: an interannual comparison under varying environmental conditions west of the antarctic peninsula,observation,years,"autumn, winter",2001-2002,Antarctic Peninsula,growth rate winter 2001,Reeve net,mm d-1,11,larvae,0.005,"parameter, validation",overwintering,state_var,tissue_reserves_lipids
Daly (2004),overwintering growth and development of larval euphausia superba: an interannual comparison under varying environmental conditions west of the antarctic peninsula,observation,years,"autumn, winter",2001-2002,Antarctic Peninsula,IMP winter 2002,Reeve net,days,12,larvae,40,"parameter, validation",overwintering,function,maintenance _moulting
Daly (2004),overwintering growth and development of larval euphausia superba: an interannual comparison under varying environmental conditions west of the antarctic peninsula,observation,years,"autumn, winter",2001-2002,Antarctic Peninsula,IMP winter 2002,Reeve net,days,9,larvae,61,"parameter, validation",overwintering,function,maintenance _moulting
Daly (2004),overwintering growth and development of larval euphausia superba: an interannual comparison under varying environmental conditions west of the antarctic peninsula,observation,years,"autumn, winter",2001-2002,Antarctic Peninsula,growth rate winter 2002,Reeve net,mm d-1,12,larvae,0.013,"parameter, validation",overwintering,state_var,tissue_reserves_carbs
Daly (2004),overwintering growth and development of larval euphausia superba: an interannual comparison under varying environmental conditions west of the antarctic peninsula,observation,years,"autumn, winter",2001-2002,Antarctic Peninsula,growth rate winter 2002,Reeve net,mm d-1,12,larvae,0.013,"parameter, validation",overwintering,state_var,tissue_reserves_proteins
Daly (2004),overwintering growth and development of larval euphausia superba: an interannual comparison under varying environmental conditions west of the antarctic peninsula,observation,years,"autumn, winter",2001-2002,Antarctic Peninsula,growth rate winter 2002,Reeve net,mm d-1,12,larvae,0.013,"parameter, validation",overwintering,state_var,tissue_reserves_lipids
Daly (2004),overwintering growth and development of larval euphausia superba: an interannual comparison under varying environmental conditions west of the antarctic peninsula,observation,years,"autumn, winter",2001-2002,Antarctic Peninsula,growth rate winter 2002,Reeve net,mm d-1,9,larvae,0,"parameter, validation",overwintering,state_var,tissue_reserves_carbs
Daly (2004),overwintering growth and development of larval euphausia superba: an interannual comparison under varying environmental conditions west of the antarctic peninsula,observation,years,"autumn, winter",2001-2002,Antarctic Peninsula,growth rate winter 2002,Reeve net,mm d-1,9,larvae,0,"parameter, validation",overwintering,state_var,tissue_reserves_proteins
Daly (2004),overwintering growth and development of larval euphausia superba: an interannual comparison under varying environmental conditions west of the antarctic peninsula,observation,years,"autumn, winter",2001-2002,Antarctic Peninsula,growth rate winter 2002,Reeve net,mm d-1,9,larvae,0,"parameter, validation",overwintering,state_var,tissue_reserves_lipids
"putland, j; sutton, t (2011)",survey of larval euphausia superba lipid content along the western antarctic peninsula during late autumn 2006,observation,months,autumn,2006,Antarctic Peninsula,individual mass,measurement,mg DW per individual,10,"larvae, furcilia 4",0.85,"parameter, validation",overwintering,state_var,tissue_reserves_carbs
"putland, j; sutton, t (2011)",survey of larval euphausia superba lipid content along the western antarctic peninsula during late autumn 2006,observation,months,autumn,2006,Antarctic Peninsula,individual mass,measurement,mg DW per individual,10,"larvae, furcilia 4",0.85,"parameter, validation",overwintering,state_var,tissue_reserves_proteins
"putland, j; sutton, t (2011)",survey of larval euphausia superba lipid content along the western antarctic peninsula during late autumn 2006,observation,months,autumn,2006,Antarctic Peninsula,individual mass,measurement,mg DW per individual,10,"larvae, furcilia 4",0.85,"parameter, validation",overwintering,state_var,tissue_reserves_lipids
"putland, j; sutton, t (2011)",survey of larval euphausia superba lipid content along the western antarctic peninsula during late autumn 2006,observation,months,autumn,2006,Antarctic Peninsula,lipid content,measurement,% DW,10,"larvae, furcilia 4",27.9,"parameter, validation",overwintering,state_var,tissue_reserves_lipids
"putland, j; sutton, t (2011)",survey of larval euphausia superba lipid content along the western antarctic peninsula during late autumn 2006,observation,months,autumn,2006,Antarctic Peninsula,individual mass,measurement,mg DW per individual,29,"larvae, furcilia 6",1.51,"parameter, validation",overwintering,state_var,tissue_reserves_carbs
"putland, j; sutton, t (2011)",survey of larval euphausia superba lipid content along the western antarctic peninsula during late autumn 2006,observation,months,autumn,2006,Antarctic Peninsula,individual mass,measurement,mg DW per individual,29,"larvae, furcilia 6",1.51,"parameter, validation",overwintering,state_var,tissue_reserves_proteins
"putland, j; sutton, t (2011)",survey of larval euphausia superba lipid content along the western antarctic peninsula during late autumn 2006,observation,months,autumn,2006,Antarctic Peninsula,individual mass,measurement,mg DW per individual,29,"larvae, furcilia 6",1.51,"parameter, validation",overwintering,state_var,tissue_reserves_lipids
"putland, j; sutton, t (2011)",survey of larval euphausia superba lipid content along the western antarctic peninsula during late autumn 2006,observation,months,autumn,2006,Antarctic Peninsula,lipid content,measurement,% DW,29,"larvae, furcilia 6",21.6,"parameter, validation",overwintering,state_var,tissue_reserves_lipids
Schaafsma et al. (2017),"spatio-temporal variability in the winter diet of larval and juvenile antarctic krill, euphausia superba, in ice-covered waters",observation,weeks,winter,2013,Weddell Sea,carbon content,SUIT,% dry mass,NA,"larvae, juvenile",40.6,"parameter, validation",overwintering,state_var,tissue_reserves_carbs
Schaafsma et al. (2017),"spatio-temporal variability in the winter diet of larval and juvenile antarctic krill, euphausia superba, in ice-covered waters",observation,weeks,winter,2013,Weddell Sea,carbon content,SUIT,% dry mass,NA,"larvae, juvenile",39.06,"parameter, validation",overwintering,state_var,tissue_reserves_carbs
Schaafsma et al. (2017),"spatio-temporal variability in the winter diet of larval and juvenile antarctic krill, euphausia superba, in ice-covered waters",observation,weeks,winter,2013,Weddell Sea,carbon content,SUIT,% dry mass,NA,"larvae, juvenile",39.32,"parameter, validation",overwintering,state_var,tissue_reserves_carbs
Schaafsma et al. (2017),"spatio-temporal variability in the winter diet of larval and juvenile antarctic krill, euphausia superba, in ice-covered waters",observation,weeks,winter,2013,Weddell Sea,carbon content,SUIT,% dry mass,NA,"larvae, juvenile",34.61,"parameter, validation",overwintering,state_var,tissue_reserves_carbs
Schaafsma et al. (2017),"spatio-temporal variability in the winter diet of larval and juvenile antarctic krill, euphausia superba, in ice-covered waters",observation,weeks,winter,2013,Weddell Sea,nitrogen content,SUIT,% dry mass,NA,"larvae, juvenile",10.12,"parameter, validation",overwintering,state_var,tissue_reserves_proteins
Schaafsma et al. (2017),"spatio-temporal variability in the winter diet of larval and juvenile antarctic krill, euphausia superba, in ice-covered waters",observation,weeks,winter,2013,Weddell Sea,nitrogen content,SUIT,% dry mass,NA,"larvae, juvenile",10.12,"parameter, validation",overwintering,state_var,tissue_reserves_lipids
Schaafsma et al. (2017),"spatio-temporal variability in the winter diet of larval and juvenile antarctic krill, euphausia superba, in ice-covered waters",observation,weeks,winter,2013,Weddell Sea,nitrogen content,SUIT,% dry mass,NA,"larvae, juvenile",10.59,"parameter, validation",overwintering,state_var,tissue_reserves_proteins
Schaafsma et al. (2017),"spatio-temporal variability in the winter diet of larval and juvenile antarctic krill, euphausia superba, in ice-covered waters",observation,weeks,winter,2013,Weddell Sea,nitrogen content,SUIT,% dry mass,NA,"larvae, juvenile",10.59,"parameter, validation",overwintering,state_var,tissue_reserves_lipids
Schaafsma et al. (2017),"spatio-temporal variability in the winter diet of larval and juvenile antarctic krill, euphausia superba, in ice-covered waters",observation,weeks,winter,2013,Weddell Sea,nitrogen content,SUIT,% dry mass,NA,"larvae, juvenile",10.2,"parameter, validation",overwintering,state_var,tissue_reserves_proteins
Schaafsma et al. (2017),"spatio-temporal variability in the winter diet of larval and juvenile antarctic krill, euphausia superba, in ice-covered waters",observation,weeks,winter,2013,Weddell Sea,nitrogen content,SUIT,% dry mass,NA,"larvae, juvenile",10.2,"parameter, validation",overwintering,state_var,tissue_reserves_lipids
Schaafsma et al. (2017),"spatio-temporal variability in the winter diet of larval and juvenile antarctic krill, euphausia superba, in ice-covered waters",observation,weeks,winter,2013,Weddell Sea,nitrogen content,SUIT,% dry mass,NA,"larvae, juvenile",9.81,"parameter, validation",overwintering,state_var,tissue_reserves_proteins
Schaafsma et al. (2017),"spatio-temporal variability in the winter diet of larval and juvenile antarctic krill, euphausia superba, in ice-covered waters",observation,weeks,winter,2013,Weddell Sea,nitrogen content,SUIT,% dry mass,NA,"larvae, juvenile",9.81,"parameter, validation",overwintering,state_var,tissue_reserves_lipids
Schaafsma et al. (2017),"spatio-temporal variability in the winter diet of larval and juvenile antarctic krill, euphausia superba, in ice-covered waters",observation,weeks,winter,2013,Weddell Sea,total fatty acid content,SUIT,% dry mass,NA,"larvae, juvenile",12.48,"parameter, validation",overwintering,state_var,tissue_reserves_lipids
Schaafsma et al. (2017),"spatio-temporal variability in the winter diet of larval and juvenile antarctic krill, euphausia superba, in ice-covered waters",observation,weeks,winter,2013,Weddell Sea,total fatty acid content,SUIT,% dry mass,NA,"larvae, juvenile",19.5,"parameter, validation",overwintering,state_var,tissue_reserves_lipids
Schaafsma et al. (2017),"spatio-temporal variability in the winter diet of larval and juvenile antarctic krill, euphausia superba, in ice-covered waters",observation,weeks,winter,2013,Weddell Sea,total fatty acid content,SUIT,% dry mass,NA,"larvae, juvenile",2.63,"parameter, validation",overwintering,state_var,tissue_reserves_lipids
Daly (1990),"overwintering development, growth, and feeding of larval euphausia-superba in the antarctic marginal ice-zone",observation,months,winter,1988,Scotia Sea,length weight regression krill 9-50mm,plummet nets,mg,NA,"larvae, juvenile, adult",wetWeight=1.02*10^(-3)*Length_mm^3.49,parameter,overwintering,state_var,tissue_reserves_carbs
Daly (1990),"overwintering development, growth, and feeding of larval euphausia-superba in the antarctic marginal ice-zone",observation,months,winter,1988,Scotia Sea,length weight regression krill 9-50mm,plummet nets,mg,NA,"larvae, juvenile, adult",wetWeight=1.02*10^(-3)*Length_mm^3.49,parameter,overwintering,state_var,tissue_reserves_proteins
Daly (1990),"overwintering development, growth, and feeding of larval euphausia-superba in the antarctic marginal ice-zone",observation,months,winter,1988,Scotia Sea,length weight regression krill 9-50mm,plummet nets,mg,NA,"larvae, juvenile, adult",wetWeight=1.02*10^(-3)*Length_mm^3.49,parameter,overwintering,state_var,tissue_reserves_lipids
"Frazer, T. K (2002)","energetic demands of larval krill, euphausia superba, in winter",observation,years,winter,1987-1994,Antarctic Peninsula,oxygenConsumptionRateIceHabitatMean,observation,mulO2 mgWetMass-1 h-1,46,"larvae, juveniles",0.105,"parameter, validation",overwintering,function,maintenance _respiration
"Frazer, T. K (2002)","energetic demands of larval krill, euphausia superba, in winter",observation,years,winter,1987-1994,Antarctic Peninsula,oxygenConsumptionRateOpenWaterMean,observation,mulO2 mgWetMass-1 h-1,36,"larvae, juveniles",0.068,"parameter, validation",overwintering,function,maintenance _respiration
"Frazer, T. K (2002)","energetic demands of larval krill, euphausia superba, in winter",observation,months,winter,1993,Antarctic Peninsula,oxygenConsumptionRateFed,observation,mulO2 mgWetMass-1 h-1,15,"larvae, juveniles",0.13,"parameter, validation",overwintering,function,maintenance _respiration
"Frazer, T. K (2002)","energetic demands of larval krill, euphausia superba, in winter",observation,months,winter,1993,Antarctic Peninsula,oxygenConsumptionRateFed,observation,mulO2 mgWetMass-1 h-1,15,"larvae, juveniles",0.13,"parameter, validation",overwintering,function,maintenance _respiration
"Frazer, T. K (2002)","energetic demands of larval krill, euphausia superba, in winter",observation,months,winter,1993,Antarctic Peninsula,oxygenConsumptionRateFed,observation,mulO2 mgWetMass-1 h-1,22,"larvae, juveniles",0.164,"parameter, validation",overwintering,function,maintenance _respiration
"Frazer, T. K (2002)","energetic demands of larval krill, euphausia superba, in winter",observation,months,winter,1993,Antarctic Peninsula,oxygenConsumptionRateFed,observation,mulO2 mgWetMass-1 h-1,22,"larvae, juveniles",0.164,"parameter, validation",overwintering,function,maintenance _respiration
"Frazer, T. K (2002)","energetic demands of larval krill, euphausia superba, in winter",observation,months,winter,1993,Antarctic Peninsula,oxygenConsumptionRateFed,observation,mulO2 mgWetMass-1 h-1,32,"larvae, juveniles",0.168,"parameter, validation",overwintering,function,maintenance _respiration
"Frazer, T. K (2002)","energetic demands of larval krill, euphausia superba, in winter",observation,months,winter,1993,Antarctic Peninsula,oxygenConsumptionRateFed,observation,mulO2 mgWetMass-1 h-1,32,"larvae, juveniles",0.168,"parameter, validation",overwintering,function,maintenance _respiration
"Frazer, T. K (2002)","energetic demands of larval krill, euphausia superba, in winter",observation,months,winter,1993,Antarctic Peninsula,oxygenConsumptionRateStarved,observation,mulO2 mgWetMass-1 h-1,8,"larvae, juveniles",0.065,"parameter, validation",overwintering,function,maintenance _respiration
"Frazer, T. K (2002)","energetic demands of larval krill, euphausia superba, in winter",observation,months,winter,1993,Antarctic Peninsula,oxygenConsumptionRateStarved,observation,mulO2 mgWetMass-1 h-1,8,"larvae, juveniles",0.065,"parameter, validation",overwintering,function,maintenance _respiration
"Frazer, T. K (2002)","energetic demands of larval krill, euphausia superba, in winter",observation,months,winter,1993,Antarctic Peninsula,oxygenConsumptionRateStarved,observation,mulO2 mgWetMass-1 h-1,12,"larvae, juveniles",0.083,"parameter, validation",overwintering,function,maintenance _respiration
"Frazer, T. K (2002)","energetic demands of larval krill, euphausia superba, in winter",observation,months,winter,1993,Antarctic Peninsula,oxygenConsumptionRateStarved,observation,mulO2 mgWetMass-1 h-1,12,"larvae, juveniles",0.083,"parameter, validation",overwintering,function,maintenance _respiration
"David, C. L. (2021)",sea-ice habitat minimizes grazing impact and predation risk for larval antarctic krill,observation,months,"winter, spring",2003,WeddellScotiaInfluenceZone,grazingImpactKrillLarvaeSeaIceInterface,observation,%Chla d-1,11,"larvae, juveniles",0.001-0.071,"parameter, validation",overwintering,function,ingestion
"David, C. L. (2021)",sea-ice habitat minimizes grazing impact and predation risk for larval antarctic krill,observation,months,"winter, spring",2003,WeddellScotiaInfluenceZone,grazingImpactKrillLarvaeWaterColumn,observation,%Chla d-1,9,"larvae, juveniles",0.001-0.013,"parameter, validation",overwintering,function,ingestion
"Hofmann, E. F. and Lascara, C. M. (2000)",modeling the growth dynamics of antarctic krill euphausia superba,model,years,"summer, autumn, winter, spring",NA,Antarctic Peninsula,dryWeightToFiltrationRateFR0,reference,m3 d-1 mgDW-1,8,"larvae, juveniles",0.00085,"parameter, validation",overwintering,function,ingestion
"Hofmann, E. F. and Lascara, C. M. (2000)",modeling the growth dynamics of antarctic krill euphausia superba,model,years,"summer, autumn, winter, spring",NA,Antarctic Peninsula,dryWeightToFiltrationRateExponent,reference,NA,8,"larvae, juveniles",0.825,"parameter, validation",overwintering,function,ingestion
"Groeneveld, J. et al. (2015)",how biological clocks and changing environmental conditions determine local population growth and species distribution in antarctic krill (euphausia superba): a conceptual model,model,years,NA,NA,NA,metabolicSwitchingDayLength,mechanistic model,hours,NA,"larvae, juveniles, adults",12,parameter,overwintering,function,maintenance _respiration
"Groeneveld, J. et al. (2015)",how biological clocks and changing environmental conditions determine local population growth and species distribution in antarctic krill (euphausia superba): a conceptual model,model,years,NA,NA,NA,halfSaturationFoodDensity,mechanistic model,NA,NA,"larvae, juveniles, adults",1,parameter,overwintering,function,ingestion
"Groeneveld, J. et al. (2015)",how biological clocks and changing environmental conditions determine local population growth and species distribution in antarctic krill (euphausia superba): a conceptual model,model,years,NA,NA,NA,dailyBertalanffyGrowthRate,mechanistic model,mm d-1,NA,"larvae, juveniles, adults",0.03,parameter,overwintering,state_var,tissue_reserves_carbs
"Groeneveld, J. et al. (2015)",how biological clocks and changing environmental conditions determine local population growth and species distribution in antarctic krill (euphausia superba): a conceptual model,model,years,NA,NA,NA,dailyBertalanffyGrowthRate,mechanistic model,mm d-1,NA,"larvae, juveniles, adults",0.03,parameter,overwintering,state_var,tissue_reserves_proteins
"Groeneveld, J. et al. (2015)",how biological clocks and changing environmental conditions determine local population growth and species distribution in antarctic krill (euphausia superba): a conceptual model,model,years,NA,NA,NA,dailyBertalanffyGrowthRate,mechanistic model,mm d-1,NA,"larvae, juveniles, adults",0.03,parameter,overwintering,state_var,tissue_reserves_lipids
"Hofmann, E. F. and Lascara, C. M. (2000)",modeling the growth dynamics of antarctic krill euphausia superba,model,years,"summer, autumn, winter, spring",NA,Antarctic Peninsula,lengthToWetWeightWW0,reference,mm mgWW-1,615,"larvae, juveniles, adults",0.0072,"parameter, validation",overwintering,state_var,tissue_reserves_carbs
"Hofmann, E. F. and Lascara, C. M. (2000)",modeling the growth dynamics of antarctic krill euphausia superba,model,years,"summer, autumn, winter, spring",NA,Antarctic Peninsula,lengthToWetWeightWW0,reference,mm mgWW-1,615,"larvae, juveniles, adults",0.0072,"parameter, validation",overwintering,state_var,tissue_reserves_proteins
"Hofmann, E. F. and Lascara, C. M. (2000)",modeling the growth dynamics of antarctic krill euphausia superba,model,years,"summer, autumn, winter, spring",NA,Antarctic Peninsula,lengthToWetWeightWW0,reference,mm mgWW-1,615,"larvae, juveniles, adults",0.0072,"parameter, validation",overwintering,state_var,tissue_reserves_lipids
"Hofmann, E. F. and Lascara, C. M. (2000)",modeling the growth dynamics of antarctic krill euphausia superba,model,years,"summer, autumn, winter, spring",NA,Antarctic Peninsula,wetWeightToDryWeightConversionConstant,reference,mgDW mgWW-1,NA,"larvae, juveniles, adults",0.216,"parameter, validation",overwintering,state_var,tissue_reserves_carbs
"Hofmann, E. F. and Lascara, C. M. (2000)",modeling the growth dynamics of antarctic krill euphausia superba,model,years,"summer, autumn, winter, spring",NA,Antarctic Peninsula,wetWeightToDryWeightConversionConstant,reference,mgDW mgWW-1,NA,"larvae, juveniles, adults",0.216,"parameter, validation",overwintering,state_var,tissue_reserves_proteins
"Hofmann, E. F. and Lascara, C. M. (2000)",modeling the growth dynamics of antarctic krill euphausia superba,model,years,"summer, autumn, winter, spring",NA,Antarctic Peninsula,wetWeightToDryWeightConversionConstant,reference,mgDW mgWW-1,NA,"larvae, juveniles, adults",0.216,"parameter, validation",overwintering,state_var,tissue_reserves_lipids
"Hofmann, E. F. and Lascara, C. M. (2000)",modeling the growth dynamics of antarctic krill euphausia superba,model,years,"summer, autumn, winter, spring",NA,Antarctic Peninsula,dryWeightToCarbonWeightDW0,reference,NA,23,"larvae, juveniles, adults",0.366,"parameter, validation",overwintering,state_var,tissue_reserves_carbs
"Hofmann, E. F. and Lascara, C. M. (2000)",modeling the growth dynamics of antarctic krill euphausia superba,model,years,"summer, autumn, winter, spring",NA,Antarctic Peninsula,dryWeightToCarbonWeightDW0,reference,NA,23,"larvae, juveniles, adults",0.366,"parameter, validation",overwintering,state_var,tissue_reserves_proteins
"Hofmann, E. F. and Lascara, C. M. (2000)",modeling the growth dynamics of antarctic krill euphausia superba,model,years,"summer, autumn, winter, spring",NA,Antarctic Peninsula,dryWeightToCarbonWeightDW0,reference,NA,23,"larvae, juveniles, adults",0.366,"parameter, validation",overwintering,state_var,tissue_reserves_lipids
"Hofmann, E. F. and Lascara, C. M. (2000)",modeling the growth dynamics of antarctic krill euphausia superba,model,years,"summer, autumn, winter, spring",NA,Antarctic Peninsula,dryWeightToCarbonWeightExponent,reference,mgC mgDW-1,23,"larvae, juveniles, adults",1.037,"parameter, validation",overwintering,state_var,tissue_reserves_carbs
"Hofmann, E. F. and Lascara, C. M. (2000)",modeling the growth dynamics of antarctic krill euphausia superba,model,years,"summer, autumn, winter, spring",NA,Antarctic Peninsula,dryWeightToCarbonWeightExponent,reference,mgC mgDW-1,23,"larvae, juveniles, adults",1.037,"parameter, validation",overwintering,state_var,tissue_reserves_proteins
"Hofmann, E. F. and Lascara, C. M. (2000)",modeling the growth dynamics of antarctic krill euphausia superba,model,years,"summer, autumn, winter, spring",NA,Antarctic Peninsula,dryWeightToCarbonWeightExponent,reference,mgC mgDW-1,23,"larvae, juveniles, adults",1.037,"parameter, validation",overwintering,state_var,tissue_reserves_lipids
"Hofmann, E. F. and Lascara, C. M. (2000)",modeling the growth dynamics of antarctic krill euphausia superba,model,years,"summer, autumn, winter, spring",NA,Antarctic Peninsula,dryWeightToRespirationRateRR0,reference,muL h-1 mgDW-1,NA,"larvae, juveniles, adults",0.847,"parameter, validation",overwintering,function,maintenance _respiration
"Hofmann, E. F. and Lascara, C. M. (2000)",modeling the growth dynamics of antarctic krill euphausia superba,model,years,"summer, autumn, winter, spring",NA,Antarctic Peninsula,dryWeightToRespirationRateExponent,reference,NA,NA,"larvae, juveniles, adults",0.85,"parameter, validation",overwintering,function,maintenance _respiration
"Hofmann, E. F. and Lascara, C. M. (2000)",modeling the growth dynamics of antarctic krill euphausia superba,model,years,"summer, autumn, winter, spring",NA,Antarctic Peninsula,seaIceAlgaeForagingFraction,NA,NA,NA,"larvae, juveniles, adults",0.05,parameter,overwintering,function,ingestion
"Hofmann, E. F. and Lascara, C. M. (2000)",modeling the growth dynamics of antarctic krill euphausia superba,model,years,"summer, autumn, winter, spring",NA,Antarctic Peninsula,seaIceAlgaeForagingFraction,NA,NA,NA,"larvae, juveniles, adults",0.05,parameter,overwintering,function,assimilation
"Hofmann, E. F. and Lascara, C. M. (2000)",modeling the growth dynamics of antarctic krill euphausia superba,model,years,"summer, autumn, winter, spring",NA,Antarctic Peninsula,assimilationEfficiency,reference,mgCW mgC-1,NA,"larvae, juveniles, adults",0.8,parameter,overwintering,function,assimilation
"Hofmann, E. F. and Lascara, C. M. (2000)",modeling the growth dynamics of antarctic krill euphausia superba,model,years,"summer, autumn, winter, spring",NA,Antarctic Peninsula,assimilationEfficiency,reference,mgCW mgC-1,NA,"larvae, juveniles, adults",0.8,parameter,overwintering,function,assimilation
"Hofmann, E. F. and Lascara, C. M. (2000)",modeling the growth dynamics of antarctic krill euphausia superba,model,years,"summer, autumn, winter, spring",NA,Antarctic Peninsula,assimilationEfficiency,reference,mgCW mgC-1,NA,"larvae, juveniles, adults",0.8,parameter,overwintering,function,assimilation
"Hofmann, E. F. and Lascara, C. M. (2000)",modeling the growth dynamics of antarctic krill euphausia superba,model,years,"summer, autumn, winter, spring",NA,Antarctic Peninsula,oxygenToCarbonConversion,reference,mgC mlO2-1,NA,"larvae, juveniles, adults",0.5357,parameter,overwintering,function,maintenance _respiration
"Hofmann, E. F. and Lascara, C. M. (2000)",modeling the growth dynamics of antarctic krill euphausia superba,model,years,"summer, autumn, winter, spring",NA,Antarctic Peninsula,feedingActivityFactor,reference,NA,NA,"larvae, juveniles, adults",0-1,parameter,overwintering,function,ingestion
"Hofmann, E. F. and Lascara, C. M. (2000)",modeling the growth dynamics of antarctic krill euphausia superba,model,years,"summer, autumn, winter, spring",NA,Antarctic Peninsula,seasonalActivityFactorSummer,reference,NA,NA,"larvae, juveniles, adults",0,parameter,overwintering,function,maintenance _respiration
"Hofmann, E. F. and Lascara, C. M. (2000)",modeling the growth dynamics of antarctic krill euphausia superba,model,years,"summer, autumn, winter, spring",NA,Antarctic Peninsula,seasonalActivityFactorSummer,reference,NA,NA,"larvae, juveniles, adults",0,parameter,overwintering,function,ingestion
"Hofmann, E. F. and Lascara, C. M. (2000)",modeling the growth dynamics of antarctic krill euphausia superba,model,years,"summer, autumn, winter, spring",NA,Antarctic Peninsula,seasonalActivityFactorWinter,reference,NA,NA,"larvae, juveniles, adults",-0.5,parameter,overwintering,function,maintenance _respiration
"Hofmann, E. F. and Lascara, C. M. (2000)",modeling the growth dynamics of antarctic krill euphausia superba,model,years,"summer, autumn, winter, spring",NA,Antarctic Peninsula,seasonalActivityFactorWinter,reference,NA,NA,"larvae, juveniles, adults",-0.5,parameter,overwintering,function,ingestion
"Hofmann, E. F. and Lascara, C. M. (2000)",modeling the growth dynamics of antarctic krill euphausia superba,model,years,"summer, autumn, winter, spring",NA,Antarctic Peninsula,seasonalActivityFactorTransition,reference,NA,NA,"larvae, juveniles, adults",-0.5-0,parameter,overwintering,function,maintenance _respiration
"Hofmann, E. F. and Lascara, C. M. (2000)",modeling the growth dynamics of antarctic krill euphausia superba,model,years,"summer, autumn, winter, spring",NA,Antarctic Peninsula,seasonalActivityFactorTransition,reference,NA,NA,"larvae, juveniles, adults",-0.5-0,parameter,overwintering,function,ingestion
"Hofmann, E. F. and Lascara, C. M. (2000)",modeling the growth dynamics of antarctic krill euphausia superba,model,years,"summer, autumn, winter, spring",NA,Antarctic Peninsula,lengthToWetWeightLExponent,reference,NA,615,"larvae,juveniles, adults",3.021,"parameter, validation",overwintering,state_var,tissue_reserves_carbs
"Hofmann, E. F. and Lascara, C. M. (2000)",modeling the growth dynamics of antarctic krill euphausia superba,model,years,"summer, autumn, winter, spring",NA,Antarctic Peninsula,lengthToWetWeightLExponent,reference,NA,615,"larvae,juveniles, adults",3.021,"parameter, validation",overwintering,state_var,tissue_reserves_proteins
"Hofmann, E. F. and Lascara, C. M. (2000)",modeling the growth dynamics of antarctic krill euphausia superba,model,years,"summer, autumn, winter, spring",NA,Antarctic Peninsula,lengthToWetWeightLExponent,reference,NA,615,"larvae,juveniles, adults",3.021,"parameter, validation",overwintering,state_var,tissue_reserves_lipids
Schmidt et al. (2014),"Feeding and overwintering of antarctic krill across its major habitats: the role of sea ice cover, water depth, and phytoplankton abundance",hybrid,years,winter,2006,Lazarev Sea,fatty acid 16:4(n-1) (diatom indicating FA),measurement,µg / [mg dry mass],NA,NA,0.2,"parameter, validation",overwintering,function,ingestion
Schmidt et al. (2014),"Feeding and overwintering of antarctic krill across its major habitats: the role of sea ice cover, water depth, and phytoplankton abundance",hybrid,years,winter,2006,Lazarev Sea,fatty acid 16:4(n-1) (diatom indicating FA),measurement,µg / [mg dry mass],NA,NA,0.2,"parameter, validation",overwintering,function,assimilation
Schmidt et al. (2014),"Feeding and overwintering of antarctic krill across its major habitats: the role of sea ice cover, water depth, and phytoplankton abundance",hybrid,years,winter,2006,Bransfield Strait,fatty acid 16:4(n-1) (diatom indicating FA),measurement,µg / [mg dry mass],NA,NA,0.6,"parameter, validation",overwintering,function,ingestion
Schmidt et al. (2014),"Feeding and overwintering of antarctic krill across its major habitats: the role of sea ice cover, water depth, and phytoplankton abundance",hybrid,years,winter,2006,Bransfield Strait,fatty acid 16:4(n-1) (diatom indicating FA),measurement,µg / [mg dry mass],NA,NA,0.6,"parameter, validation",overwintering,function,assimilation
Schmidt et al. (2014),"Feeding and overwintering of antarctic krill across its major habitats: the role of sea ice cover, water depth, and phytoplankton abundance",hybrid,years,winter,2006,South Georgia,fatty acid 16:4(n-1) (diatom indicating FA),measurement,µg / [mg dry mass],NA,NA,0.4,"parameter, validation",overwintering,function,ingestion
Schmidt et al. (2014),"Feeding and overwintering of antarctic krill across its major habitats: the role of sea ice cover, water depth, and phytoplankton abundance",hybrid,years,winter,2006,South Georgia,fatty acid 16:4(n-1) (diatom indicating FA),measurement,µg / [mg dry mass],NA,NA,0.4,"parameter, validation",overwintering,function,assimilation
Schmidt et al. (2014),"Feeding and overwintering of antarctic krill across its major habitats: the role of sea ice cover, water depth, and phytoplankton abundance",hybrid,years,winter,2006,Lazarev Sea,fatty acid 18:4(n-3) (flagellate indicating FA),measurement,µg / [mg dry mass],NA,NA,1,"parameter, validation",overwintering,function,ingestion
Schmidt et al. (2014),"Feeding and overwintering of antarctic krill across its major habitats: the role of sea ice cover, water depth, and phytoplankton abundance",hybrid,years,winter,2006,Lazarev Sea,fatty acid 18:4(n-3) (flagellate indicating FA),measurement,µg / [mg dry mass],NA,NA,1,"parameter, validation",overwintering,function,assimilation
Schmidt et al. (2014),"Feeding and overwintering of antarctic krill across its major habitats: the role of sea ice cover, water depth, and phytoplankton abundance",hybrid,years,winter,2006,Bransfield Strait,fatty acid 18:4(n-3) (flagellate indicating FA),measurement,µg / [mg dry mass],NA,NA,1.7,"parameter, validation",overwintering,function,ingestion
Schmidt et al. (2014),"Feeding and overwintering of antarctic krill across its major habitats: the role of sea ice cover, water depth, and phytoplankton abundance",hybrid,years,winter,2006,Bransfield Strait,fatty acid 18:4(n-3) (flagellate indicating FA),measurement,µg / [mg dry mass],NA,NA,1.7,"parameter, validation",overwintering,function,assimilation
Schmidt et al. (2014),"Feeding and overwintering of antarctic krill across its major habitats: the role of sea ice cover, water depth, and phytoplankton abundance",hybrid,years,winter,2006,South Georgia,fatty acid 18:4(n-3) (flagellate indicating FA),measurement,µg / [mg dry mass],NA,NA,1.2,"parameter, validation",overwintering,function,ingestion
Schmidt et al. (2014),"Feeding and overwintering of antarctic krill across its major habitats: the role of sea ice cover, water depth, and phytoplankton abundance",hybrid,years,winter,2006,South Georgia,fatty acid 18:4(n-3) (flagellate indicating FA),measurement,µg / [mg dry mass],NA,NA,1.2,"parameter, validation",overwintering,function,assimilation
Schmidt et al. (2014),"Feeding and overwintering of antarctic krill across its major habitats: the role of sea ice cover, water depth, and phytoplankton abundance",hybrid,years,winter,2006,Lazarev Sea,fatty acid 20:1+22:1 isomers (copepod indicating FA),measurement,µg / [mg dry mass],NA,NA,1.1,"parameter, validation",overwintering,function,ingestion
Schmidt et al. (2014),"Feeding and overwintering of antarctic krill across its major habitats: the role of sea ice cover, water depth, and phytoplankton abundance",hybrid,years,winter,2006,Lazarev Sea,fatty acid 20:1+22:1 isomers (copepod indicating FA),measurement,µg / [mg dry mass],NA,NA,1.1,"parameter, validation",overwintering,function,assimilation
Schmidt et al. (2014),"Feeding and overwintering of antarctic krill across its major habitats: the role of sea ice cover, water depth, and phytoplankton abundance",hybrid,years,winter,2006,Bransfield Strait,fatty acid 20:1+22:1 isomers (copepod indicating FA),measurement,µg / [mg dry mass],NA,NA,1.6,"parameter, validation",overwintering,function,ingestion
Schmidt et al. (2014),"Feeding and overwintering of antarctic krill across its major habitats: the role of sea ice cover, water depth, and phytoplankton abundance",hybrid,years,winter,2006,Bransfield Strait,fatty acid 20:1+22:1 isomers (copepod indicating FA),measurement,µg / [mg dry mass],NA,NA,1.6,"parameter, validation",overwintering,function,assimilation
Schmidt et al. (2014),"Feeding and overwintering of antarctic krill across its major habitats: the role of sea ice cover, water depth, and phytoplankton abundance",hybrid,years,winter,2006,South Georgia,fatty acid 20:1+22:1 isomers (copepod indicating FA),measurement,µg / [mg dry mass],NA,NA,1.2,"parameter, validation",overwintering,function,ingestion
Schmidt et al. (2014),"Feeding and overwintering of antarctic krill across its major habitats: the role of sea ice cover, water depth, and phytoplankton abundance",hybrid,years,winter,2006,South Georgia,fatty acid 20:1+22:1 isomers (copepod indicating FA),measurement,µg / [mg dry mass],NA,NA,1.2,"parameter, validation",overwintering,function,assimilation
Schmidt et al. (2014),"Feeding and overwintering of antarctic krill across its major habitats: the role of sea ice cover, water depth, and phytoplankton abundance",hybrid,years,winter,2006,Lazarev Sea,Lipid content digestive gland,measurement,% dry mass,NA,NA,47.4,"parameter, validation",overwintering,state_var,tissue_reserves_lipids
Schmidt et al. (2014),"Feeding and overwintering of antarctic krill across its major habitats: the role of sea ice cover, water depth, and phytoplankton abundance",hybrid,years,winter,2006,Bransfield Strait,Lipid content digestive gland,measurement,% dry mass,NA,NA,48.4,"parameter, validation",overwintering,state_var,tissue_reserves_lipids
Schmidt et al. (2014),"Feeding and overwintering of antarctic krill across its major habitats: the role of sea ice cover, water depth, and phytoplankton abundance",hybrid,years,winter,2006,South Georgia,Lipid content digestive gland,measurement,% dry mass,NA,NA,36.3,"parameter, validation",overwintering,state_var,tissue_reserves_lipids
Schmidt et al. (2014),"Feeding and overwintering of antarctic krill across its major habitats: the role of sea ice cover, water depth, and phytoplankton abundance",hybrid,years,winter,2006,Lazarev Sea,polyunsaturated fatty acids,measurement,µg / [mg dry mass],NA,NA,19.7,"parameter, validation",overwintering,state_var,tissue_reserves_lipids
Schmidt et al. (2014),"Feeding and overwintering of antarctic krill across its major habitats: the role of sea ice cover, water depth, and phytoplankton abundance",hybrid,years,winter,2006,Bransfield Strait,polyunsaturated fatty acids,measurement,µg / [mg dry mass],NA,NA,25.8,"parameter, validation",overwintering,state_var,tissue_reserves_lipids
Schmidt et al. (2014),"Feeding and overwintering of antarctic krill across its major habitats: the role of sea ice cover, water depth, and phytoplankton abundance",hybrid,years,winter,2006,South Georgia,polyunsaturated fatty acids,measurement,µg / [mg dry mass],NA,NA,22.3,"parameter, validation",overwintering,state_var,tissue_reserves_lipids
Schmidt et al. (2014),"Feeding and overwintering of antarctic krill across its major habitats: the role of sea ice cover, water depth, and phytoplankton abundance",hybrid,years,winter,NA,Lazarev Sea,algae in krill stomach,measurement,%,26,NA,51,correlation,overwintering,function,assimilation
Schmidt et al. (2014),"Feeding and overwintering of antarctic krill across its major habitats: the role of sea ice cover, water depth, and phytoplankton abundance",hybrid,years,winter,NA,Lazarev Sea,algae in krill stomach,measurement,%,26,NA,51,correlation,overwintering,function,ingestion
Schmidt et al. (2014),"Feeding and overwintering of antarctic krill across its major habitats: the role of sea ice cover, water depth, and phytoplankton abundance",hybrid,years,winter,NA,South Georgia,algae in krill stomach,measurement,%,22,NA,83,correlation,overwintering,function,assimilation
Schmidt et al. (2014),"Feeding and overwintering of antarctic krill across its major habitats: the role of sea ice cover, water depth, and phytoplankton abundance",hybrid,years,winter,NA,South Georgia,algae in krill stomach,measurement,%,22,NA,83,correlation,overwintering,function,ingestion
Schmidt et al. (2014),"Feeding and overwintering of antarctic krill across its major habitats: the role of sea ice cover, water depth, and phytoplankton abundance",hybrid,years,winter,NA,Bransfield Strait,algae in krill stomach,measurement,%,19,NA,69,correlation,overwintering,function,assimilation
Schmidt et al. (2014),"Feeding and overwintering of antarctic krill across its major habitats: the role of sea ice cover, water depth, and phytoplankton abundance",hybrid,years,winter,NA,Bransfield Strait,algae in krill stomach,measurement,%,19,NA,69,correlation,overwintering,function,ingestion
Schmidt et al. (2014),"Feeding and overwintering of antarctic krill across its major habitats: the role of sea ice cover, water depth, and phytoplankton abundance",hybrid,years,winter,NA,Lazarev Sea,protozoan in krill stomach,measurement,%,26,NA,17,correlation,overwintering,function,ingestion
Schmidt et al. (2014),"Feeding and overwintering of antarctic krill across its major habitats: the role of sea ice cover, water depth, and phytoplankton abundance",hybrid,years,winter,NA,Lazarev Sea,protozoan in krill stomach,measurement,%,26,NA,17,correlation,overwintering,function,assimilation
Schmidt et al. (2014),"Feeding and overwintering of antarctic krill across its major habitats: the role of sea ice cover, water depth, and phytoplankton abundance",hybrid,years,winter,NA,South Georgia,protozoan in krill stomach,measurement,%,22,NA,7,correlation,overwintering,function,ingestion
Schmidt et al. (2014),"Feeding and overwintering of antarctic krill across its major habitats: the role of sea ice cover, water depth, and phytoplankton abundance",hybrid,years,winter,NA,South Georgia,protozoan in krill stomach,measurement,%,22,NA,7,correlation,overwintering,function,assimilation
Schmidt et al. (2014),"Feeding and overwintering of antarctic krill across its major habitats: the role of sea ice cover, water depth, and phytoplankton abundance",hybrid,years,winter,NA,Bransfield Strait,protozoan in krill stomach,measurement,%,19,NA,87,correlation,overwintering,function,ingestion
Schmidt et al. (2014),"Feeding and overwintering of antarctic krill across its major habitats: the role of sea ice cover, water depth, and phytoplankton abundance",hybrid,years,winter,NA,Bransfield Strait,protozoan in krill stomach,measurement,%,19,NA,87,correlation,overwintering,function,assimilation
Schmidt et al. (2014),"Feeding and overwintering of antarctic krill across its major habitats: the role of sea ice cover, water depth, and phytoplankton abundance",hybrid,years,winter,NA,Lazarev Sea,metazoan in krill stomach,measurement,%,26,NA,32,correlation,overwintering,function,ingestion
Schmidt et al. (2014),"Feeding and overwintering of antarctic krill across its major habitats: the role of sea ice cover, water depth, and phytoplankton abundance",hybrid,years,winter,NA,Lazarev Sea,metazoan in krill stomach,measurement,%,26,NA,32,correlation,overwintering,function,assimilation
Schmidt et al. (2014),"Feeding and overwintering of antarctic krill across its major habitats: the role of sea ice cover, water depth, and phytoplankton abundance",hybrid,years,winter,NA,South Georgia,metazoan in krill stomach,measurement,%,22,NA,10,correlation,overwintering,function,ingestion
Schmidt et al. (2014),"Feeding and overwintering of antarctic krill across its major habitats: the role of sea ice cover, water depth, and phytoplankton abundance",hybrid,years,winter,NA,South Georgia,metazoan in krill stomach,measurement,%,22,NA,10,correlation,overwintering,function,assimilation
Schmidt et al. (2014),"Feeding and overwintering of antarctic krill across its major habitats: the role of sea ice cover, water depth, and phytoplankton abundance",hybrid,years,winter,NA,Bransfield Strait,metazoan in krill stomach,measurement,%,19,NA,4,correlation,overwintering,function,ingestion
Schmidt et al. (2014),"Feeding and overwintering of antarctic krill across its major habitats: the role of sea ice cover, water depth, and phytoplankton abundance",hybrid,years,winter,NA,Bransfield Strait,metazoan in krill stomach,measurement,%,19,NA,4,correlation,overwintering,function,assimilation
Zhou et al (1994),adcp measurements of the distribution and abundance of euphausiids near the antarctic peninsula in winter,hybrid,months,winter,1992,"Gerlache Strait, Antarctic Peninsula",exponential regression: wet weight to body length,derived from observations (MOCNESS sampling),g,37,NA,NA,parameter,overwintering,state_var,tissue_reserves_carbs
Zhou et al (1994),adcp measurements of the distribution and abundance of euphausiids near the antarctic peninsula in winter,hybrid,months,winter,1992,"Gerlache Strait, Antarctic Peninsula",exponential regression: wet weight to body length,derived from observations (MOCNESS sampling),g,37,NA,NA,parameter,overwintering,state_var,tissue_reserves_proteins
Zhou et al (1994),adcp measurements of the distribution and abundance of euphausiids near the antarctic peninsula in winter,hybrid,months,winter,1992,"Gerlache Strait, Antarctic Peninsula",exponential regression: wet weight to body length,derived from observations (MOCNESS sampling),g,37,NA,NA,parameter,overwintering,state_var,tissue_reserves_lipids
Zhou et al (1994),adcp measurements of the distribution and abundance of euphausiids near the antarctic peninsula in winter,hybrid,months,winter,1992,"Gerlache Strait, Antarctic Peninsula",exponential regression: dry weight to body length,derived from observations (MOCNESS sampling),g,37,NA,NA,parameter,overwintering,state_var,tissue_reserves_carbs
Zhou et al (1994),adcp measurements of the distribution and abundance of euphausiids near the antarctic peninsula in winter,hybrid,months,winter,1992,"Gerlache Strait, Antarctic Peninsula",exponential regression: dry weight to body length,derived from observations (MOCNESS sampling),g,37,NA,NA,parameter,overwintering,state_var,tissue_reserves_proteins
Zhou et al (1994),adcp measurements of the distribution and abundance of euphausiids near the antarctic peninsula in winter,hybrid,months,winter,1992,"Gerlache Strait, Antarctic Peninsula",exponential regression: dry weight to body length,derived from observations (MOCNESS sampling),g,37,NA,NA,parameter,overwintering,state_var,tissue_reserves_lipids
Zhou et al (1994),adcp measurements of the distribution and abundance of euphausiids near the antarctic peninsula in winter,hybrid,months,winter,1992,"Gerlache Strait, Antarctic Peninsula",exponential regression: protein weight to body length,derived from observations (MOCNESS sampling),g,37,NA,NA,parameter,overwintering,state_var,tissue_reserves_proteins
Fach et al (2008),biochemically based modeling study of antarctic krill euphausia superba growth and development,model,years,"spring, summer, autumn, winter",NA,Circumpolar,Assimilation efficiency of protein,literature review,%,NA,NA,100,parameter,overwintering,function,assimilation
Fach et al (2008),biochemically based modeling study of antarctic krill euphausia superba growth and development,model,years,"spring, summer, autumn, winter",NA,Circumpolar,Assimilation efficiency of neutral lipid,literature review,%,NA,NA,100,parameter,overwintering,function,assimilation
Fach et al (2008),biochemically based modeling study of antarctic krill euphausia superba growth and development,model,years,"spring, summer, autumn, winter",NA,Circumpolar,Assimilation efficiency of polar lipid,literature review,%,NA,NA,100,parameter,overwintering,function,assimilation
Fach et al (2008),biochemically based modeling study of antarctic krill euphausia superba growth and development,model,years,"spring, summer, autumn, winter",NA,Circumpolar,Assimilation efficiency of carbohydrate,literature review,%,NA,NA,20,parameter,overwintering,function,assimilation
Fach et al (2008),biochemically based modeling study of antarctic krill euphausia superba growth and development,model,years,"spring, summer, autumn, winter",NA,Circumpolar,Protein content (%DW) vs krill dry weight: Protein = 39.3 - 0.02*dry weight,linear regression of values from literature,intercept,233,NA,39.3,"parameter, validation",overwintering,state_var,tissue_reserves_proteins
Fach et al (2008),biochemically based modeling study of antarctic krill euphausia superba growth and development,model,years,"spring, summer, autumn, winter",NA,Circumpolar,Protein content (%DW) vs krill dry weight: Protein = 39.3 - 0.02*dry weight,linear regression of values from literature,slope,233,NA,-0.2,"parameter, validation",overwintering,state_var,tissue_reserves_proteins
Fach et al (2008),biochemically based modeling study of antarctic krill euphausia superba growth and development,model,years,"spring, summer, autumn, winter",NA,Circumpolar,Carbohydrate content (%DW) vs krill dry weight,exponential regression of values from literature,NA,NA,NA,3.3,"parameter, validation",overwintering,state_var,tissue_reserves_carbs
Fach et al (2008),biochemically based modeling study of antarctic krill euphausia superba growth and development,model,years,"spring, summer, autumn, winter",NA,Circumpolar,Ash weight (mg) vs krill dry weight: Ash = 0.94 + 0.12*DW,linear regression of values from literature,intercept,311,NA,0.94,"parameter, validation",overwintering,state_var,tissue_reserves_carbs
Fach et al (2008),biochemically based modeling study of antarctic krill euphausia superba growth and development,model,years,"spring, summer, autumn, winter",NA,Circumpolar,Ash weight (mg) vs krill dry weight: Ash = 0.94 + 0.12*DW,linear regression of values from literature,intercept,311,NA,0.94,"parameter, validation",overwintering,state_var,tissue_reserves_proteins
Fach et al (2008),biochemically based modeling study of antarctic krill euphausia superba growth and development,model,years,"spring, summer, autumn, winter",NA,Circumpolar,Ash weight (mg) vs krill dry weight: Ash = 0.94 + 0.12*DW,linear regression of values from literature,intercept,311,NA,0.94,"parameter, validation",overwintering,state_var,tissue_reserves_lipids
Fach et al (2008),biochemically based modeling study of antarctic krill euphausia superba growth and development,model,years,"spring, summer, autumn, winter",NA,Circumpolar,Ash weight (mg) vs krill dry weight: Ash = 0.94 + 0.12*DW,linear regression of values from literature,slope,311,NA,0.12,"parameter, validation",overwintering,state_var,tissue_reserves_carbs
Fach et al (2008),biochemically based modeling study of antarctic krill euphausia superba growth and development,model,years,"spring, summer, autumn, winter",NA,Circumpolar,Ash weight (mg) vs krill dry weight: Ash = 0.94 + 0.12*DW,linear regression of values from literature,slope,311,NA,0.12,"parameter, validation",overwintering,state_var,tissue_reserves_proteins
Fach et al (2008),biochemically based modeling study of antarctic krill euphausia superba growth and development,model,years,"spring, summer, autumn, winter",NA,Circumpolar,Ash weight (mg) vs krill dry weight: Ash = 0.94 + 0.12*DW,linear regression of values from literature,slope,311,NA,0.12,"parameter, validation",overwintering,state_var,tissue_reserves_lipids
Fach et al (2008),biochemically based modeling study of antarctic krill euphausia superba growth and development,model,years,"spring, summer, autumn, winter",NA,Circumpolar,Ratio tissue carbohydrate:tissue lipid,calculation using literature values,mg mg-1,NA,NA,0.539,"parameter, validation",overwintering,state_var,tissue_reserves_carbs
Fach et al (2008),biochemically based modeling study of antarctic krill euphausia superba growth and development,model,years,"spring, summer, autumn, winter",NA,Circumpolar,Ratio tissue carbohydrate:tissue lipid,calculation using literature values,mg mg-1,NA,NA,0.539,"parameter, validation",overwintering,state_var,tissue_reserves_lipids
Fach et al (2008),biochemically based modeling study of antarctic krill euphausia superba growth and development,model,years,"spring, summer, autumn, winter",NA,Circumpolar,Ratio tissue protein:tissue lipid,calculation using literature values,mg mg-1,NA,NA,0.46,"parameter, validation",overwintering,state_var,tissue_reserves_proteins
Fach et al (2008),biochemically based modeling study of antarctic krill euphausia superba growth and development,model,years,"spring, summer, autumn, winter",NA,Circumpolar,Ratio tissue protein:tissue lipid,calculation using literature values,mg mg-1,NA,NA,0.46,"parameter, validation",overwintering,state_var,tissue_reserves_lipids
